payload_id,payload_role,scenario,obstruction_scenario_id,obstruction_height_m,obstruction_position_fraction,propagation_excess_loss_db,separation_km,dwell_min,relay_altitude_m,direct_clear,relay_hop_1_clear,relay_hop_2_clear,direct_margin_db,relay_hop_1_margin_db,relay_hop_2_margin_db,direct_link_ok,relay_link_ok,payload_mass_kg,payload_dc_power_w,vehicle_numerical_converged,vehicle_numerical_guard,vehicle_math_closed,vehicle_practical_ok,vehicle_practical_failures,gross_mass_kg,rotor_diameter_m,state,boundary_mechanism
PAY-HELIX-NANO,secondary_sensitivity,clear_reference,none,,,0.0,5,10,60.0,True,True,True,11.975,13.994,15.135,True,True,0.15,4.0,True,False,True,True,,3.3838,0.4196,DIRECT_SUFFICIENT,direct_link_clear_and_margin_nonnegative
PAY-HELIX-NANO,secondary_sensitivity,clear_reference,none,,,0.0,5,20,60.0,True,True,True,11.975,13.994,15.135,True,True,0.15,4.0,True,False,True,True,,3.3838,0.4196,DIRECT_SUFFICIENT,direct_link_clear_and_margin_nonnegative
PAY-HELIX-NANO,secondary_sensitivity,clear_reference,none,,,0.0,5,30,60.0,True,True,True,11.975,13.994,15.135,True,True,0.15,4.0,True,False,True,True,,4.4394,0.4806,DIRECT_SUFFICIENT,direct_link_clear_and_margin_nonnegative
PAY-HELIX-NANO,secondary_sensitivity,clear_reference,none,,,0.0,5,45,60.0,True,True,True,11.975,13.994,15.135,True,True,0.15,4.0,True,False,True,False,rotor_diameter|vehicle_span,13.9324,0.8514,DIRECT_SUFFICIENT,direct_link_clear_and_margin_nonnegative
PAY-HELIX-NANO,secondary_sensitivity,clear_reference,none,,,0.0,5,60,60.0,True,True,True,11.975,13.994,15.135,True,True,0.15,4.0,False,True,False,False,,,,DIRECT_SUFFICIENT,direct_link_clear_and_margin_nonnegative
PAY-HELIX-NANO,secondary_sensitivity,clear_reference,none,,,0.0,10,10,60.0,True,True,True,5.955,7.976,9.116,True,True,0.15,4.0,True,False,True,True,,3.3838,0.4196,DIRECT_SUFFICIENT,direct_link_clear_and_margin_nonnegative
PAY-HELIX-NANO,secondary_sensitivity,clear_reference,none,,,0.0,10,20,60.0,True,True,True,5.955,7.976,9.116,True,True,0.15,4.0,True,False,True,True,,3.3838,0.4196,DIRECT_SUFFICIENT,direct_link_clear_and_margin_nonnegative
PAY-HELIX-NANO,secondary_sensitivity,clear_reference,none,,,0.0,10,30,60.0,True,True,True,5.955,7.976,9.116,True,True,0.15,4.0,True,False,True,True,,4.4394,0.4806,DIRECT_SUFFICIENT,direct_link_clear_and_margin_nonnegative
PAY-HELIX-NANO,secondary_sensitivity,clear_reference,none,,,0.0,10,45,60.0,True,True,True,5.955,7.976,9.116,True,True,0.15,4.0,True,False,True,False,rotor_diameter|vehicle_span,13.9324,0.8514,DIRECT_SUFFICIENT,direct_link_clear_and_margin_nonnegative
PAY-HELIX-NANO,secondary_sensitivity,clear_reference,none,,,0.0,10,60,60.0,True,True,True,5.955,7.976,9.116,True,True,0.15,4.0,False,True,False,False,,,,DIRECT_SUFFICIENT,direct_link_clear_and_margin_nonnegative
PAY-HELIX-NANO,secondary_sensitivity,clear_reference,none,,,0.0,20,10,60.0,True,True,True,-0.065,1.956,3.095,False,True,0.15,4.0,True,False,True,True,,3.3838,0.4196,RELAY_BENEFICIAL_AND_FEASIBLE,direct_link_margin_loss_relay_link_margin_extension
PAY-HELIX-NANO,secondary_sensitivity,clear_reference,none,,,0.0,20,20,60.0,True,True,True,-0.065,1.956,3.095,False,True,0.15,4.0,True,False,True,True,,3.3838,0.4196,RELAY_BENEFICIAL_AND_FEASIBLE,direct_link_margin_loss_relay_link_margin_extension
PAY-HELIX-NANO,secondary_sensitivity,clear_reference,none,,,0.0,20,30,60.0,True,True,True,-0.065,1.956,3.095,False,True,0.15,4.0,True,False,True,True,,4.4394,0.4806,RELAY_BENEFICIAL_AND_FEASIBLE,direct_link_margin_loss_relay_link_margin_extension
PAY-HELIX-NANO,secondary_sensitivity,clear_reference,none,,,0.0,20,45,60.0,True,True,True,-0.065,1.956,3.095,False,True,0.15,4.0,True,False,True,False,rotor_diameter|vehicle_span,13.9324,0.8514,MASS_CLOSED_PRACTICAL_CONSTRAINT_FAILURE,finite_closure_exceeds_practical_analysis_boundary
PAY-HELIX-NANO,secondary_sensitivity,clear_reference,none,,,0.0,20,60,60.0,True,True,True,-0.065,1.956,3.095,False,True,0.15,4.0,False,True,False,False,,,,RELAY_FUNCTIONAL_VEHICLE_RESOURCE_FAILURE,endurance_driven_mathematical_nonclosure
PAY-HELIX-NANO,secondary_sensitivity,clear_reference,none,,,0.0,30,10,60.0,True,True,True,-3.587,-1.566,-0.427,False,False,0.15,4.0,True,False,True,True,,3.3838,0.4196,RELAY_CONNECTIVITY_INFEASIBLE,relay_link_margin_failure
PAY-HELIX-NANO,secondary_sensitivity,clear_reference,none,,,0.0,30,20,60.0,True,True,True,-3.587,-1.566,-0.427,False,False,0.15,4.0,True,False,True,True,,3.3838,0.4196,RELAY_CONNECTIVITY_INFEASIBLE,relay_link_margin_failure
PAY-HELIX-NANO,secondary_sensitivity,clear_reference,none,,,0.0,30,30,60.0,True,True,True,-3.587,-1.566,-0.427,False,False,0.15,4.0,True,False,True,True,,4.4394,0.4806,RELAY_CONNECTIVITY_INFEASIBLE,relay_link_margin_failure
PAY-HELIX-NANO,secondary_sensitivity,clear_reference,none,,,0.0,30,45,60.0,True,True,True,-3.587,-1.566,-0.427,False,False,0.15,4.0,True,False,True,False,rotor_diameter|vehicle_span,13.9324,0.8514,RELAY_CONNECTIVITY_INFEASIBLE,relay_link_margin_failure
PAY-HELIX-NANO,secondary_sensitivity,clear_reference,none,,,0.0,30,60,60.0,True,True,True,-3.587,-1.566,-0.427,False,False,0.15,4.0,False,True,False,False,,,,RELAY_CONNECTIVITY_INFEASIBLE,relay_link_margin_failure
PAY-HELIX-NANO,secondary_sensitivity,clear_reference,none,,,0.0,40,10,60.0,True,True,True,-6.085,-4.065,-2.925,False,False,0.15,4.0,True,False,True,True,,3.3838,0.4196,RELAY_CONNECTIVITY_INFEASIBLE,relay_link_margin_failure
PAY-HELIX-NANO,secondary_sensitivity,clear_reference,none,,,0.0,40,20,60.0,True,True,True,-6.085,-4.065,-2.925,False,False,0.15,4.0,True,False,True,True,,3.3838,0.4196,RELAY_CONNECTIVITY_INFEASIBLE,relay_link_margin_failure
PAY-HELIX-NANO,secondary_sensitivity,clear_reference,none,,,0.0,40,30,60.0,True,True,True,-6.085,-4.065,-2.925,False,False,0.15,4.0,True,False,True,True,,4.4394,0.4806,RELAY_CONNECTIVITY_INFEASIBLE,relay_link_margin_failure
PAY-HELIX-NANO,secondary_sensitivity,clear_reference,none,,,0.0,40,45,60.0,True,True,True,-6.085,-4.065,-2.925,False,False,0.15,4.0,True,False,True,False,rotor_diameter|vehicle_span,13.9324,0.8514,RELAY_CONNECTIVITY_INFEASIBLE,relay_link_margin_failure
PAY-HELIX-NANO,secondary_sensitivity,clear_reference,none,,,0.0,40,60,60.0,True,True,True,-6.085,-4.065,-2.925,False,False,0.15,4.0,False,True,False,False,,,,RELAY_CONNECTIVITY_INFEASIBLE,relay_link_margin_failure
PAY-HELIX-NANO,secondary_sensitivity,clear_reference,none,,,0.0,60,10,60.0,True,True,True,-9.607,-7.587,-6.447,False,False,0.15,4.0,True,False,True,True,,3.3838,0.4196,RELAY_CONNECTIVITY_INFEASIBLE,relay_link_margin_failure
PAY-HELIX-NANO,secondary_sensitivity,clear_reference,none,,,0.0,60,20,60.0,True,True,True,-9.607,-7.587,-6.447,False,False,0.15,4.0,True,False,True,True,,3.3838,0.4196,RELAY_CONNECTIVITY_INFEASIBLE,relay_link_margin_failure
PAY-HELIX-NANO,secondary_sensitivity,clear_reference,none,,,0.0,60,30,60.0,True,True,True,-9.607,-7.587,-6.447,False,False,0.15,4.0,True,False,True,True,,4.4394,0.4806,RELAY_CONNECTIVITY_INFEASIBLE,relay_link_margin_failure
PAY-HELIX-NANO,secondary_sensitivity,clear_reference,none,,,0.0,60,45,60.0,True,True,True,-9.607,-7.587,-6.447,False,False,0.15,4.0,True,False,True,False,rotor_diameter|vehicle_span,13.9324,0.8514,RELAY_CONNECTIVITY_INFEASIBLE,relay_link_margin_failure
PAY-HELIX-NANO,secondary_sensitivity,clear_reference,none,,,0.0,60,60,60.0,True,True,True,-9.607,-7.587,-6.447,False,False,0.15,4.0,False,True,False,False,,,,RELAY_CONNECTIVITY_INFEASIBLE,relay_link_margin_failure
PAY-HELIX-NANO,secondary_sensitivity,clear_reference,none,,,0.0,5,10,120.0,True,True,True,11.975,13.987,15.136,True,True,0.15,4.0,True,False,True,True,,3.3838,0.4196,DIRECT_SUFFICIENT,direct_link_clear_and_margin_nonnegative
PAY-HELIX-NANO,secondary_sensitivity,clear_reference,none,,,0.0,5,20,120.0,True,True,True,11.975,13.987,15.136,True,True,0.15,4.0,True,False,True,True,,3.3838,0.4196,DIRECT_SUFFICIENT,direct_link_clear_and_margin_nonnegative
PAY-HELIX-NANO,secondary_sensitivity,clear_reference,none,,,0.0,5,30,120.0,True,True,True,11.975,13.987,15.136,True,True,0.15,4.0,True,False,True,True,,4.4394,0.4806,DIRECT_SUFFICIENT,direct_link_clear_and_margin_nonnegative
PAY-HELIX-NANO,secondary_sensitivity,clear_reference,none,,,0.0,5,45,120.0,True,True,True,11.975,13.987,15.136,True,True,0.15,4.0,True,False,True,False,rotor_diameter|vehicle_span,13.9324,0.8514,DIRECT_SUFFICIENT,direct_link_clear_and_margin_nonnegative
PAY-HELIX-NANO,secondary_sensitivity,clear_reference,none,,,0.0,5,60,120.0,True,True,True,11.975,13.987,15.136,True,True,0.15,4.0,False,True,False,False,,,,DIRECT_SUFFICIENT,direct_link_clear_and_margin_nonnegative
PAY-HELIX-NANO,secondary_sensitivity,clear_reference,none,,,0.0,10,10,120.0,True,True,True,5.955,7.974,9.116,True,True,0.15,4.0,True,False,True,True,,3.3838,0.4196,DIRECT_SUFFICIENT,direct_link_clear_and_margin_nonnegative
PAY-HELIX-NANO,secondary_sensitivity,clear_reference,none,,,0.0,10,20,120.0,True,True,True,5.955,7.974,9.116,True,True,0.15,4.0,True,False,True,True,,3.3838,0.4196,DIRECT_SUFFICIENT,direct_link_clear_and_margin_nonnegative
PAY-HELIX-NANO,secondary_sensitivity,clear_reference,none,,,0.0,10,30,120.0,True,True,True,5.955,7.974,9.116,True,True,0.15,4.0,True,False,True,True,,4.4394,0.4806,DIRECT_SUFFICIENT,direct_link_clear_and_margin_nonnegative
PAY-HELIX-NANO,secondary_sensitivity,clear_reference,none,,,0.0,10,45,120.0,True,True,True,5.955,7.974,9.116,True,True,0.15,4.0,True,False,True,False,rotor_diameter|vehicle_span,13.9324,0.8514,DIRECT_SUFFICIENT,direct_link_clear_and_margin_nonnegative
PAY-HELIX-NANO,secondary_sensitivity,clear_reference,none,,,0.0,10,60,120.0,True,True,True,5.955,7.974,9.116,True,True,0.15,4.0,False,True,False,False,,,,DIRECT_SUFFICIENT,direct_link_clear_and_margin_nonnegative
PAY-HELIX-NANO,secondary_sensitivity,clear_reference,none,,,0.0,20,10,120.0,True,True,True,-0.065,1.955,3.095,False,True,0.15,4.0,True,False,True,True,,3.3838,0.4196,RELAY_BENEFICIAL_AND_FEASIBLE,direct_link_margin_loss_relay_link_margin_extension
PAY-HELIX-NANO,secondary_sensitivity,clear_reference,none,,,0.0,20,20,120.0,True,True,True,-0.065,1.955,3.095,False,True,0.15,4.0,True,False,True,True,,3.3838,0.4196,RELAY_BENEFICIAL_AND_FEASIBLE,direct_link_margin_loss_relay_link_margin_extension
PAY-HELIX-NANO,secondary_sensitivity,clear_reference,none,,,0.0,20,30,120.0,True,True,True,-0.065,1.955,3.095,False,True,0.15,4.0,True,False,True,True,,4.4394,0.4806,RELAY_BENEFICIAL_AND_FEASIBLE,direct_link_margin_loss_relay_link_margin_extension
PAY-HELIX-NANO,secondary_sensitivity,clear_reference,none,,,0.0,20,45,120.0,True,True,True,-0.065,1.955,3.095,False,True,0.15,4.0,True,False,True,False,rotor_diameter|vehicle_span,13.9324,0.8514,MASS_CLOSED_PRACTICAL_CONSTRAINT_FAILURE,finite_closure_exceeds_practical_analysis_boundary
PAY-HELIX-NANO,secondary_sensitivity,clear_reference,none,,,0.0,20,60,120.0,True,True,True,-0.065,1.955,3.095,False,True,0.15,4.0,False,True,False,False,,,,RELAY_FUNCTIONAL_VEHICLE_RESOURCE_FAILURE,endurance_driven_mathematical_nonclosure
PAY-HELIX-NANO,secondary_sensitivity,clear_reference,none,,,0.0,30,10,120.0,True,True,True,-3.587,-1.566,-0.427,False,False,0.15,4.0,True,False,True,True,,3.3838,0.4196,RELAY_CONNECTIVITY_INFEASIBLE,relay_link_margin_failure
PAY-HELIX-NANO,secondary_sensitivity,clear_reference,none,,,0.0,30,20,120.0,True,True,True,-3.587,-1.566,-0.427,False,False,0.15,4.0,True,False,True,True,,3.3838,0.4196,RELAY_CONNECTIVITY_INFEASIBLE,relay_link_margin_failure
PAY-HELIX-NANO,secondary_sensitivity,clear_reference,none,,,0.0,30,30,120.0,True,True,True,-3.587,-1.566,-0.427,False,False,0.15,4.0,True,False,True,True,,4.4394,0.4806,RELAY_CONNECTIVITY_INFEASIBLE,relay_link_margin_failure
PAY-HELIX-NANO,secondary_sensitivity,clear_reference,none,,,0.0,30,45,120.0,True,True,True,-3.587,-1.566,-0.427,False,False,0.15,4.0,True,False,True,False,rotor_diameter|vehicle_span,13.9324,0.8514,RELAY_CONNECTIVITY_INFEASIBLE,relay_link_margin_failure
PAY-HELIX-NANO,secondary_sensitivity,clear_reference,none,,,0.0,30,60,120.0,True,True,True,-3.587,-1.566,-0.427,False,False,0.15,4.0,False,True,False,False,,,,RELAY_CONNECTIVITY_INFEASIBLE,relay_link_margin_failure
PAY-HELIX-NANO,secondary_sensitivity,clear_reference,none,,,0.0,40,10,120.0,True,True,True,-6.085,-4.065,-2.925,False,False,0.15,4.0,True,False,True,True,,3.3838,0.4196,RELAY_CONNECTIVITY_INFEASIBLE,relay_link_margin_failure
PAY-HELIX-NANO,secondary_sensitivity,clear_reference,none,,,0.0,40,20,120.0,True,True,True,-6.085,-4.065,-2.925,False,False,0.15,4.0,True,False,True,True,,3.3838,0.4196,RELAY_CONNECTIVITY_INFEASIBLE,relay_link_margin_failure
PAY-HELIX-NANO,secondary_sensitivity,clear_reference,none,,,0.0,40,30,120.0,True,True,True,-6.085,-4.065,-2.925,False,False,0.15,4.0,True,False,True,True,,4.4394,0.4806,RELAY_CONNECTIVITY_INFEASIBLE,relay_link_margin_failure
PAY-HELIX-NANO,secondary_sensitivity,clear_reference,none,,,0.0,40,45,120.0,True,True,True,-6.085,-4.065,-2.925,False,False,0.15,4.0,True,False,True,False,rotor_diameter|vehicle_span,13.9324,0.8514,RELAY_CONNECTIVITY_INFEASIBLE,relay_link_margin_failure
PAY-HELIX-NANO,secondary_sensitivity,clear_reference,none,,,0.0,40,60,120.0,True,True,True,-6.085,-4.065,-2.925,False,False,0.15,4.0,False,True,False,False,,,,RELAY_CONNECTIVITY_INFEASIBLE,relay_link_margin_failure
PAY-HELIX-NANO,secondary_sensitivity,clear_reference,none,,,0.0,60,10,120.0,True,True,True,-9.607,-7.587,-6.447,False,False,0.15,4.0,True,False,True,True,,3.3838,0.4196,RELAY_CONNECTIVITY_INFEASIBLE,relay_link_margin_failure
PAY-HELIX-NANO,secondary_sensitivity,clear_reference,none,,,0.0,60,20,120.0,True,True,True,-9.607,-7.587,-6.447,False,False,0.15,4.0,True,False,True,True,,3.3838,0.4196,RELAY_CONNECTIVITY_INFEASIBLE,relay_link_margin_failure
PAY-HELIX-NANO,secondary_sensitivity,clear_reference,none,,,0.0,60,30,120.0,True,True,True,-9.607,-7.587,-6.447,False,False,0.15,4.0,True,False,True,True,,4.4394,0.4806,RELAY_CONNECTIVITY_INFEASIBLE,relay_link_margin_failure
PAY-HELIX-NANO,secondary_sensitivity,clear_reference,none,,,0.0,60,45,120.0,True,True,True,-9.607,-7.587,-6.447,False,False,0.15,4.0,True,False,True,False,rotor_diameter|vehicle_span,13.9324,0.8514,RELAY_CONNECTIVITY_INFEASIBLE,relay_link_margin_failure
PAY-HELIX-NANO,secondary_sensitivity,clear_reference,none,,,0.0,60,60,120.0,True,True,True,-9.607,-7.587,-6.447,False,False,0.15,4.0,False,True,False,False,,,,RELAY_CONNECTIVITY_INFEASIBLE,relay_link_margin_failure
PAY-HELIX-NANO,secondary_sensitivity,clear_reference,none,,,0.0,5,10,240.0,True,True,True,11.975,13.957,15.123,True,True,0.15,4.0,True,False,True,True,,3.3838,0.4196,DIRECT_SUFFICIENT,direct_link_clear_and_margin_nonnegative
PAY-HELIX-NANO,secondary_sensitivity,clear_reference,none,,,0.0,5,20,240.0,True,True,True,11.975,13.957,15.123,True,True,0.15,4.0,True,False,True,True,,3.3838,0.4196,DIRECT_SUFFICIENT,direct_link_clear_and_margin_nonnegative
PAY-HELIX-NANO,secondary_sensitivity,clear_reference,none,,,0.0,5,30,240.0,True,True,True,11.975,13.957,15.123,True,True,0.15,4.0,True,False,True,True,,4.4394,0.4806,DIRECT_SUFFICIENT,direct_link_clear_and_margin_nonnegative
PAY-HELIX-NANO,secondary_sensitivity,clear_reference,none,,,0.0,5,45,240.0,True,True,True,11.975,13.957,15.123,True,True,0.15,4.0,True,False,True,False,rotor_diameter|vehicle_span,13.9324,0.8514,DIRECT_SUFFICIENT,direct_link_clear_and_margin_nonnegative
PAY-HELIX-NANO,secondary_sensitivity,clear_reference,none,,,0.0,5,60,240.0,True,True,True,11.975,13.957,15.123,True,True,0.15,4.0,False,True,False,False,,,,DIRECT_SUFFICIENT,direct_link_clear_and_margin_nonnegative
PAY-HELIX-NANO,secondary_sensitivity,clear_reference,none,,,0.0,10,10,240.0,True,True,True,5.955,7.966,9.112,True,True,0.15,4.0,True,False,True,True,,3.3838,0.4196,DIRECT_SUFFICIENT,direct_link_clear_and_margin_nonnegative
PAY-HELIX-NANO,secondary_sensitivity,clear_reference,none,,,0.0,10,20,240.0,True,True,True,5.955,7.966,9.112,True,True,0.15,4.0,True,False,True,True,,3.3838,0.4196,DIRECT_SUFFICIENT,direct_link_clear_and_margin_nonnegative
PAY-HELIX-NANO,secondary_sensitivity,clear_reference,none,,,0.0,10,30,240.0,True,True,True,5.955,7.966,9.112,True,True,0.15,4.0,True,False,True,True,,4.4394,0.4806,DIRECT_SUFFICIENT,direct_link_clear_and_margin_nonnegative
PAY-HELIX-NANO,secondary_sensitivity,clear_reference,none,,,0.0,10,45,240.0,True,True,True,5.955,7.966,9.112,True,True,0.15,4.0,True,False,True,False,rotor_diameter|vehicle_span,13.9324,0.8514,DIRECT_SUFFICIENT,direct_link_clear_and_margin_nonnegative
PAY-HELIX-NANO,secondary_sensitivity,clear_reference,none,,,0.0,10,60,240.0,True,True,True,5.955,7.966,9.112,True,True,0.15,4.0,False,True,False,False,,,,DIRECT_SUFFICIENT,direct_link_clear_and_margin_nonnegative
PAY-HELIX-NANO,secondary_sensitivity,clear_reference,none,,,0.0,20,10,240.0,True,True,True,-0.065,1.953,3.094,False,True,0.15,4.0,True,False,True,True,,3.3838,0.4196,RELAY_BENEFICIAL_AND_FEASIBLE,direct_link_margin_loss_relay_link_margin_extension
PAY-HELIX-NANO,secondary_sensitivity,clear_reference,none,,,0.0,20,20,240.0,True,True,True,-0.065,1.953,3.094,False,True,0.15,4.0,True,False,True,True,,3.3838,0.4196,RELAY_BENEFICIAL_AND_FEASIBLE,direct_link_margin_loss_relay_link_margin_extension
PAY-HELIX-NANO,secondary_sensitivity,clear_reference,none,,,0.0,20,30,240.0,True,True,True,-0.065,1.953,3.094,False,True,0.15,4.0,True,False,True,True,,4.4394,0.4806,RELAY_BENEFICIAL_AND_FEASIBLE,direct_link_margin_loss_relay_link_margin_extension
PAY-HELIX-NANO,secondary_sensitivity,clear_reference,none,,,0.0,20,45,240.0,True,True,True,-0.065,1.953,3.094,False,True,0.15,4.0,True,False,True,False,rotor_diameter|vehicle_span,13.9324,0.8514,MASS_CLOSED_PRACTICAL_CONSTRAINT_FAILURE,finite_closure_exceeds_practical_analysis_boundary
PAY-HELIX-NANO,secondary_sensitivity,clear_reference,none,,,0.0,20,60,240.0,True,True,True,-0.065,1.953,3.094,False,True,0.15,4.0,False,True,False,False,,,,RELAY_FUNCTIONAL_VEHICLE_RESOURCE_FAILURE,endurance_driven_mathematical_nonclosure
PAY-HELIX-NANO,secondary_sensitivity,clear_reference,none,,,0.0,30,10,240.0,True,True,True,-3.587,-1.567,-0.427,False,False,0.15,4.0,True,False,True,True,,3.3838,0.4196,RELAY_CONNECTIVITY_INFEASIBLE,relay_link_margin_failure
PAY-HELIX-NANO,secondary_sensitivity,clear_reference,none,,,0.0,30,20,240.0,True,True,True,-3.587,-1.567,-0.427,False,False,0.15,4.0,True,False,True,True,,3.3838,0.4196,RELAY_CONNECTIVITY_INFEASIBLE,relay_link_margin_failure
PAY-HELIX-NANO,secondary_sensitivity,clear_reference,none,,,0.0,30,30,240.0,True,True,True,-3.587,-1.567,-0.427,False,False,0.15,4.0,True,False,True,True,,4.4394,0.4806,RELAY_CONNECTIVITY_INFEASIBLE,relay_link_margin_failure
PAY-HELIX-NANO,secondary_sensitivity,clear_reference,none,,,0.0,30,45,240.0,True,True,True,-3.587,-1.567,-0.427,False,False,0.15,4.0,True,False,True,False,rotor_diameter|vehicle_span,13.9324,0.8514,RELAY_CONNECTIVITY_INFEASIBLE,relay_link_margin_failure
PAY-HELIX-NANO,secondary_sensitivity,clear_reference,none,,,0.0,30,60,240.0,True,True,True,-3.587,-1.567,-0.427,False,False,0.15,4.0,False,True,False,False,,,,RELAY_CONNECTIVITY_INFEASIBLE,relay_link_margin_failure
PAY-HELIX-NANO,secondary_sensitivity,clear_reference,none,,,0.0,40,10,240.0,True,True,True,-6.085,-4.065,-2.926,False,False,0.15,4.0,True,False,True,True,,3.3838,0.4196,RELAY_CONNECTIVITY_INFEASIBLE,relay_link_margin_failure
PAY-HELIX-NANO,secondary_sensitivity,clear_reference,none,,,0.0,40,20,240.0,True,True,True,-6.085,-4.065,-2.926,False,False,0.15,4.0,True,False,True,True,,3.3838,0.4196,RELAY_CONNECTIVITY_INFEASIBLE,relay_link_margin_failure
PAY-HELIX-NANO,secondary_sensitivity,clear_reference,none,,,0.0,40,30,240.0,True,True,True,-6.085,-4.065,-2.926,False,False,0.15,4.0,True,False,True,True,,4.4394,0.4806,RELAY_CONNECTIVITY_INFEASIBLE,relay_link_margin_failure
PAY-HELIX-NANO,secondary_sensitivity,clear_reference,none,,,0.0,40,45,240.0,True,True,True,-6.085,-4.065,-2.926,False,False,0.15,4.0,True,False,True,False,rotor_diameter|vehicle_span,13.9324,0.8514,RELAY_CONNECTIVITY_INFEASIBLE,relay_link_margin_failure
PAY-HELIX-NANO,secondary_sensitivity,clear_reference,none,,,0.0,40,60,240.0,True,True,True,-6.085,-4.065,-2.926,False,False,0.15,4.0,False,True,False,False,,,,RELAY_CONNECTIVITY_INFEASIBLE,relay_link_margin_failure
PAY-HELIX-NANO,secondary_sensitivity,clear_reference,none,,,0.0,60,10,240.0,True,True,True,-9.607,-7.587,-6.447,False,False,0.15,4.0,True,False,True,True,,3.3838,0.4196,RELAY_CONNECTIVITY_INFEASIBLE,relay_link_margin_failure
PAY-HELIX-NANO,secondary_sensitivity,clear_reference,none,,,0.0,60,20,240.0,True,True,True,-9.607,-7.587,-6.447,False,False,0.15,4.0,True,False,True,True,,3.3838,0.4196,RELAY_CONNECTIVITY_INFEASIBLE,relay_link_margin_failure
PAY-HELIX-NANO,secondary_sensitivity,clear_reference,none,,,0.0,60,30,240.0,True,True,True,-9.607,-7.587,-6.447,False,False,0.15,4.0,True,False,True,True,,4.4394,0.4806,RELAY_CONNECTIVITY_INFEASIBLE,relay_link_margin_failure
PAY-HELIX-NANO,secondary_sensitivity,clear_reference,none,,,0.0,60,45,240.0,True,True,True,-9.607,-7.587,-6.447,False,False,0.15,4.0,True,False,True,False,rotor_diameter|vehicle_span,13.9324,0.8514,RELAY_CONNECTIVITY_INFEASIBLE,relay_link_margin_failure
PAY-HELIX-NANO,secondary_sensitivity,clear_reference,none,,,0.0,60,60,240.0,True,True,True,-9.607,-7.587,-6.447,False,False,0.15,4.0,False,True,False,False,,,,RELAY_CONNECTIVITY_INFEASIBLE,relay_link_margin_failure
PAY-HELIX-NANO,secondary_sensitivity,obstructed_reference,baseline_h80_x40,80.0,0.4,0.0,5,10,60.0,False,False,True,11.975,13.994,15.135,False,False,0.15,4.0,True,False,True,True,,3.3838,0.4196,RELAY_CONNECTIVITY_INFEASIBLE,relay_visibility_failure
PAY-HELIX-NANO,secondary_sensitivity,obstructed_reference,baseline_h80_x40,80.0,0.4,0.0,5,20,60.0,False,False,True,11.975,13.994,15.135,False,False,0.15,4.0,True,False,True,True,,3.3838,0.4196,RELAY_CONNECTIVITY_INFEASIBLE,relay_visibility_failure
PAY-HELIX-NANO,secondary_sensitivity,obstructed_reference,baseline_h80_x40,80.0,0.4,0.0,5,30,60.0,False,False,True,11.975,13.994,15.135,False,False,0.15,4.0,True,False,True,True,,4.4394,0.4806,RELAY_CONNECTIVITY_INFEASIBLE,relay_visibility_failure
PAY-HELIX-NANO,secondary_sensitivity,obstructed_reference,baseline_h80_x40,80.0,0.4,0.0,5,45,60.0,False,False,True,11.975,13.994,15.135,False,False,0.15,4.0,True,False,True,False,rotor_diameter|vehicle_span,13.9324,0.8514,RELAY_CONNECTIVITY_INFEASIBLE,relay_visibility_failure
PAY-HELIX-NANO,secondary_sensitivity,obstructed_reference,baseline_h80_x40,80.0,0.4,0.0,5,60,60.0,False,False,True,11.975,13.994,15.135,False,False,0.15,4.0,False,True,False,False,,,,RELAY_CONNECTIVITY_INFEASIBLE,relay_visibility_failure
PAY-HELIX-NANO,secondary_sensitivity,obstructed_reference,baseline_h80_x40,80.0,0.4,0.0,10,10,60.0,False,False,True,5.955,7.976,9.116,False,False,0.15,4.0,True,False,True,True,,3.3838,0.4196,RELAY_CONNECTIVITY_INFEASIBLE,relay_visibility_failure
PAY-HELIX-NANO,secondary_sensitivity,obstructed_reference,baseline_h80_x40,80.0,0.4,0.0,10,20,60.0,False,False,True,5.955,7.976,9.116,False,False,0.15,4.0,True,False,True,True,,3.3838,0.4196,RELAY_CONNECTIVITY_INFEASIBLE,relay_visibility_failure
PAY-HELIX-NANO,secondary_sensitivity,obstructed_reference,baseline_h80_x40,80.0,0.4,0.0,10,30,60.0,False,False,True,5.955,7.976,9.116,False,False,0.15,4.0,True,False,True,True,,4.4394,0.4806,RELAY_CONNECTIVITY_INFEASIBLE,relay_visibility_failure
PAY-HELIX-NANO,secondary_sensitivity,obstructed_reference,baseline_h80_x40,80.0,0.4,0.0,10,45,60.0,False,False,True,5.955,7.976,9.116,False,False,0.15,4.0,True,False,True,False,rotor_diameter|vehicle_span,13.9324,0.8514,RELAY_CONNECTIVITY_INFEASIBLE,relay_visibility_failure
PAY-HELIX-NANO,secondary_sensitivity,obstructed_reference,baseline_h80_x40,80.0,0.4,0.0,10,60,60.0,False,False,True,5.955,7.976,9.116,False,False,0.15,4.0,False,True,False,False,,,,RELAY_CONNECTIVITY_INFEASIBLE,relay_visibility_failure
PAY-HELIX-NANO,secondary_sensitivity,obstructed_reference,baseline_h80_x40,80.0,0.4,0.0,20,10,60.0,False,False,True,-0.065,1.956,3.095,False,False,0.15,4.0,True,False,True,True,,3.3838,0.4196,RELAY_CONNECTIVITY_INFEASIBLE,relay_visibility_failure
PAY-HELIX-NANO,secondary_sensitivity,obstructed_reference,baseline_h80_x40,80.0,0.4,0.0,20,20,60.0,False,False,True,-0.065,1.956,3.095,False,False,0.15,4.0,True,False,True,True,,3.3838,0.4196,RELAY_CONNECTIVITY_INFEASIBLE,relay_visibility_failure
PAY-HELIX-NANO,secondary_sensitivity,obstructed_reference,baseline_h80_x40,80.0,0.4,0.0,20,30,60.0,False,False,True,-0.065,1.956,3.095,False,False,0.15,4.0,True,False,True,True,,4.4394,0.4806,RELAY_CONNECTIVITY_INFEASIBLE,relay_visibility_failure
PAY-HELIX-NANO,secondary_sensitivity,obstructed_reference,baseline_h80_x40,80.0,0.4,0.0,20,45,60.0,False,False,True,-0.065,1.956,3.095,False,False,0.15,4.0,True,False,True,False,rotor_diameter|vehicle_span,13.9324,0.8514,RELAY_CONNECTIVITY_INFEASIBLE,relay_visibility_failure
PAY-HELIX-NANO,secondary_sensitivity,obstructed_reference,baseline_h80_x40,80.0,0.4,0.0,20,60,60.0,False,False,True,-0.065,1.956,3.095,False,False,0.15,4.0,False,True,False,False,,,,RELAY_CONNECTIVITY_INFEASIBLE,relay_visibility_failure
PAY-HELIX-NANO,secondary_sensitivity,obstructed_reference,baseline_h80_x40,80.0,0.4,0.0,30,10,60.0,False,False,True,-3.587,-1.566,-0.427,False,False,0.15,4.0,True,False,True,True,,3.3838,0.4196,RELAY_CONNECTIVITY_INFEASIBLE,relay_visibility_failure
PAY-HELIX-NANO,secondary_sensitivity,obstructed_reference,baseline_h80_x40,80.0,0.4,0.0,30,20,60.0,False,False,True,-3.587,-1.566,-0.427,False,False,0.15,4.0,True,False,True,True,,3.3838,0.4196,RELAY_CONNECTIVITY_INFEASIBLE,relay_visibility_failure
PAY-HELIX-NANO,secondary_sensitivity,obstructed_reference,baseline_h80_x40,80.0,0.4,0.0,30,30,60.0,False,False,True,-3.587,-1.566,-0.427,False,False,0.15,4.0,True,False,True,True,,4.4394,0.4806,RELAY_CONNECTIVITY_INFEASIBLE,relay_visibility_failure
PAY-HELIX-NANO,secondary_sensitivity,obstructed_reference,baseline_h80_x40,80.0,0.4,0.0,30,45,60.0,False,False,True,-3.587,-1.566,-0.427,False,False,0.15,4.0,True,False,True,False,rotor_diameter|vehicle_span,13.9324,0.8514,RELAY_CONNECTIVITY_INFEASIBLE,relay_visibility_failure
PAY-HELIX-NANO,secondary_sensitivity,obstructed_reference,baseline_h80_x40,80.0,0.4,0.0,30,60,60.0,False,False,True,-3.587,-1.566,-0.427,False,False,0.15,4.0,False,True,False,False,,,,RELAY_CONNECTIVITY_INFEASIBLE,relay_visibility_failure
PAY-HELIX-NANO,secondary_sensitivity,obstructed_reference,baseline_h80_x40,80.0,0.4,0.0,40,10,60.0,False,False,True,-6.085,-4.065,-2.925,False,False,0.15,4.0,True,False,True,True,,3.3838,0.4196,RELAY_CONNECTIVITY_INFEASIBLE,relay_visibility_failure
PAY-HELIX-NANO,secondary_sensitivity,obstructed_reference,baseline_h80_x40,80.0,0.4,0.0,40,20,60.0,False,False,True,-6.085,-4.065,-2.925,False,False,0.15,4.0,True,False,True,True,,3.3838,0.4196,RELAY_CONNECTIVITY_INFEASIBLE,relay_visibility_failure
PAY-HELIX-NANO,secondary_sensitivity,obstructed_reference,baseline_h80_x40,80.0,0.4,0.0,40,30,60.0,False,False,True,-6.085,-4.065,-2.925,False,False,0.15,4.0,True,False,True,True,,4.4394,0.4806,RELAY_CONNECTIVITY_INFEASIBLE,relay_visibility_failure
PAY-HELIX-NANO,secondary_sensitivity,obstructed_reference,baseline_h80_x40,80.0,0.4,0.0,40,45,60.0,False,False,True,-6.085,-4.065,-2.925,False,False,0.15,4.0,True,False,True,False,rotor_diameter|vehicle_span,13.9324,0.8514,RELAY_CONNECTIVITY_INFEASIBLE,relay_visibility_failure
PAY-HELIX-NANO,secondary_sensitivity,obstructed_reference,baseline_h80_x40,80.0,0.4,0.0,40,60,60.0,False,False,True,-6.085,-4.065,-2.925,False,False,0.15,4.0,False,True,False,False,,,,RELAY_CONNECTIVITY_INFEASIBLE,relay_visibility_failure
PAY-HELIX-NANO,secondary_sensitivity,obstructed_reference,baseline_h80_x40,80.0,0.4,0.0,60,10,60.0,False,False,True,-9.607,-7.587,-6.447,False,False,0.15,4.0,True,False,True,True,,3.3838,0.4196,RELAY_CONNECTIVITY_INFEASIBLE,relay_visibility_failure
PAY-HELIX-NANO,secondary_sensitivity,obstructed_reference,baseline_h80_x40,80.0,0.4,0.0,60,20,60.0,False,False,True,-9.607,-7.587,-6.447,False,False,0.15,4.0,True,False,True,True,,3.3838,0.4196,RELAY_CONNECTIVITY_INFEASIBLE,relay_visibility_failure
PAY-HELIX-NANO,secondary_sensitivity,obstructed_reference,baseline_h80_x40,80.0,0.4,0.0,60,30,60.0,False,False,True,-9.607,-7.587,-6.447,False,False,0.15,4.0,True,False,True,True,,4.4394,0.4806,RELAY_CONNECTIVITY_INFEASIBLE,relay_visibility_failure
PAY-HELIX-NANO,secondary_sensitivity,obstructed_reference,baseline_h80_x40,80.0,0.4,0.0,60,45,60.0,False,False,True,-9.607,-7.587,-6.447,False,False,0.15,4.0,True,False,True,False,rotor_diameter|vehicle_span,13.9324,0.8514,RELAY_CONNECTIVITY_INFEASIBLE,relay_visibility_failure
PAY-HELIX-NANO,secondary_sensitivity,obstructed_reference,baseline_h80_x40,80.0,0.4,0.0,60,60,60.0,False,False,True,-9.607,-7.587,-6.447,False,False,0.15,4.0,False,True,False,False,,,,RELAY_CONNECTIVITY_INFEASIBLE,relay_visibility_failure
PAY-HELIX-NANO,secondary_sensitivity,obstructed_reference,baseline_h80_x40,80.0,0.4,0.0,5,10,120.0,False,True,True,11.975,13.987,15.136,False,True,0.15,4.0,True,False,True,True,,3.3838,0.4196,RELAY_BENEFICIAL_AND_FEASIBLE,direct_visibility_loss_relay_visibility_restoration
PAY-HELIX-NANO,secondary_sensitivity,obstructed_reference,baseline_h80_x40,80.0,0.4,0.0,5,20,120.0,False,True,True,11.975,13.987,15.136,False,True,0.15,4.0,True,False,True,True,,3.3838,0.4196,RELAY_BENEFICIAL_AND_FEASIBLE,direct_visibility_loss_relay_visibility_restoration
PAY-HELIX-NANO,secondary_sensitivity,obstructed_reference,baseline_h80_x40,80.0,0.4,0.0,5,30,120.0,False,True,True,11.975,13.987,15.136,False,True,0.15,4.0,True,False,True,True,,4.4394,0.4806,RELAY_BENEFICIAL_AND_FEASIBLE,direct_visibility_loss_relay_visibility_restoration
PAY-HELIX-NANO,secondary_sensitivity,obstructed_reference,baseline_h80_x40,80.0,0.4,0.0,5,45,120.0,False,True,True,11.975,13.987,15.136,False,True,0.15,4.0,True,False,True,False,rotor_diameter|vehicle_span,13.9324,0.8514,MASS_CLOSED_PRACTICAL_CONSTRAINT_FAILURE,finite_closure_exceeds_practical_analysis_boundary
PAY-HELIX-NANO,secondary_sensitivity,obstructed_reference,baseline_h80_x40,80.0,0.4,0.0,5,60,120.0,False,True,True,11.975,13.987,15.136,False,True,0.15,4.0,False,True,False,False,,,,RELAY_FUNCTIONAL_VEHICLE_RESOURCE_FAILURE,endurance_driven_mathematical_nonclosure
PAY-HELIX-NANO,secondary_sensitivity,obstructed_reference,baseline_h80_x40,80.0,0.4,0.0,10,10,120.0,False,True,True,5.955,7.974,9.116,False,True,0.15,4.0,True,False,True,True,,3.3838,0.4196,RELAY_BENEFICIAL_AND_FEASIBLE,direct_visibility_loss_relay_visibility_restoration
PAY-HELIX-NANO,secondary_sensitivity,obstructed_reference,baseline_h80_x40,80.0,0.4,0.0,10,20,120.0,False,True,True,5.955,7.974,9.116,False,True,0.15,4.0,True,False,True,True,,3.3838,0.4196,RELAY_BENEFICIAL_AND_FEASIBLE,direct_visibility_loss_relay_visibility_restoration
PAY-HELIX-NANO,secondary_sensitivity,obstructed_reference,baseline_h80_x40,80.0,0.4,0.0,10,30,120.0,False,True,True,5.955,7.974,9.116,False,True,0.15,4.0,True,False,True,True,,4.4394,0.4806,RELAY_BENEFICIAL_AND_FEASIBLE,direct_visibility_loss_relay_visibility_restoration
PAY-HELIX-NANO,secondary_sensitivity,obstructed_reference,baseline_h80_x40,80.0,0.4,0.0,10,45,120.0,False,True,True,5.955,7.974,9.116,False,True,0.15,4.0,True,False,True,False,rotor_diameter|vehicle_span,13.9324,0.8514,MASS_CLOSED_PRACTICAL_CONSTRAINT_FAILURE,finite_closure_exceeds_practical_analysis_boundary
PAY-HELIX-NANO,secondary_sensitivity,obstructed_reference,baseline_h80_x40,80.0,0.4,0.0,10,60,120.0,False,True,True,5.955,7.974,9.116,False,True,0.15,4.0,False,True,False,False,,,,RELAY_FUNCTIONAL_VEHICLE_RESOURCE_FAILURE,endurance_driven_mathematical_nonclosure
PAY-HELIX-NANO,secondary_sensitivity,obstructed_reference,baseline_h80_x40,80.0,0.4,0.0,20,10,120.0,False,True,True,-0.065,1.955,3.095,False,True,0.15,4.0,True,False,True,True,,3.3838,0.4196,RELAY_BENEFICIAL_AND_FEASIBLE,direct_visibility_loss_relay_visibility_restoration
PAY-HELIX-NANO,secondary_sensitivity,obstructed_reference,baseline_h80_x40,80.0,0.4,0.0,20,20,120.0,False,True,True,-0.065,1.955,3.095,False,True,0.15,4.0,True,False,True,True,,3.3838,0.4196,RELAY_BENEFICIAL_AND_FEASIBLE,direct_visibility_loss_relay_visibility_restoration
PAY-HELIX-NANO,secondary_sensitivity,obstructed_reference,baseline_h80_x40,80.0,0.4,0.0,20,30,120.0,False,True,True,-0.065,1.955,3.095,False,True,0.15,4.0,True,False,True,True,,4.4394,0.4806,RELAY_BENEFICIAL_AND_FEASIBLE,direct_visibility_loss_relay_visibility_restoration
PAY-HELIX-NANO,secondary_sensitivity,obstructed_reference,baseline_h80_x40,80.0,0.4,0.0,20,45,120.0,False,True,True,-0.065,1.955,3.095,False,True,0.15,4.0,True,False,True,False,rotor_diameter|vehicle_span,13.9324,0.8514,MASS_CLOSED_PRACTICAL_CONSTRAINT_FAILURE,finite_closure_exceeds_practical_analysis_boundary
PAY-HELIX-NANO,secondary_sensitivity,obstructed_reference,baseline_h80_x40,80.0,0.4,0.0,20,60,120.0,False,True,True,-0.065,1.955,3.095,False,True,0.15,4.0,False,True,False,False,,,,RELAY_FUNCTIONAL_VEHICLE_RESOURCE_FAILURE,endurance_driven_mathematical_nonclosure
PAY-HELIX-NANO,secondary_sensitivity,obstructed_reference,baseline_h80_x40,80.0,0.4,0.0,30,10,120.0,False,True,True,-3.587,-1.566,-0.427,False,False,0.15,4.0,True,False,True,True,,3.3838,0.4196,RELAY_CONNECTIVITY_INFEASIBLE,relay_visibility_restored_but_relay_link_margin_failure
PAY-HELIX-NANO,secondary_sensitivity,obstructed_reference,baseline_h80_x40,80.0,0.4,0.0,30,20,120.0,False,True,True,-3.587,-1.566,-0.427,False,False,0.15,4.0,True,False,True,True,,3.3838,0.4196,RELAY_CONNECTIVITY_INFEASIBLE,relay_visibility_restored_but_relay_link_margin_failure
PAY-HELIX-NANO,secondary_sensitivity,obstructed_reference,baseline_h80_x40,80.0,0.4,0.0,30,30,120.0,False,True,True,-3.587,-1.566,-0.427,False,False,0.15,4.0,True,False,True,True,,4.4394,0.4806,RELAY_CONNECTIVITY_INFEASIBLE,relay_visibility_restored_but_relay_link_margin_failure
PAY-HELIX-NANO,secondary_sensitivity,obstructed_reference,baseline_h80_x40,80.0,0.4,0.0,30,45,120.0,False,True,True,-3.587,-1.566,-0.427,False,False,0.15,4.0,True,False,True,False,rotor_diameter|vehicle_span,13.9324,0.8514,RELAY_CONNECTIVITY_INFEASIBLE,relay_visibility_restored_but_relay_link_margin_failure
PAY-HELIX-NANO,secondary_sensitivity,obstructed_reference,baseline_h80_x40,80.0,0.4,0.0,30,60,120.0,False,True,True,-3.587,-1.566,-0.427,False,False,0.15,4.0,False,True,False,False,,,,RELAY_CONNECTIVITY_INFEASIBLE,relay_visibility_restored_but_relay_link_margin_failure
PAY-HELIX-NANO,secondary_sensitivity,obstructed_reference,baseline_h80_x40,80.0,0.4,0.0,40,10,120.0,False,True,True,-6.085,-4.065,-2.925,False,False,0.15,4.0,True,False,True,True,,3.3838,0.4196,RELAY_CONNECTIVITY_INFEASIBLE,relay_visibility_restored_but_relay_link_margin_failure
PAY-HELIX-NANO,secondary_sensitivity,obstructed_reference,baseline_h80_x40,80.0,0.4,0.0,40,20,120.0,False,True,True,-6.085,-4.065,-2.925,False,False,0.15,4.0,True,False,True,True,,3.3838,0.4196,RELAY_CONNECTIVITY_INFEASIBLE,relay_visibility_restored_but_relay_link_margin_failure
PAY-HELIX-NANO,secondary_sensitivity,obstructed_reference,baseline_h80_x40,80.0,0.4,0.0,40,30,120.0,False,True,True,-6.085,-4.065,-2.925,False,False,0.15,4.0,True,False,True,True,,4.4394,0.4806,RELAY_CONNECTIVITY_INFEASIBLE,relay_visibility_restored_but_relay_link_margin_failure
PAY-HELIX-NANO,secondary_sensitivity,obstructed_reference,baseline_h80_x40,80.0,0.4,0.0,40,45,120.0,False,True,True,-6.085,-4.065,-2.925,False,False,0.15,4.0,True,False,True,False,rotor_diameter|vehicle_span,13.9324,0.8514,RELAY_CONNECTIVITY_INFEASIBLE,relay_visibility_restored_but_relay_link_margin_failure
PAY-HELIX-NANO,secondary_sensitivity,obstructed_reference,baseline_h80_x40,80.0,0.4,0.0,40,60,120.0,False,True,True,-6.085,-4.065,-2.925,False,False,0.15,4.0,False,True,False,False,,,,RELAY_CONNECTIVITY_INFEASIBLE,relay_visibility_restored_but_relay_link_margin_failure
PAY-HELIX-NANO,secondary_sensitivity,obstructed_reference,baseline_h80_x40,80.0,0.4,0.0,60,10,120.0,False,True,True,-9.607,-7.587,-6.447,False,False,0.15,4.0,True,False,True,True,,3.3838,0.4196,RELAY_CONNECTIVITY_INFEASIBLE,relay_visibility_restored_but_relay_link_margin_failure
PAY-HELIX-NANO,secondary_sensitivity,obstructed_reference,baseline_h80_x40,80.0,0.4,0.0,60,20,120.0,False,True,True,-9.607,-7.587,-6.447,False,False,0.15,4.0,True,False,True,True,,3.3838,0.4196,RELAY_CONNECTIVITY_INFEASIBLE,relay_visibility_restored_but_relay_link_margin_failure
PAY-HELIX-NANO,secondary_sensitivity,obstructed_reference,baseline_h80_x40,80.0,0.4,0.0,60,30,120.0,False,True,True,-9.607,-7.587,-6.447,False,False,0.15,4.0,True,False,True,True,,4.4394,0.4806,RELAY_CONNECTIVITY_INFEASIBLE,relay_visibility_restored_but_relay_link_margin_failure
PAY-HELIX-NANO,secondary_sensitivity,obstructed_reference,baseline_h80_x40,80.0,0.4,0.0,60,45,120.0,False,True,True,-9.607,-7.587,-6.447,False,False,0.15,4.0,True,False,True,False,rotor_diameter|vehicle_span,13.9324,0.8514,RELAY_CONNECTIVITY_INFEASIBLE,relay_visibility_restored_but_relay_link_margin_failure
PAY-HELIX-NANO,secondary_sensitivity,obstructed_reference,baseline_h80_x40,80.0,0.4,0.0,60,60,120.0,False,True,True,-9.607,-7.587,-6.447,False,False,0.15,4.0,False,True,False,False,,,,RELAY_CONNECTIVITY_INFEASIBLE,relay_visibility_restored_but_relay_link_margin_failure
PAY-HELIX-NANO,secondary_sensitivity,obstructed_reference,baseline_h80_x40,80.0,0.4,0.0,5,10,240.0,False,True,True,11.975,13.957,15.123,False,True,0.15,4.0,True,False,True,True,,3.3838,0.4196,RELAY_BENEFICIAL_AND_FEASIBLE,direct_visibility_loss_relay_visibility_restoration
PAY-HELIX-NANO,secondary_sensitivity,obstructed_reference,baseline_h80_x40,80.0,0.4,0.0,5,20,240.0,False,True,True,11.975,13.957,15.123,False,True,0.15,4.0,True,False,True,True,,3.3838,0.4196,RELAY_BENEFICIAL_AND_FEASIBLE,direct_visibility_loss_relay_visibility_restoration
PAY-HELIX-NANO,secondary_sensitivity,obstructed_reference,baseline_h80_x40,80.0,0.4,0.0,5,30,240.0,False,True,True,11.975,13.957,15.123,False,True,0.15,4.0,True,False,True,True,,4.4394,0.4806,RELAY_BENEFICIAL_AND_FEASIBLE,direct_visibility_loss_relay_visibility_restoration
PAY-HELIX-NANO,secondary_sensitivity,obstructed_reference,baseline_h80_x40,80.0,0.4,0.0,5,45,240.0,False,True,True,11.975,13.957,15.123,False,True,0.15,4.0,True,False,True,False,rotor_diameter|vehicle_span,13.9324,0.8514,MASS_CLOSED_PRACTICAL_CONSTRAINT_FAILURE,finite_closure_exceeds_practical_analysis_boundary
PAY-HELIX-NANO,secondary_sensitivity,obstructed_reference,baseline_h80_x40,80.0,0.4,0.0,5,60,240.0,False,True,True,11.975,13.957,15.123,False,True,0.15,4.0,False,True,False,False,,,,RELAY_FUNCTIONAL_VEHICLE_RESOURCE_FAILURE,endurance_driven_mathematical_nonclosure
PAY-HELIX-NANO,secondary_sensitivity,obstructed_reference,baseline_h80_x40,80.0,0.4,0.0,10,10,240.0,False,True,True,5.955,7.966,9.112,False,True,0.15,4.0,True,False,True,True,,3.3838,0.4196,RELAY_BENEFICIAL_AND_FEASIBLE,direct_visibility_loss_relay_visibility_restoration
PAY-HELIX-NANO,secondary_sensitivity,obstructed_reference,baseline_h80_x40,80.0,0.4,0.0,10,20,240.0,False,True,True,5.955,7.966,9.112,False,True,0.15,4.0,True,False,True,True,,3.3838,0.4196,RELAY_BENEFICIAL_AND_FEASIBLE,direct_visibility_loss_relay_visibility_restoration
PAY-HELIX-NANO,secondary_sensitivity,obstructed_reference,baseline_h80_x40,80.0,0.4,0.0,10,30,240.0,False,True,True,5.955,7.966,9.112,False,True,0.15,4.0,True,False,True,True,,4.4394,0.4806,RELAY_BENEFICIAL_AND_FEASIBLE,direct_visibility_loss_relay_visibility_restoration
PAY-HELIX-NANO,secondary_sensitivity,obstructed_reference,baseline_h80_x40,80.0,0.4,0.0,10,45,240.0,False,True,True,5.955,7.966,9.112,False,True,0.15,4.0,True,False,True,False,rotor_diameter|vehicle_span,13.9324,0.8514,MASS_CLOSED_PRACTICAL_CONSTRAINT_FAILURE,finite_closure_exceeds_practical_analysis_boundary
PAY-HELIX-NANO,secondary_sensitivity,obstructed_reference,baseline_h80_x40,80.0,0.4,0.0,10,60,240.0,False,True,True,5.955,7.966,9.112,False,True,0.15,4.0,False,True,False,False,,,,RELAY_FUNCTIONAL_VEHICLE_RESOURCE_FAILURE,endurance_driven_mathematical_nonclosure
PAY-HELIX-NANO,secondary_sensitivity,obstructed_reference,baseline_h80_x40,80.0,0.4,0.0,20,10,240.0,False,True,True,-0.065,1.953,3.094,False,True,0.15,4.0,True,False,True,True,,3.3838,0.4196,RELAY_BENEFICIAL_AND_FEASIBLE,direct_visibility_loss_relay_visibility_restoration
PAY-HELIX-NANO,secondary_sensitivity,obstructed_reference,baseline_h80_x40,80.0,0.4,0.0,20,20,240.0,False,True,True,-0.065,1.953,3.094,False,True,0.15,4.0,True,False,True,True,,3.3838,0.4196,RELAY_BENEFICIAL_AND_FEASIBLE,direct_visibility_loss_relay_visibility_restoration
PAY-HELIX-NANO,secondary_sensitivity,obstructed_reference,baseline_h80_x40,80.0,0.4,0.0,20,30,240.0,False,True,True,-0.065,1.953,3.094,False,True,0.15,4.0,True,False,True,True,,4.4394,0.4806,RELAY_BENEFICIAL_AND_FEASIBLE,direct_visibility_loss_relay_visibility_restoration
PAY-HELIX-NANO,secondary_sensitivity,obstructed_reference,baseline_h80_x40,80.0,0.4,0.0,20,45,240.0,False,True,True,-0.065,1.953,3.094,False,True,0.15,4.0,True,False,True,False,rotor_diameter|vehicle_span,13.9324,0.8514,MASS_CLOSED_PRACTICAL_CONSTRAINT_FAILURE,finite_closure_exceeds_practical_analysis_boundary
PAY-HELIX-NANO,secondary_sensitivity,obstructed_reference,baseline_h80_x40,80.0,0.4,0.0,20,60,240.0,False,True,True,-0.065,1.953,3.094,False,True,0.15,4.0,False,True,False,False,,,,RELAY_FUNCTIONAL_VEHICLE_RESOURCE_FAILURE,endurance_driven_mathematical_nonclosure
PAY-HELIX-NANO,secondary_sensitivity,obstructed_reference,baseline_h80_x40,80.0,0.4,0.0,30,10,240.0,False,True,True,-3.587,-1.567,-0.427,False,False,0.15,4.0,True,False,True,True,,3.3838,0.4196,RELAY_CONNECTIVITY_INFEASIBLE,relay_visibility_restored_but_relay_link_margin_failure
PAY-HELIX-NANO,secondary_sensitivity,obstructed_reference,baseline_h80_x40,80.0,0.4,0.0,30,20,240.0,False,True,True,-3.587,-1.567,-0.427,False,False,0.15,4.0,True,False,True,True,,3.3838,0.4196,RELAY_CONNECTIVITY_INFEASIBLE,relay_visibility_restored_but_relay_link_margin_failure
PAY-HELIX-NANO,secondary_sensitivity,obstructed_reference,baseline_h80_x40,80.0,0.4,0.0,30,30,240.0,False,True,True,-3.587,-1.567,-0.427,False,False,0.15,4.0,True,False,True,True,,4.4394,0.4806,RELAY_CONNECTIVITY_INFEASIBLE,relay_visibility_restored_but_relay_link_margin_failure
PAY-HELIX-NANO,secondary_sensitivity,obstructed_reference,baseline_h80_x40,80.0,0.4,0.0,30,45,240.0,False,True,True,-3.587,-1.567,-0.427,False,False,0.15,4.0,True,False,True,False,rotor_diameter|vehicle_span,13.9324,0.8514,RELAY_CONNECTIVITY_INFEASIBLE,relay_visibility_restored_but_relay_link_margin_failure
PAY-HELIX-NANO,secondary_sensitivity,obstructed_reference,baseline_h80_x40,80.0,0.4,0.0,30,60,240.0,False,True,True,-3.587,-1.567,-0.427,False,False,0.15,4.0,False,True,False,False,,,,RELAY_CONNECTIVITY_INFEASIBLE,relay_visibility_restored_but_relay_link_margin_failure
PAY-HELIX-NANO,secondary_sensitivity,obstructed_reference,baseline_h80_x40,80.0,0.4,0.0,40,10,240.0,False,True,True,-6.085,-4.065,-2.926,False,False,0.15,4.0,True,False,True,True,,3.3838,0.4196,RELAY_CONNECTIVITY_INFEASIBLE,relay_visibility_restored_but_relay_link_margin_failure
PAY-HELIX-NANO,secondary_sensitivity,obstructed_reference,baseline_h80_x40,80.0,0.4,0.0,40,20,240.0,False,True,True,-6.085,-4.065,-2.926,False,False,0.15,4.0,True,False,True,True,,3.3838,0.4196,RELAY_CONNECTIVITY_INFEASIBLE,relay_visibility_restored_but_relay_link_margin_failure
PAY-HELIX-NANO,secondary_sensitivity,obstructed_reference,baseline_h80_x40,80.0,0.4,0.0,40,30,240.0,False,True,True,-6.085,-4.065,-2.926,False,False,0.15,4.0,True,False,True,True,,4.4394,0.4806,RELAY_CONNECTIVITY_INFEASIBLE,relay_visibility_restored_but_relay_link_margin_failure
PAY-HELIX-NANO,secondary_sensitivity,obstructed_reference,baseline_h80_x40,80.0,0.4,0.0,40,45,240.0,False,True,True,-6.085,-4.065,-2.926,False,False,0.15,4.0,True,False,True,False,rotor_diameter|vehicle_span,13.9324,0.8514,RELAY_CONNECTIVITY_INFEASIBLE,relay_visibility_restored_but_relay_link_margin_failure
PAY-HELIX-NANO,secondary_sensitivity,obstructed_reference,baseline_h80_x40,80.0,0.4,0.0,40,60,240.0,False,True,True,-6.085,-4.065,-2.926,False,False,0.15,4.0,False,True,False,False,,,,RELAY_CONNECTIVITY_INFEASIBLE,relay_visibility_restored_but_relay_link_margin_failure
PAY-HELIX-NANO,secondary_sensitivity,obstructed_reference,baseline_h80_x40,80.0,0.4,0.0,60,10,240.0,False,True,True,-9.607,-7.587,-6.447,False,False,0.15,4.0,True,False,True,True,,3.3838,0.4196,RELAY_CONNECTIVITY_INFEASIBLE,relay_visibility_restored_but_relay_link_margin_failure
PAY-HELIX-NANO,secondary_sensitivity,obstructed_reference,baseline_h80_x40,80.0,0.4,0.0,60,20,240.0,False,True,True,-9.607,-7.587,-6.447,False,False,0.15,4.0,True,False,True,True,,3.3838,0.4196,RELAY_CONNECTIVITY_INFEASIBLE,relay_visibility_restored_but_relay_link_margin_failure
PAY-HELIX-NANO,secondary_sensitivity,obstructed_reference,baseline_h80_x40,80.0,0.4,0.0,60,30,240.0,False,True,True,-9.607,-7.587,-6.447,False,False,0.15,4.0,True,False,True,True,,4.4394,0.4806,RELAY_CONNECTIVITY_INFEASIBLE,relay_visibility_restored_but_relay_link_margin_failure
PAY-HELIX-NANO,secondary_sensitivity,obstructed_reference,baseline_h80_x40,80.0,0.4,0.0,60,45,240.0,False,True,True,-9.607,-7.587,-6.447,False,False,0.15,4.0,True,False,True,False,rotor_diameter|vehicle_span,13.9324,0.8514,RELAY_CONNECTIVITY_INFEASIBLE,relay_visibility_restored_but_relay_link_margin_failure
PAY-HELIX-NANO,secondary_sensitivity,obstructed_reference,baseline_h80_x40,80.0,0.4,0.0,60,60,240.0,False,True,True,-9.607,-7.587,-6.447,False,False,0.15,4.0,False,True,False,False,,,,RELAY_CONNECTIVITY_INFEASIBLE,relay_visibility_restored_but_relay_link_margin_failure
PAY-HELIX-NANO,secondary_sensitivity,obstructed_adverse,baseline_h80_x40,80.0,0.4,12.0,5,10,60.0,False,False,True,-0.025,1.994,3.135,False,False,0.15,4.0,True,False,True,True,,3.3838,0.4196,RELAY_CONNECTIVITY_INFEASIBLE,relay_visibility_failure
PAY-HELIX-NANO,secondary_sensitivity,obstructed_adverse,baseline_h80_x40,80.0,0.4,12.0,5,20,60.0,False,False,True,-0.025,1.994,3.135,False,False,0.15,4.0,True,False,True,True,,3.3838,0.4196,RELAY_CONNECTIVITY_INFEASIBLE,relay_visibility_failure
PAY-HELIX-NANO,secondary_sensitivity,obstructed_adverse,baseline_h80_x40,80.0,0.4,12.0,5,30,60.0,False,False,True,-0.025,1.994,3.135,False,False,0.15,4.0,True,False,True,True,,4.4394,0.4806,RELAY_CONNECTIVITY_INFEASIBLE,relay_visibility_failure
PAY-HELIX-NANO,secondary_sensitivity,obstructed_adverse,baseline_h80_x40,80.0,0.4,12.0,5,45,60.0,False,False,True,-0.025,1.994,3.135,False,False,0.15,4.0,True,False,True,False,rotor_diameter|vehicle_span,13.9324,0.8514,RELAY_CONNECTIVITY_INFEASIBLE,relay_visibility_failure
PAY-HELIX-NANO,secondary_sensitivity,obstructed_adverse,baseline_h80_x40,80.0,0.4,12.0,5,60,60.0,False,False,True,-0.025,1.994,3.135,False,False,0.15,4.0,False,True,False,False,,,,RELAY_CONNECTIVITY_INFEASIBLE,relay_visibility_failure
PAY-HELIX-NANO,secondary_sensitivity,obstructed_adverse,baseline_h80_x40,80.0,0.4,12.0,10,10,60.0,False,False,True,-6.045,-4.024,-2.884,False,False,0.15,4.0,True,False,True,True,,3.3838,0.4196,RELAY_CONNECTIVITY_INFEASIBLE,relay_visibility_failure
PAY-HELIX-NANO,secondary_sensitivity,obstructed_adverse,baseline_h80_x40,80.0,0.4,12.0,10,20,60.0,False,False,True,-6.045,-4.024,-2.884,False,False,0.15,4.0,True,False,True,True,,3.3838,0.4196,RELAY_CONNECTIVITY_INFEASIBLE,relay_visibility_failure
PAY-HELIX-NANO,secondary_sensitivity,obstructed_adverse,baseline_h80_x40,80.0,0.4,12.0,10,30,60.0,False,False,True,-6.045,-4.024,-2.884,False,False,0.15,4.0,True,False,True,True,,4.4394,0.4806,RELAY_CONNECTIVITY_INFEASIBLE,relay_visibility_failure
PAY-HELIX-NANO,secondary_sensitivity,obstructed_adverse,baseline_h80_x40,80.0,0.4,12.0,10,45,60.0,False,False,True,-6.045,-4.024,-2.884,False,False,0.15,4.0,True,False,True,False,rotor_diameter|vehicle_span,13.9324,0.8514,RELAY_CONNECTIVITY_INFEASIBLE,relay_visibility_failure
PAY-HELIX-NANO,secondary_sensitivity,obstructed_adverse,baseline_h80_x40,80.0,0.4,12.0,10,60,60.0,False,False,True,-6.045,-4.024,-2.884,False,False,0.15,4.0,False,True,False,False,,,,RELAY_CONNECTIVITY_INFEASIBLE,relay_visibility_failure
PAY-HELIX-NANO,secondary_sensitivity,obstructed_adverse,baseline_h80_x40,80.0,0.4,12.0,20,10,60.0,False,False,True,-12.065,-10.044,-8.905,False,False,0.15,4.0,True,False,True,True,,3.3838,0.4196,RELAY_CONNECTIVITY_INFEASIBLE,relay_visibility_failure
PAY-HELIX-NANO,secondary_sensitivity,obstructed_adverse,baseline_h80_x40,80.0,0.4,12.0,20,20,60.0,False,False,True,-12.065,-10.044,-8.905,False,False,0.15,4.0,True,False,True,True,,3.3838,0.4196,RELAY_CONNECTIVITY_INFEASIBLE,relay_visibility_failure
PAY-HELIX-NANO,secondary_sensitivity,obstructed_adverse,baseline_h80_x40,80.0,0.4,12.0,20,30,60.0,False,False,True,-12.065,-10.044,-8.905,False,False,0.15,4.0,True,False,True,True,,4.4394,0.4806,RELAY_CONNECTIVITY_INFEASIBLE,relay_visibility_failure
PAY-HELIX-NANO,secondary_sensitivity,obstructed_adverse,baseline_h80_x40,80.0,0.4,12.0,20,45,60.0,False,False,True,-12.065,-10.044,-8.905,False,False,0.15,4.0,True,False,True,False,rotor_diameter|vehicle_span,13.9324,0.8514,RELAY_CONNECTIVITY_INFEASIBLE,relay_visibility_failure
PAY-HELIX-NANO,secondary_sensitivity,obstructed_adverse,baseline_h80_x40,80.0,0.4,12.0,20,60,60.0,False,False,True,-12.065,-10.044,-8.905,False,False,0.15,4.0,False,True,False,False,,,,RELAY_CONNECTIVITY_INFEASIBLE,relay_visibility_failure
PAY-HELIX-NANO,secondary_sensitivity,obstructed_adverse,baseline_h80_x40,80.0,0.4,12.0,30,10,60.0,False,False,True,-15.587,-13.566,-12.427,False,False,0.15,4.0,True,False,True,True,,3.3838,0.4196,RELAY_CONNECTIVITY_INFEASIBLE,relay_visibility_failure
PAY-HELIX-NANO,secondary_sensitivity,obstructed_adverse,baseline_h80_x40,80.0,0.4,12.0,30,20,60.0,False,False,True,-15.587,-13.566,-12.427,False,False,0.15,4.0,True,False,True,True,,3.3838,0.4196,RELAY_CONNECTIVITY_INFEASIBLE,relay_visibility_failure
PAY-HELIX-NANO,secondary_sensitivity,obstructed_adverse,baseline_h80_x40,80.0,0.4,12.0,30,30,60.0,False,False,True,-15.587,-13.566,-12.427,False,False,0.15,4.0,True,False,True,True,,4.4394,0.4806,RELAY_CONNECTIVITY_INFEASIBLE,relay_visibility_failure
PAY-HELIX-NANO,secondary_sensitivity,obstructed_adverse,baseline_h80_x40,80.0,0.4,12.0,30,45,60.0,False,False,True,-15.587,-13.566,-12.427,False,False,0.15,4.0,True,False,True,False,rotor_diameter|vehicle_span,13.9324,0.8514,RELAY_CONNECTIVITY_INFEASIBLE,relay_visibility_failure
PAY-HELIX-NANO,secondary_sensitivity,obstructed_adverse,baseline_h80_x40,80.0,0.4,12.0,30,60,60.0,False,False,True,-15.587,-13.566,-12.427,False,False,0.15,4.0,False,True,False,False,,,,RELAY_CONNECTIVITY_INFEASIBLE,relay_visibility_failure
PAY-HELIX-NANO,secondary_sensitivity,obstructed_adverse,baseline_h80_x40,80.0,0.4,12.0,40,10,60.0,False,False,True,-18.085,-16.065,-14.925,False,False,0.15,4.0,True,False,True,True,,3.3838,0.4196,RELAY_CONNECTIVITY_INFEASIBLE,relay_visibility_failure
PAY-HELIX-NANO,secondary_sensitivity,obstructed_adverse,baseline_h80_x40,80.0,0.4,12.0,40,20,60.0,False,False,True,-18.085,-16.065,-14.925,False,False,0.15,4.0,True,False,True,True,,3.3838,0.4196,RELAY_CONNECTIVITY_INFEASIBLE,relay_visibility_failure
PAY-HELIX-NANO,secondary_sensitivity,obstructed_adverse,baseline_h80_x40,80.0,0.4,12.0,40,30,60.0,False,False,True,-18.085,-16.065,-14.925,False,False,0.15,4.0,True,False,True,True,,4.4394,0.4806,RELAY_CONNECTIVITY_INFEASIBLE,relay_visibility_failure
PAY-HELIX-NANO,secondary_sensitivity,obstructed_adverse,baseline_h80_x40,80.0,0.4,12.0,40,45,60.0,False,False,True,-18.085,-16.065,-14.925,False,False,0.15,4.0,True,False,True,False,rotor_diameter|vehicle_span,13.9324,0.8514,RELAY_CONNECTIVITY_INFEASIBLE,relay_visibility_failure
PAY-HELIX-NANO,secondary_sensitivity,obstructed_adverse,baseline_h80_x40,80.0,0.4,12.0,40,60,60.0,False,False,True,-18.085,-16.065,-14.925,False,False,0.15,4.0,False,True,False,False,,,,RELAY_CONNECTIVITY_INFEASIBLE,relay_visibility_failure
PAY-HELIX-NANO,secondary_sensitivity,obstructed_adverse,baseline_h80_x40,80.0,0.4,12.0,60,10,60.0,False,False,True,-21.607,-19.587,-18.447,False,False,0.15,4.0,True,False,True,True,,3.3838,0.4196,RELAY_CONNECTIVITY_INFEASIBLE,relay_visibility_failure
PAY-HELIX-NANO,secondary_sensitivity,obstructed_adverse,baseline_h80_x40,80.0,0.4,12.0,60,20,60.0,False,False,True,-21.607,-19.587,-18.447,False,False,0.15,4.0,True,False,True,True,,3.3838,0.4196,RELAY_CONNECTIVITY_INFEASIBLE,relay_visibility_failure
PAY-HELIX-NANO,secondary_sensitivity,obstructed_adverse,baseline_h80_x40,80.0,0.4,12.0,60,30,60.0,False,False,True,-21.607,-19.587,-18.447,False,False,0.15,4.0,True,False,True,True,,4.4394,0.4806,RELAY_CONNECTIVITY_INFEASIBLE,relay_visibility_failure
PAY-HELIX-NANO,secondary_sensitivity,obstructed_adverse,baseline_h80_x40,80.0,0.4,12.0,60,45,60.0,False,False,True,-21.607,-19.587,-18.447,False,False,0.15,4.0,True,False,True,False,rotor_diameter|vehicle_span,13.9324,0.8514,RELAY_CONNECTIVITY_INFEASIBLE,relay_visibility_failure
PAY-HELIX-NANO,secondary_sensitivity,obstructed_adverse,baseline_h80_x40,80.0,0.4,12.0,60,60,60.0,False,False,True,-21.607,-19.587,-18.447,False,False,0.15,4.0,False,True,False,False,,,,RELAY_CONNECTIVITY_INFEASIBLE,relay_visibility_failure
PAY-HELIX-NANO,secondary_sensitivity,obstructed_adverse,baseline_h80_x40,80.0,0.4,12.0,5,10,120.0,False,True,True,-0.025,1.987,3.136,False,True,0.15,4.0,True,False,True,True,,3.3838,0.4196,RELAY_BENEFICIAL_AND_FEASIBLE,direct_visibility_loss_relay_visibility_restoration
PAY-HELIX-NANO,secondary_sensitivity,obstructed_adverse,baseline_h80_x40,80.0,0.4,12.0,5,20,120.0,False,True,True,-0.025,1.987,3.136,False,True,0.15,4.0,True,False,True,True,,3.3838,0.4196,RELAY_BENEFICIAL_AND_FEASIBLE,direct_visibility_loss_relay_visibility_restoration
PAY-HELIX-NANO,secondary_sensitivity,obstructed_adverse,baseline_h80_x40,80.0,0.4,12.0,5,30,120.0,False,True,True,-0.025,1.987,3.136,False,True,0.15,4.0,True,False,True,True,,4.4394,0.4806,RELAY_BENEFICIAL_AND_FEASIBLE,direct_visibility_loss_relay_visibility_restoration
PAY-HELIX-NANO,secondary_sensitivity,obstructed_adverse,baseline_h80_x40,80.0,0.4,12.0,5,45,120.0,False,True,True,-0.025,1.987,3.136,False,True,0.15,4.0,True,False,True,False,rotor_diameter|vehicle_span,13.9324,0.8514,MASS_CLOSED_PRACTICAL_CONSTRAINT_FAILURE,finite_closure_exceeds_practical_analysis_boundary
PAY-HELIX-NANO,secondary_sensitivity,obstructed_adverse,baseline_h80_x40,80.0,0.4,12.0,5,60,120.0,False,True,True,-0.025,1.987,3.136,False,True,0.15,4.0,False,True,False,False,,,,RELAY_FUNCTIONAL_VEHICLE_RESOURCE_FAILURE,endurance_driven_mathematical_nonclosure
PAY-HELIX-NANO,secondary_sensitivity,obstructed_adverse,baseline_h80_x40,80.0,0.4,12.0,10,10,120.0,False,True,True,-6.045,-4.026,-2.884,False,False,0.15,4.0,True,False,True,True,,3.3838,0.4196,RELAY_CONNECTIVITY_INFEASIBLE,relay_visibility_restored_but_relay_link_margin_failure
PAY-HELIX-NANO,secondary_sensitivity,obstructed_adverse,baseline_h80_x40,80.0,0.4,12.0,10,20,120.0,False,True,True,-6.045,-4.026,-2.884,False,False,0.15,4.0,True,False,True,True,,3.3838,0.4196,RELAY_CONNECTIVITY_INFEASIBLE,relay_visibility_restored_but_relay_link_margin_failure
PAY-HELIX-NANO,secondary_sensitivity,obstructed_adverse,baseline_h80_x40,80.0,0.4,12.0,10,30,120.0,False,True,True,-6.045,-4.026,-2.884,False,False,0.15,4.0,True,False,True,True,,4.4394,0.4806,RELAY_CONNECTIVITY_INFEASIBLE,relay_visibility_restored_but_relay_link_margin_failure
PAY-HELIX-NANO,secondary_sensitivity,obstructed_adverse,baseline_h80_x40,80.0,0.4,12.0,10,45,120.0,False,True,True,-6.045,-4.026,-2.884,False,False,0.15,4.0,True,False,True,False,rotor_diameter|vehicle_span,13.9324,0.8514,RELAY_CONNECTIVITY_INFEASIBLE,relay_visibility_restored_but_relay_link_margin_failure
PAY-HELIX-NANO,secondary_sensitivity,obstructed_adverse,baseline_h80_x40,80.0,0.4,12.0,10,60,120.0,False,True,True,-6.045,-4.026,-2.884,False,False,0.15,4.0,False,True,False,False,,,,RELAY_CONNECTIVITY_INFEASIBLE,relay_visibility_restored_but_relay_link_margin_failure
PAY-HELIX-NANO,secondary_sensitivity,obstructed_adverse,baseline_h80_x40,80.0,0.4,12.0,20,10,120.0,False,True,True,-12.065,-10.045,-8.905,False,False,0.15,4.0,True,False,True,True,,3.3838,0.4196,RELAY_CONNECTIVITY_INFEASIBLE,relay_visibility_restored_but_relay_link_margin_failure
PAY-HELIX-NANO,secondary_sensitivity,obstructed_adverse,baseline_h80_x40,80.0,0.4,12.0,20,20,120.0,False,True,True,-12.065,-10.045,-8.905,False,False,0.15,4.0,True,False,True,True,,3.3838,0.4196,RELAY_CONNECTIVITY_INFEASIBLE,relay_visibility_restored_but_relay_link_margin_failure
PAY-HELIX-NANO,secondary_sensitivity,obstructed_adverse,baseline_h80_x40,80.0,0.4,12.0,20,30,120.0,False,True,True,-12.065,-10.045,-8.905,False,False,0.15,4.0,True,False,True,True,,4.4394,0.4806,RELAY_CONNECTIVITY_INFEASIBLE,relay_visibility_restored_but_relay_link_margin_failure
PAY-HELIX-NANO,secondary_sensitivity,obstructed_adverse,baseline_h80_x40,80.0,0.4,12.0,20,45,120.0,False,True,True,-12.065,-10.045,-8.905,False,False,0.15,4.0,True,False,True,False,rotor_diameter|vehicle_span,13.9324,0.8514,RELAY_CONNECTIVITY_INFEASIBLE,relay_visibility_restored_but_relay_link_margin_failure
PAY-HELIX-NANO,secondary_sensitivity,obstructed_adverse,baseline_h80_x40,80.0,0.4,12.0,20,60,120.0,False,True,True,-12.065,-10.045,-8.905,False,False,0.15,4.0,False,True,False,False,,,,RELAY_CONNECTIVITY_INFEASIBLE,relay_visibility_restored_but_relay_link_margin_failure
PAY-HELIX-NANO,secondary_sensitivity,obstructed_adverse,baseline_h80_x40,80.0,0.4,12.0,30,10,120.0,False,True,True,-15.587,-13.566,-12.427,False,False,0.15,4.0,True,False,True,True,,3.3838,0.4196,RELAY_CONNECTIVITY_INFEASIBLE,relay_visibility_restored_but_relay_link_margin_failure
PAY-HELIX-NANO,secondary_sensitivity,obstructed_adverse,baseline_h80_x40,80.0,0.4,12.0,30,20,120.0,False,True,True,-15.587,-13.566,-12.427,False,False,0.15,4.0,True,False,True,True,,3.3838,0.4196,RELAY_CONNECTIVITY_INFEASIBLE,relay_visibility_restored_but_relay_link_margin_failure
PAY-HELIX-NANO,secondary_sensitivity,obstructed_adverse,baseline_h80_x40,80.0,0.4,12.0,30,30,120.0,False,True,True,-15.587,-13.566,-12.427,False,False,0.15,4.0,True,False,True,True,,4.4394,0.4806,RELAY_CONNECTIVITY_INFEASIBLE,relay_visibility_restored_but_relay_link_margin_failure
PAY-HELIX-NANO,secondary_sensitivity,obstructed_adverse,baseline_h80_x40,80.0,0.4,12.0,30,45,120.0,False,True,True,-15.587,-13.566,-12.427,False,False,0.15,4.0,True,False,True,False,rotor_diameter|vehicle_span,13.9324,0.8514,RELAY_CONNECTIVITY_INFEASIBLE,relay_visibility_restored_but_relay_link_margin_failure
PAY-HELIX-NANO,secondary_sensitivity,obstructed_adverse,baseline_h80_x40,80.0,0.4,12.0,30,60,120.0,False,True,True,-15.587,-13.566,-12.427,False,False,0.15,4.0,False,True,False,False,,,,RELAY_CONNECTIVITY_INFEASIBLE,relay_visibility_restored_but_relay_link_margin_failure
PAY-HELIX-NANO,secondary_sensitivity,obstructed_adverse,baseline_h80_x40,80.0,0.4,12.0,40,10,120.0,False,True,True,-18.085,-16.065,-14.925,False,False,0.15,4.0,True,False,True,True,,3.3838,0.4196,RELAY_CONNECTIVITY_INFEASIBLE,relay_visibility_restored_but_relay_link_margin_failure
PAY-HELIX-NANO,secondary_sensitivity,obstructed_adverse,baseline_h80_x40,80.0,0.4,12.0,40,20,120.0,False,True,True,-18.085,-16.065,-14.925,False,False,0.15,4.0,True,False,True,True,,3.3838,0.4196,RELAY_CONNECTIVITY_INFEASIBLE,relay_visibility_restored_but_relay_link_margin_failure
PAY-HELIX-NANO,secondary_sensitivity,obstructed_adverse,baseline_h80_x40,80.0,0.4,12.0,40,30,120.0,False,True,True,-18.085,-16.065,-14.925,False,False,0.15,4.0,True,False,True,True,,4.4394,0.4806,RELAY_CONNECTIVITY_INFEASIBLE,relay_visibility_restored_but_relay_link_margin_failure
PAY-HELIX-NANO,secondary_sensitivity,obstructed_adverse,baseline_h80_x40,80.0,0.4,12.0,40,45,120.0,False,True,True,-18.085,-16.065,-14.925,False,False,0.15,4.0,True,False,True,False,rotor_diameter|vehicle_span,13.9324,0.8514,RELAY_CONNECTIVITY_INFEASIBLE,relay_visibility_restored_but_relay_link_margin_failure
PAY-HELIX-NANO,secondary_sensitivity,obstructed_adverse,baseline_h80_x40,80.0,0.4,12.0,40,60,120.0,False,True,True,-18.085,-16.065,-14.925,False,False,0.15,4.0,False,True,False,False,,,,RELAY_CONNECTIVITY_INFEASIBLE,relay_visibility_restored_but_relay_link_margin_failure
PAY-HELIX-NANO,secondary_sensitivity,obstructed_adverse,baseline_h80_x40,80.0,0.4,12.0,60,10,120.0,False,True,True,-21.607,-19.587,-18.447,False,False,0.15,4.0,True,False,True,True,,3.3838,0.4196,RELAY_CONNECTIVITY_INFEASIBLE,relay_visibility_restored_but_relay_link_margin_failure
PAY-HELIX-NANO,secondary_sensitivity,obstructed_adverse,baseline_h80_x40,80.0,0.4,12.0,60,20,120.0,False,True,True,-21.607,-19.587,-18.447,False,False,0.15,4.0,True,False,True,True,,3.3838,0.4196,RELAY_CONNECTIVITY_INFEASIBLE,relay_visibility_restored_but_relay_link_margin_failure
PAY-HELIX-NANO,secondary_sensitivity,obstructed_adverse,baseline_h80_x40,80.0,0.4,12.0,60,30,120.0,False,True,True,-21.607,-19.587,-18.447,False,False,0.15,4.0,True,False,True,True,,4.4394,0.4806,RELAY_CONNECTIVITY_INFEASIBLE,relay_visibility_restored_but_relay_link_margin_failure
PAY-HELIX-NANO,secondary_sensitivity,obstructed_adverse,baseline_h80_x40,80.0,0.4,12.0,60,45,120.0,False,True,True,-21.607,-19.587,-18.447,False,False,0.15,4.0,True,False,True,False,rotor_diameter|vehicle_span,13.9324,0.8514,RELAY_CONNECTIVITY_INFEASIBLE,relay_visibility_restored_but_relay_link_margin_failure
PAY-HELIX-NANO,secondary_sensitivity,obstructed_adverse,baseline_h80_x40,80.0,0.4,12.0,60,60,120.0,False,True,True,-21.607,-19.587,-18.447,False,False,0.15,4.0,False,True,False,False,,,,RELAY_CONNECTIVITY_INFEASIBLE,relay_visibility_restored_but_relay_link_margin_failure
PAY-HELIX-NANO,secondary_sensitivity,obstructed_adverse,baseline_h80_x40,80.0,0.4,12.0,5,10,240.0,False,True,True,-0.025,1.957,3.123,False,True,0.15,4.0,True,False,True,True,,3.3838,0.4196,RELAY_BENEFICIAL_AND_FEASIBLE,direct_visibility_loss_relay_visibility_restoration
PAY-HELIX-NANO,secondary_sensitivity,obstructed_adverse,baseline_h80_x40,80.0,0.4,12.0,5,20,240.0,False,True,True,-0.025,1.957,3.123,False,True,0.15,4.0,True,False,True,True,,3.3838,0.4196,RELAY_BENEFICIAL_AND_FEASIBLE,direct_visibility_loss_relay_visibility_restoration
PAY-HELIX-NANO,secondary_sensitivity,obstructed_adverse,baseline_h80_x40,80.0,0.4,12.0,5,30,240.0,False,True,True,-0.025,1.957,3.123,False,True,0.15,4.0,True,False,True,True,,4.4394,0.4806,RELAY_BENEFICIAL_AND_FEASIBLE,direct_visibility_loss_relay_visibility_restoration
PAY-HELIX-NANO,secondary_sensitivity,obstructed_adverse,baseline_h80_x40,80.0,0.4,12.0,5,45,240.0,False,True,True,-0.025,1.957,3.123,False,True,0.15,4.0,True,False,True,False,rotor_diameter|vehicle_span,13.9324,0.8514,MASS_CLOSED_PRACTICAL_CONSTRAINT_FAILURE,finite_closure_exceeds_practical_analysis_boundary
PAY-HELIX-NANO,secondary_sensitivity,obstructed_adverse,baseline_h80_x40,80.0,0.4,12.0,5,60,240.0,False,True,True,-0.025,1.957,3.123,False,True,0.15,4.0,False,True,False,False,,,,RELAY_FUNCTIONAL_VEHICLE_RESOURCE_FAILURE,endurance_driven_mathematical_nonclosure
PAY-HELIX-NANO,secondary_sensitivity,obstructed_adverse,baseline_h80_x40,80.0,0.4,12.0,10,10,240.0,False,True,True,-6.045,-4.034,-2.888,False,False,0.15,4.0,True,False,True,True,,3.3838,0.4196,RELAY_CONNECTIVITY_INFEASIBLE,relay_visibility_restored_but_relay_link_margin_failure
PAY-HELIX-NANO,secondary_sensitivity,obstructed_adverse,baseline_h80_x40,80.0,0.4,12.0,10,20,240.0,False,True,True,-6.045,-4.034,-2.888,False,False,0.15,4.0,True,False,True,True,,3.3838,0.4196,RELAY_CONNECTIVITY_INFEASIBLE,relay_visibility_restored_but_relay_link_margin_failure
PAY-HELIX-NANO,secondary_sensitivity,obstructed_adverse,baseline_h80_x40,80.0,0.4,12.0,10,30,240.0,False,True,True,-6.045,-4.034,-2.888,False,False,0.15,4.0,True,False,True,True,,4.4394,0.4806,RELAY_CONNECTIVITY_INFEASIBLE,relay_visibility_restored_but_relay_link_margin_failure
PAY-HELIX-NANO,secondary_sensitivity,obstructed_adverse,baseline_h80_x40,80.0,0.4,12.0,10,45,240.0,False,True,True,-6.045,-4.034,-2.888,False,False,0.15,4.0,True,False,True,False,rotor_diameter|vehicle_span,13.9324,0.8514,RELAY_CONNECTIVITY_INFEASIBLE,relay_visibility_restored_but_relay_link_margin_failure
PAY-HELIX-NANO,secondary_sensitivity,obstructed_adverse,baseline_h80_x40,80.0,0.4,12.0,10,60,240.0,False,True,True,-6.045,-4.034,-2.888,False,False,0.15,4.0,False,True,False,False,,,,RELAY_CONNECTIVITY_INFEASIBLE,relay_visibility_restored_but_relay_link_margin_failure
PAY-HELIX-NANO,secondary_sensitivity,obstructed_adverse,baseline_h80_x40,80.0,0.4,12.0,20,10,240.0,False,True,True,-12.065,-10.047,-8.906,False,False,0.15,4.0,True,False,True,True,,3.3838,0.4196,RELAY_CONNECTIVITY_INFEASIBLE,relay_visibility_restored_but_relay_link_margin_failure
PAY-HELIX-NANO,secondary_sensitivity,obstructed_adverse,baseline_h80_x40,80.0,0.4,12.0,20,20,240.0,False,True,True,-12.065,-10.047,-8.906,False,False,0.15,4.0,True,False,True,True,,3.3838,0.4196,RELAY_CONNECTIVITY_INFEASIBLE,relay_visibility_restored_but_relay_link_margin_failure
PAY-HELIX-NANO,secondary_sensitivity,obstructed_adverse,baseline_h80_x40,80.0,0.4,12.0,20,30,240.0,False,True,True,-12.065,-10.047,-8.906,False,False,0.15,4.0,True,False,True,True,,4.4394,0.4806,RELAY_CONNECTIVITY_INFEASIBLE,relay_visibility_restored_but_relay_link_margin_failure
PAY-HELIX-NANO,secondary_sensitivity,obstructed_adverse,baseline_h80_x40,80.0,0.4,12.0,20,45,240.0,False,True,True,-12.065,-10.047,-8.906,False,False,0.15,4.0,True,False,True,False,rotor_diameter|vehicle_span,13.9324,0.8514,RELAY_CONNECTIVITY_INFEASIBLE,relay_visibility_restored_but_relay_link_margin_failure
PAY-HELIX-NANO,secondary_sensitivity,obstructed_adverse,baseline_h80_x40,80.0,0.4,12.0,20,60,240.0,False,True,True,-12.065,-10.047,-8.906,False,False,0.15,4.0,False,True,False,False,,,,RELAY_CONNECTIVITY_INFEASIBLE,relay_visibility_restored_but_relay_link_margin_failure
PAY-HELIX-NANO,secondary_sensitivity,obstructed_adverse,baseline_h80_x40,80.0,0.4,12.0,30,10,240.0,False,True,True,-15.587,-13.567,-12.427,False,False,0.15,4.0,True,False,True,True,,3.3838,0.4196,RELAY_CONNECTIVITY_INFEASIBLE,relay_visibility_restored_but_relay_link_margin_failure
PAY-HELIX-NANO,secondary_sensitivity,obstructed_adverse,baseline_h80_x40,80.0,0.4,12.0,30,20,240.0,False,True,True,-15.587,-13.567,-12.427,False,False,0.15,4.0,True,False,True,True,,3.3838,0.4196,RELAY_CONNECTIVITY_INFEASIBLE,relay_visibility_restored_but_relay_link_margin_failure
PAY-HELIX-NANO,secondary_sensitivity,obstructed_adverse,baseline_h80_x40,80.0,0.4,12.0,30,30,240.0,False,True,True,-15.587,-13.567,-12.427,False,False,0.15,4.0,True,False,True,True,,4.4394,0.4806,RELAY_CONNECTIVITY_INFEASIBLE,relay_visibility_restored_but_relay_link_margin_failure
PAY-HELIX-NANO,secondary_sensitivity,obstructed_adverse,baseline_h80_x40,80.0,0.4,12.0,30,45,240.0,False,True,True,-15.587,-13.567,-12.427,False,False,0.15,4.0,True,False,True,False,rotor_diameter|vehicle_span,13.9324,0.8514,RELAY_CONNECTIVITY_INFEASIBLE,relay_visibility_restored_but_relay_link_margin_failure
PAY-HELIX-NANO,secondary_sensitivity,obstructed_adverse,baseline_h80_x40,80.0,0.4,12.0,30,60,240.0,False,True,True,-15.587,-13.567,-12.427,False,False,0.15,4.0,False,True,False,False,,,,RELAY_CONNECTIVITY_INFEASIBLE,relay_visibility_restored_but_relay_link_margin_failure
PAY-HELIX-NANO,secondary_sensitivity,obstructed_adverse,baseline_h80_x40,80.0,0.4,12.0,40,10,240.0,False,True,True,-18.085,-16.065,-14.926,False,False,0.15,4.0,True,False,True,True,,3.3838,0.4196,RELAY_CONNECTIVITY_INFEASIBLE,relay_visibility_restored_but_relay_link_margin_failure
PAY-HELIX-NANO,secondary_sensitivity,obstructed_adverse,baseline_h80_x40,80.0,0.4,12.0,40,20,240.0,False,True,True,-18.085,-16.065,-14.926,False,False,0.15,4.0,True,False,True,True,,3.3838,0.4196,RELAY_CONNECTIVITY_INFEASIBLE,relay_visibility_restored_but_relay_link_margin_failure
PAY-HELIX-NANO,secondary_sensitivity,obstructed_adverse,baseline_h80_x40,80.0,0.4,12.0,40,30,240.0,False,True,True,-18.085,-16.065,-14.926,False,False,0.15,4.0,True,False,True,True,,4.4394,0.4806,RELAY_CONNECTIVITY_INFEASIBLE,relay_visibility_restored_but_relay_link_margin_failure
PAY-HELIX-NANO,secondary_sensitivity,obstructed_adverse,baseline_h80_x40,80.0,0.4,12.0,40,45,240.0,False,True,True,-18.085,-16.065,-14.926,False,False,0.15,4.0,True,False,True,False,rotor_diameter|vehicle_span,13.9324,0.8514,RELAY_CONNECTIVITY_INFEASIBLE,relay_visibility_restored_but_relay_link_margin_failure
PAY-HELIX-NANO,secondary_sensitivity,obstructed_adverse,baseline_h80_x40,80.0,0.4,12.0,40,60,240.0,False,True,True,-18.085,-16.065,-14.926,False,False,0.15,4.0,False,True,False,False,,,,RELAY_CONNECTIVITY_INFEASIBLE,relay_visibility_restored_but_relay_link_margin_failure
PAY-HELIX-NANO,secondary_sensitivity,obstructed_adverse,baseline_h80_x40,80.0,0.4,12.0,60,10,240.0,False,True,True,-21.607,-19.587,-18.447,False,False,0.15,4.0,True,False,True,True,,3.3838,0.4196,RELAY_CONNECTIVITY_INFEASIBLE,relay_visibility_restored_but_relay_link_margin_failure
PAY-HELIX-NANO,secondary_sensitivity,obstructed_adverse,baseline_h80_x40,80.0,0.4,12.0,60,20,240.0,False,True,True,-21.607,-19.587,-18.447,False,False,0.15,4.0,True,False,True,True,,3.3838,0.4196,RELAY_CONNECTIVITY_INFEASIBLE,relay_visibility_restored_but_relay_link_margin_failure
PAY-HELIX-NANO,secondary_sensitivity,obstructed_adverse,baseline_h80_x40,80.0,0.4,12.0,60,30,240.0,False,True,True,-21.607,-19.587,-18.447,False,False,0.15,4.0,True,False,True,True,,4.4394,0.4806,RELAY_CONNECTIVITY_INFEASIBLE,relay_visibility_restored_but_relay_link_margin_failure
PAY-HELIX-NANO,secondary_sensitivity,obstructed_adverse,baseline_h80_x40,80.0,0.4,12.0,60,45,240.0,False,True,True,-21.607,-19.587,-18.447,False,False,0.15,4.0,True,False,True,False,rotor_diameter|vehicle_span,13.9324,0.8514,RELAY_CONNECTIVITY_INFEASIBLE,relay_visibility_restored_but_relay_link_margin_failure
PAY-HELIX-NANO,secondary_sensitivity,obstructed_adverse,baseline_h80_x40,80.0,0.4,12.0,60,60,240.0,False,True,True,-21.607,-19.587,-18.447,False,False,0.15,4.0,False,True,False,False,,,,RELAY_CONNECTIVITY_INFEASIBLE,relay_visibility_restored_but_relay_link_margin_failure
PAY-HELIX-NANO,secondary_sensitivity,obstruction_sensitivity_h60_x40,h60_x40,60.0,0.4,0.0,5,10,60.0,False,False,True,11.975,13.994,15.135,False,False,0.15,4.0,True,False,True,True,,3.3838,0.4196,RELAY_CONNECTIVITY_INFEASIBLE,relay_visibility_failure
PAY-HELIX-NANO,secondary_sensitivity,obstruction_sensitivity_h60_x40,h60_x40,60.0,0.4,0.0,5,20,60.0,False,False,True,11.975,13.994,15.135,False,False,0.15,4.0,True,False,True,True,,3.3838,0.4196,RELAY_CONNECTIVITY_INFEASIBLE,relay_visibility_failure
PAY-HELIX-NANO,secondary_sensitivity,obstruction_sensitivity_h60_x40,h60_x40,60.0,0.4,0.0,5,30,60.0,False,False,True,11.975,13.994,15.135,False,False,0.15,4.0,True,False,True,True,,4.4394,0.4806,RELAY_CONNECTIVITY_INFEASIBLE,relay_visibility_failure
PAY-HELIX-NANO,secondary_sensitivity,obstruction_sensitivity_h60_x40,h60_x40,60.0,0.4,0.0,5,45,60.0,False,False,True,11.975,13.994,15.135,False,False,0.15,4.0,True,False,True,False,rotor_diameter|vehicle_span,13.9324,0.8514,RELAY_CONNECTIVITY_INFEASIBLE,relay_visibility_failure
PAY-HELIX-NANO,secondary_sensitivity,obstruction_sensitivity_h60_x40,h60_x40,60.0,0.4,0.0,5,60,60.0,False,False,True,11.975,13.994,15.135,False,False,0.15,4.0,False,True,False,False,,,,RELAY_CONNECTIVITY_INFEASIBLE,relay_visibility_failure
PAY-HELIX-NANO,secondary_sensitivity,obstruction_sensitivity_h60_x40,h60_x40,60.0,0.4,0.0,10,10,60.0,False,False,True,5.955,7.976,9.116,False,False,0.15,4.0,True,False,True,True,,3.3838,0.4196,RELAY_CONNECTIVITY_INFEASIBLE,relay_visibility_failure
PAY-HELIX-NANO,secondary_sensitivity,obstruction_sensitivity_h60_x40,h60_x40,60.0,0.4,0.0,10,20,60.0,False,False,True,5.955,7.976,9.116,False,False,0.15,4.0,True,False,True,True,,3.3838,0.4196,RELAY_CONNECTIVITY_INFEASIBLE,relay_visibility_failure
PAY-HELIX-NANO,secondary_sensitivity,obstruction_sensitivity_h60_x40,h60_x40,60.0,0.4,0.0,10,30,60.0,False,False,True,5.955,7.976,9.116,False,False,0.15,4.0,True,False,True,True,,4.4394,0.4806,RELAY_CONNECTIVITY_INFEASIBLE,relay_visibility_failure
PAY-HELIX-NANO,secondary_sensitivity,obstruction_sensitivity_h60_x40,h60_x40,60.0,0.4,0.0,10,45,60.0,False,False,True,5.955,7.976,9.116,False,False,0.15,4.0,True,False,True,False,rotor_diameter|vehicle_span,13.9324,0.8514,RELAY_CONNECTIVITY_INFEASIBLE,relay_visibility_failure
PAY-HELIX-NANO,secondary_sensitivity,obstruction_sensitivity_h60_x40,h60_x40,60.0,0.4,0.0,10,60,60.0,False,False,True,5.955,7.976,9.116,False,False,0.15,4.0,False,True,False,False,,,,RELAY_CONNECTIVITY_INFEASIBLE,relay_visibility_failure
PAY-HELIX-NANO,secondary_sensitivity,obstruction_sensitivity_h60_x40,h60_x40,60.0,0.4,0.0,20,10,60.0,False,False,True,-0.065,1.956,3.095,False,False,0.15,4.0,True,False,True,True,,3.3838,0.4196,RELAY_CONNECTIVITY_INFEASIBLE,relay_visibility_failure
PAY-HELIX-NANO,secondary_sensitivity,obstruction_sensitivity_h60_x40,h60_x40,60.0,0.4,0.0,20,20,60.0,False,False,True,-0.065,1.956,3.095,False,False,0.15,4.0,True,False,True,True,,3.3838,0.4196,RELAY_CONNECTIVITY_INFEASIBLE,relay_visibility_failure
PAY-HELIX-NANO,secondary_sensitivity,obstruction_sensitivity_h60_x40,h60_x40,60.0,0.4,0.0,20,30,60.0,False,False,True,-0.065,1.956,3.095,False,False,0.15,4.0,True,False,True,True,,4.4394,0.4806,RELAY_CONNECTIVITY_INFEASIBLE,relay_visibility_failure
PAY-HELIX-NANO,secondary_sensitivity,obstruction_sensitivity_h60_x40,h60_x40,60.0,0.4,0.0,20,45,60.0,False,False,True,-0.065,1.956,3.095,False,False,0.15,4.0,True,False,True,False,rotor_diameter|vehicle_span,13.9324,0.8514,RELAY_CONNECTIVITY_INFEASIBLE,relay_visibility_failure
PAY-HELIX-NANO,secondary_sensitivity,obstruction_sensitivity_h60_x40,h60_x40,60.0,0.4,0.0,20,60,60.0,False,False,True,-0.065,1.956,3.095,False,False,0.15,4.0,False,True,False,False,,,,RELAY_CONNECTIVITY_INFEASIBLE,relay_visibility_failure
PAY-HELIX-NANO,secondary_sensitivity,obstruction_sensitivity_h60_x40,h60_x40,60.0,0.4,0.0,30,10,60.0,False,False,True,-3.587,-1.566,-0.427,False,False,0.15,4.0,True,False,True,True,,3.3838,0.4196,RELAY_CONNECTIVITY_INFEASIBLE,relay_visibility_failure
PAY-HELIX-NANO,secondary_sensitivity,obstruction_sensitivity_h60_x40,h60_x40,60.0,0.4,0.0,30,20,60.0,False,False,True,-3.587,-1.566,-0.427,False,False,0.15,4.0,True,False,True,True,,3.3838,0.4196,RELAY_CONNECTIVITY_INFEASIBLE,relay_visibility_failure
PAY-HELIX-NANO,secondary_sensitivity,obstruction_sensitivity_h60_x40,h60_x40,60.0,0.4,0.0,30,30,60.0,False,False,True,-3.587,-1.566,-0.427,False,False,0.15,4.0,True,False,True,True,,4.4394,0.4806,RELAY_CONNECTIVITY_INFEASIBLE,relay_visibility_failure
PAY-HELIX-NANO,secondary_sensitivity,obstruction_sensitivity_h60_x40,h60_x40,60.0,0.4,0.0,30,45,60.0,False,False,True,-3.587,-1.566,-0.427,False,False,0.15,4.0,True,False,True,False,rotor_diameter|vehicle_span,13.9324,0.8514,RELAY_CONNECTIVITY_INFEASIBLE,relay_visibility_failure
PAY-HELIX-NANO,secondary_sensitivity,obstruction_sensitivity_h60_x40,h60_x40,60.0,0.4,0.0,30,60,60.0,False,False,True,-3.587,-1.566,-0.427,False,False,0.15,4.0,False,True,False,False,,,,RELAY_CONNECTIVITY_INFEASIBLE,relay_visibility_failure
PAY-HELIX-NANO,secondary_sensitivity,obstruction_sensitivity_h60_x40,h60_x40,60.0,0.4,0.0,40,10,60.0,False,False,True,-6.085,-4.065,-2.925,False,False,0.15,4.0,True,False,True,True,,3.3838,0.4196,RELAY_CONNECTIVITY_INFEASIBLE,relay_visibility_failure
PAY-HELIX-NANO,secondary_sensitivity,obstruction_sensitivity_h60_x40,h60_x40,60.0,0.4,0.0,40,20,60.0,False,False,True,-6.085,-4.065,-2.925,False,False,0.15,4.0,True,False,True,True,,3.3838,0.4196,RELAY_CONNECTIVITY_INFEASIBLE,relay_visibility_failure
PAY-HELIX-NANO,secondary_sensitivity,obstruction_sensitivity_h60_x40,h60_x40,60.0,0.4,0.0,40,30,60.0,False,False,True,-6.085,-4.065,-2.925,False,False,0.15,4.0,True,False,True,True,,4.4394,0.4806,RELAY_CONNECTIVITY_INFEASIBLE,relay_visibility_failure
PAY-HELIX-NANO,secondary_sensitivity,obstruction_sensitivity_h60_x40,h60_x40,60.0,0.4,0.0,40,45,60.0,False,False,True,-6.085,-4.065,-2.925,False,False,0.15,4.0,True,False,True,False,rotor_diameter|vehicle_span,13.9324,0.8514,RELAY_CONNECTIVITY_INFEASIBLE,relay_visibility_failure
PAY-HELIX-NANO,secondary_sensitivity,obstruction_sensitivity_h60_x40,h60_x40,60.0,0.4,0.0,40,60,60.0,False,False,True,-6.085,-4.065,-2.925,False,False,0.15,4.0,False,True,False,False,,,,RELAY_CONNECTIVITY_INFEASIBLE,relay_visibility_failure
PAY-HELIX-NANO,secondary_sensitivity,obstruction_sensitivity_h60_x40,h60_x40,60.0,0.4,0.0,60,10,60.0,False,False,True,-9.607,-7.587,-6.447,False,False,0.15,4.0,True,False,True,True,,3.3838,0.4196,RELAY_CONNECTIVITY_INFEASIBLE,relay_visibility_failure
PAY-HELIX-NANO,secondary_sensitivity,obstruction_sensitivity_h60_x40,h60_x40,60.0,0.4,0.0,60,20,60.0,False,False,True,-9.607,-7.587,-6.447,False,False,0.15,4.0,True,False,True,True,,3.3838,0.4196,RELAY_CONNECTIVITY_INFEASIBLE,relay_visibility_failure
PAY-HELIX-NANO,secondary_sensitivity,obstruction_sensitivity_h60_x40,h60_x40,60.0,0.4,0.0,60,30,60.0,False,False,True,-9.607,-7.587,-6.447,False,False,0.15,4.0,True,False,True,True,,4.4394,0.4806,RELAY_CONNECTIVITY_INFEASIBLE,relay_visibility_failure
PAY-HELIX-NANO,secondary_sensitivity,obstruction_sensitivity_h60_x40,h60_x40,60.0,0.4,0.0,60,45,60.0,False,False,True,-9.607,-7.587,-6.447,False,False,0.15,4.0,True,False,True,False,rotor_diameter|vehicle_span,13.9324,0.8514,RELAY_CONNECTIVITY_INFEASIBLE,relay_visibility_failure
PAY-HELIX-NANO,secondary_sensitivity,obstruction_sensitivity_h60_x40,h60_x40,60.0,0.4,0.0,60,60,60.0,False,False,True,-9.607,-7.587,-6.447,False,False,0.15,4.0,False,True,False,False,,,,RELAY_CONNECTIVITY_INFEASIBLE,relay_visibility_failure
PAY-HELIX-NANO,secondary_sensitivity,obstruction_sensitivity_h60_x40,h60_x40,60.0,0.4,0.0,5,10,120.0,False,True,True,11.975,13.987,15.136,False,True,0.15,4.0,True,False,True,True,,3.3838,0.4196,RELAY_BENEFICIAL_AND_FEASIBLE,direct_visibility_loss_relay_visibility_restoration
PAY-HELIX-NANO,secondary_sensitivity,obstruction_sensitivity_h60_x40,h60_x40,60.0,0.4,0.0,5,20,120.0,False,True,True,11.975,13.987,15.136,False,True,0.15,4.0,True,False,True,True,,3.3838,0.4196,RELAY_BENEFICIAL_AND_FEASIBLE,direct_visibility_loss_relay_visibility_restoration
PAY-HELIX-NANO,secondary_sensitivity,obstruction_sensitivity_h60_x40,h60_x40,60.0,0.4,0.0,5,30,120.0,False,True,True,11.975,13.987,15.136,False,True,0.15,4.0,True,False,True,True,,4.4394,0.4806,RELAY_BENEFICIAL_AND_FEASIBLE,direct_visibility_loss_relay_visibility_restoration
PAY-HELIX-NANO,secondary_sensitivity,obstruction_sensitivity_h60_x40,h60_x40,60.0,0.4,0.0,5,45,120.0,False,True,True,11.975,13.987,15.136,False,True,0.15,4.0,True,False,True,False,rotor_diameter|vehicle_span,13.9324,0.8514,MASS_CLOSED_PRACTICAL_CONSTRAINT_FAILURE,finite_closure_exceeds_practical_analysis_boundary
PAY-HELIX-NANO,secondary_sensitivity,obstruction_sensitivity_h60_x40,h60_x40,60.0,0.4,0.0,5,60,120.0,False,True,True,11.975,13.987,15.136,False,True,0.15,4.0,False,True,False,False,,,,RELAY_FUNCTIONAL_VEHICLE_RESOURCE_FAILURE,endurance_driven_mathematical_nonclosure
PAY-HELIX-NANO,secondary_sensitivity,obstruction_sensitivity_h60_x40,h60_x40,60.0,0.4,0.0,10,10,120.0,False,True,True,5.955,7.974,9.116,False,True,0.15,4.0,True,False,True,True,,3.3838,0.4196,RELAY_BENEFICIAL_AND_FEASIBLE,direct_visibility_loss_relay_visibility_restoration
PAY-HELIX-NANO,secondary_sensitivity,obstruction_sensitivity_h60_x40,h60_x40,60.0,0.4,0.0,10,20,120.0,False,True,True,5.955,7.974,9.116,False,True,0.15,4.0,True,False,True,True,,3.3838,0.4196,RELAY_BENEFICIAL_AND_FEASIBLE,direct_visibility_loss_relay_visibility_restoration
PAY-HELIX-NANO,secondary_sensitivity,obstruction_sensitivity_h60_x40,h60_x40,60.0,0.4,0.0,10,30,120.0,False,True,True,5.955,7.974,9.116,False,True,0.15,4.0,True,False,True,True,,4.4394,0.4806,RELAY_BENEFICIAL_AND_FEASIBLE,direct_visibility_loss_relay_visibility_restoration
PAY-HELIX-NANO,secondary_sensitivity,obstruction_sensitivity_h60_x40,h60_x40,60.0,0.4,0.0,10,45,120.0,False,True,True,5.955,7.974,9.116,False,True,0.15,4.0,True,False,True,False,rotor_diameter|vehicle_span,13.9324,0.8514,MASS_CLOSED_PRACTICAL_CONSTRAINT_FAILURE,finite_closure_exceeds_practical_analysis_boundary
PAY-HELIX-NANO,secondary_sensitivity,obstruction_sensitivity_h60_x40,h60_x40,60.0,0.4,0.0,10,60,120.0,False,True,True,5.955,7.974,9.116,False,True,0.15,4.0,False,True,False,False,,,,RELAY_FUNCTIONAL_VEHICLE_RESOURCE_FAILURE,endurance_driven_mathematical_nonclosure
PAY-HELIX-NANO,secondary_sensitivity,obstruction_sensitivity_h60_x40,h60_x40,60.0,0.4,0.0,20,10,120.0,False,True,True,-0.065,1.955,3.095,False,True,0.15,4.0,True,False,True,True,,3.3838,0.4196,RELAY_BENEFICIAL_AND_FEASIBLE,direct_visibility_loss_relay_visibility_restoration
PAY-HELIX-NANO,secondary_sensitivity,obstruction_sensitivity_h60_x40,h60_x40,60.0,0.4,0.0,20,20,120.0,False,True,True,-0.065,1.955,3.095,False,True,0.15,4.0,True,False,True,True,,3.3838,0.4196,RELAY_BENEFICIAL_AND_FEASIBLE,direct_visibility_loss_relay_visibility_restoration
PAY-HELIX-NANO,secondary_sensitivity,obstruction_sensitivity_h60_x40,h60_x40,60.0,0.4,0.0,20,30,120.0,False,True,True,-0.065,1.955,3.095,False,True,0.15,4.0,True,False,True,True,,4.4394,0.4806,RELAY_BENEFICIAL_AND_FEASIBLE,direct_visibility_loss_relay_visibility_restoration
PAY-HELIX-NANO,secondary_sensitivity,obstruction_sensitivity_h60_x40,h60_x40,60.0,0.4,0.0,20,45,120.0,False,True,True,-0.065,1.955,3.095,False,True,0.15,4.0,True,False,True,False,rotor_diameter|vehicle_span,13.9324,0.8514,MASS_CLOSED_PRACTICAL_CONSTRAINT_FAILURE,finite_closure_exceeds_practical_analysis_boundary
PAY-HELIX-NANO,secondary_sensitivity,obstruction_sensitivity_h60_x40,h60_x40,60.0,0.4,0.0,20,60,120.0,False,True,True,-0.065,1.955,3.095,False,True,0.15,4.0,False,True,False,False,,,,RELAY_FUNCTIONAL_VEHICLE_RESOURCE_FAILURE,endurance_driven_mathematical_nonclosure
PAY-HELIX-NANO,secondary_sensitivity,obstruction_sensitivity_h60_x40,h60_x40,60.0,0.4,0.0,30,10,120.0,False,True,True,-3.587,-1.566,-0.427,False,False,0.15,4.0,True,False,True,True,,3.3838,0.4196,RELAY_CONNECTIVITY_INFEASIBLE,relay_visibility_restored_but_relay_link_margin_failure
PAY-HELIX-NANO,secondary_sensitivity,obstruction_sensitivity_h60_x40,h60_x40,60.0,0.4,0.0,30,20,120.0,False,True,True,-3.587,-1.566,-0.427,False,False,0.15,4.0,True,False,True,True,,3.3838,0.4196,RELAY_CONNECTIVITY_INFEASIBLE,relay_visibility_restored_but_relay_link_margin_failure
PAY-HELIX-NANO,secondary_sensitivity,obstruction_sensitivity_h60_x40,h60_x40,60.0,0.4,0.0,30,30,120.0,False,True,True,-3.587,-1.566,-0.427,False,False,0.15,4.0,True,False,True,True,,4.4394,0.4806,RELAY_CONNECTIVITY_INFEASIBLE,relay_visibility_restored_but_relay_link_margin_failure
PAY-HELIX-NANO,secondary_sensitivity,obstruction_sensitivity_h60_x40,h60_x40,60.0,0.4,0.0,30,45,120.0,False,True,True,-3.587,-1.566,-0.427,False,False,0.15,4.0,True,False,True,False,rotor_diameter|vehicle_span,13.9324,0.8514,RELAY_CONNECTIVITY_INFEASIBLE,relay_visibility_restored_but_relay_link_margin_failure
PAY-HELIX-NANO,secondary_sensitivity,obstruction_sensitivity_h60_x40,h60_x40,60.0,0.4,0.0,30,60,120.0,False,True,True,-3.587,-1.566,-0.427,False,False,0.15,4.0,False,True,False,False,,,,RELAY_CONNECTIVITY_INFEASIBLE,relay_visibility_restored_but_relay_link_margin_failure
PAY-HELIX-NANO,secondary_sensitivity,obstruction_sensitivity_h60_x40,h60_x40,60.0,0.4,0.0,40,10,120.0,False,True,True,-6.085,-4.065,-2.925,False,False,0.15,4.0,True,False,True,True,,3.3838,0.4196,RELAY_CONNECTIVITY_INFEASIBLE,relay_visibility_restored_but_relay_link_margin_failure
PAY-HELIX-NANO,secondary_sensitivity,obstruction_sensitivity_h60_x40,h60_x40,60.0,0.4,0.0,40,20,120.0,False,True,True,-6.085,-4.065,-2.925,False,False,0.15,4.0,True,False,True,True,,3.3838,0.4196,RELAY_CONNECTIVITY_INFEASIBLE,relay_visibility_restored_but_relay_link_margin_failure
PAY-HELIX-NANO,secondary_sensitivity,obstruction_sensitivity_h60_x40,h60_x40,60.0,0.4,0.0,40,30,120.0,False,True,True,-6.085,-4.065,-2.925,False,False,0.15,4.0,True,False,True,True,,4.4394,0.4806,RELAY_CONNECTIVITY_INFEASIBLE,relay_visibility_restored_but_relay_link_margin_failure
PAY-HELIX-NANO,secondary_sensitivity,obstruction_sensitivity_h60_x40,h60_x40,60.0,0.4,0.0,40,45,120.0,False,True,True,-6.085,-4.065,-2.925,False,False,0.15,4.0,True,False,True,False,rotor_diameter|vehicle_span,13.9324,0.8514,RELAY_CONNECTIVITY_INFEASIBLE,relay_visibility_restored_but_relay_link_margin_failure
PAY-HELIX-NANO,secondary_sensitivity,obstruction_sensitivity_h60_x40,h60_x40,60.0,0.4,0.0,40,60,120.0,False,True,True,-6.085,-4.065,-2.925,False,False,0.15,4.0,False,True,False,False,,,,RELAY_CONNECTIVITY_INFEASIBLE,relay_visibility_restored_but_relay_link_margin_failure
PAY-HELIX-NANO,secondary_sensitivity,obstruction_sensitivity_h60_x40,h60_x40,60.0,0.4,0.0,60,10,120.0,False,True,True,-9.607,-7.587,-6.447,False,False,0.15,4.0,True,False,True,True,,3.3838,0.4196,RELAY_CONNECTIVITY_INFEASIBLE,relay_visibility_restored_but_relay_link_margin_failure
PAY-HELIX-NANO,secondary_sensitivity,obstruction_sensitivity_h60_x40,h60_x40,60.0,0.4,0.0,60,20,120.0,False,True,True,-9.607,-7.587,-6.447,False,False,0.15,4.0,True,False,True,True,,3.3838,0.4196,RELAY_CONNECTIVITY_INFEASIBLE,relay_visibility_restored_but_relay_link_margin_failure
PAY-HELIX-NANO,secondary_sensitivity,obstruction_sensitivity_h60_x40,h60_x40,60.0,0.4,0.0,60,30,120.0,False,True,True,-9.607,-7.587,-6.447,False,False,0.15,4.0,True,False,True,True,,4.4394,0.4806,RELAY_CONNECTIVITY_INFEASIBLE,relay_visibility_restored_but_relay_link_margin_failure
PAY-HELIX-NANO,secondary_sensitivity,obstruction_sensitivity_h60_x40,h60_x40,60.0,0.4,0.0,60,45,120.0,False,True,True,-9.607,-7.587,-6.447,False,False,0.15,4.0,True,False,True,False,rotor_diameter|vehicle_span,13.9324,0.8514,RELAY_CONNECTIVITY_INFEASIBLE,relay_visibility_restored_but_relay_link_margin_failure
PAY-HELIX-NANO,secondary_sensitivity,obstruction_sensitivity_h60_x40,h60_x40,60.0,0.4,0.0,60,60,120.0,False,True,True,-9.607,-7.587,-6.447,False,False,0.15,4.0,False,True,False,False,,,,RELAY_CONNECTIVITY_INFEASIBLE,relay_visibility_restored_but_relay_link_margin_failure
PAY-HELIX-NANO,secondary_sensitivity,obstruction_sensitivity_h60_x40,h60_x40,60.0,0.4,0.0,5,10,240.0,False,True,True,11.975,13.957,15.123,False,True,0.15,4.0,True,False,True,True,,3.3838,0.4196,RELAY_BENEFICIAL_AND_FEASIBLE,direct_visibility_loss_relay_visibility_restoration
PAY-HELIX-NANO,secondary_sensitivity,obstruction_sensitivity_h60_x40,h60_x40,60.0,0.4,0.0,5,20,240.0,False,True,True,11.975,13.957,15.123,False,True,0.15,4.0,True,False,True,True,,3.3838,0.4196,RELAY_BENEFICIAL_AND_FEASIBLE,direct_visibility_loss_relay_visibility_restoration
PAY-HELIX-NANO,secondary_sensitivity,obstruction_sensitivity_h60_x40,h60_x40,60.0,0.4,0.0,5,30,240.0,False,True,True,11.975,13.957,15.123,False,True,0.15,4.0,True,False,True,True,,4.4394,0.4806,RELAY_BENEFICIAL_AND_FEASIBLE,direct_visibility_loss_relay_visibility_restoration
PAY-HELIX-NANO,secondary_sensitivity,obstruction_sensitivity_h60_x40,h60_x40,60.0,0.4,0.0,5,45,240.0,False,True,True,11.975,13.957,15.123,False,True,0.15,4.0,True,False,True,False,rotor_diameter|vehicle_span,13.9324,0.8514,MASS_CLOSED_PRACTICAL_CONSTRAINT_FAILURE,finite_closure_exceeds_practical_analysis_boundary
PAY-HELIX-NANO,secondary_sensitivity,obstruction_sensitivity_h60_x40,h60_x40,60.0,0.4,0.0,5,60,240.0,False,True,True,11.975,13.957,15.123,False,True,0.15,4.0,False,True,False,False,,,,RELAY_FUNCTIONAL_VEHICLE_RESOURCE_FAILURE,endurance_driven_mathematical_nonclosure
PAY-HELIX-NANO,secondary_sensitivity,obstruction_sensitivity_h60_x40,h60_x40,60.0,0.4,0.0,10,10,240.0,False,True,True,5.955,7.966,9.112,False,True,0.15,4.0,True,False,True,True,,3.3838,0.4196,RELAY_BENEFICIAL_AND_FEASIBLE,direct_visibility_loss_relay_visibility_restoration
PAY-HELIX-NANO,secondary_sensitivity,obstruction_sensitivity_h60_x40,h60_x40,60.0,0.4,0.0,10,20,240.0,False,True,True,5.955,7.966,9.112,False,True,0.15,4.0,True,False,True,True,,3.3838,0.4196,RELAY_BENEFICIAL_AND_FEASIBLE,direct_visibility_loss_relay_visibility_restoration
PAY-HELIX-NANO,secondary_sensitivity,obstruction_sensitivity_h60_x40,h60_x40,60.0,0.4,0.0,10,30,240.0,False,True,True,5.955,7.966,9.112,False,True,0.15,4.0,True,False,True,True,,4.4394,0.4806,RELAY_BENEFICIAL_AND_FEASIBLE,direct_visibility_loss_relay_visibility_restoration
PAY-HELIX-NANO,secondary_sensitivity,obstruction_sensitivity_h60_x40,h60_x40,60.0,0.4,0.0,10,45,240.0,False,True,True,5.955,7.966,9.112,False,True,0.15,4.0,True,False,True,False,rotor_diameter|vehicle_span,13.9324,0.8514,MASS_CLOSED_PRACTICAL_CONSTRAINT_FAILURE,finite_closure_exceeds_practical_analysis_boundary
PAY-HELIX-NANO,secondary_sensitivity,obstruction_sensitivity_h60_x40,h60_x40,60.0,0.4,0.0,10,60,240.0,False,True,True,5.955,7.966,9.112,False,True,0.15,4.0,False,True,False,False,,,,RELAY_FUNCTIONAL_VEHICLE_RESOURCE_FAILURE,endurance_driven_mathematical_nonclosure
PAY-HELIX-NANO,secondary_sensitivity,obstruction_sensitivity_h60_x40,h60_x40,60.0,0.4,0.0,20,10,240.0,False,True,True,-0.065,1.953,3.094,False,True,0.15,4.0,True,False,True,True,,3.3838,0.4196,RELAY_BENEFICIAL_AND_FEASIBLE,direct_visibility_loss_relay_visibility_restoration
PAY-HELIX-NANO,secondary_sensitivity,obstruction_sensitivity_h60_x40,h60_x40,60.0,0.4,0.0,20,20,240.0,False,True,True,-0.065,1.953,3.094,False,True,0.15,4.0,True,False,True,True,,3.3838,0.4196,RELAY_BENEFICIAL_AND_FEASIBLE,direct_visibility_loss_relay_visibility_restoration
PAY-HELIX-NANO,secondary_sensitivity,obstruction_sensitivity_h60_x40,h60_x40,60.0,0.4,0.0,20,30,240.0,False,True,True,-0.065,1.953,3.094,False,True,0.15,4.0,True,False,True,True,,4.4394,0.4806,RELAY_BENEFICIAL_AND_FEASIBLE,direct_visibility_loss_relay_visibility_restoration
PAY-HELIX-NANO,secondary_sensitivity,obstruction_sensitivity_h60_x40,h60_x40,60.0,0.4,0.0,20,45,240.0,False,True,True,-0.065,1.953,3.094,False,True,0.15,4.0,True,False,True,False,rotor_diameter|vehicle_span,13.9324,0.8514,MASS_CLOSED_PRACTICAL_CONSTRAINT_FAILURE,finite_closure_exceeds_practical_analysis_boundary
PAY-HELIX-NANO,secondary_sensitivity,obstruction_sensitivity_h60_x40,h60_x40,60.0,0.4,0.0,20,60,240.0,False,True,True,-0.065,1.953,3.094,False,True,0.15,4.0,False,True,False,False,,,,RELAY_FUNCTIONAL_VEHICLE_RESOURCE_FAILURE,endurance_driven_mathematical_nonclosure
PAY-HELIX-NANO,secondary_sensitivity,obstruction_sensitivity_h60_x40,h60_x40,60.0,0.4,0.0,30,10,240.0,False,True,True,-3.587,-1.567,-0.427,False,False,0.15,4.0,True,False,True,True,,3.3838,0.4196,RELAY_CONNECTIVITY_INFEASIBLE,relay_visibility_restored_but_relay_link_margin_failure
PAY-HELIX-NANO,secondary_sensitivity,obstruction_sensitivity_h60_x40,h60_x40,60.0,0.4,0.0,30,20,240.0,False,True,True,-3.587,-1.567,-0.427,False,False,0.15,4.0,True,False,True,True,,3.3838,0.4196,RELAY_CONNECTIVITY_INFEASIBLE,relay_visibility_restored_but_relay_link_margin_failure
PAY-HELIX-NANO,secondary_sensitivity,obstruction_sensitivity_h60_x40,h60_x40,60.0,0.4,0.0,30,30,240.0,False,True,True,-3.587,-1.567,-0.427,False,False,0.15,4.0,True,False,True,True,,4.4394,0.4806,RELAY_CONNECTIVITY_INFEASIBLE,relay_visibility_restored_but_relay_link_margin_failure
PAY-HELIX-NANO,secondary_sensitivity,obstruction_sensitivity_h60_x40,h60_x40,60.0,0.4,0.0,30,45,240.0,False,True,True,-3.587,-1.567,-0.427,False,False,0.15,4.0,True,False,True,False,rotor_diameter|vehicle_span,13.9324,0.8514,RELAY_CONNECTIVITY_INFEASIBLE,relay_visibility_restored_but_relay_link_margin_failure
PAY-HELIX-NANO,secondary_sensitivity,obstruction_sensitivity_h60_x40,h60_x40,60.0,0.4,0.0,30,60,240.0,False,True,True,-3.587,-1.567,-0.427,False,False,0.15,4.0,False,True,False,False,,,,RELAY_CONNECTIVITY_INFEASIBLE,relay_visibility_restored_but_relay_link_margin_failure
PAY-HELIX-NANO,secondary_sensitivity,obstruction_sensitivity_h60_x40,h60_x40,60.0,0.4,0.0,40,10,240.0,False,True,True,-6.085,-4.065,-2.926,False,False,0.15,4.0,True,False,True,True,,3.3838,0.4196,RELAY_CONNECTIVITY_INFEASIBLE,relay_visibility_restored_but_relay_link_margin_failure
PAY-HELIX-NANO,secondary_sensitivity,obstruction_sensitivity_h60_x40,h60_x40,60.0,0.4,0.0,40,20,240.0,False,True,True,-6.085,-4.065,-2.926,False,False,0.15,4.0,True,False,True,True,,3.3838,0.4196,RELAY_CONNECTIVITY_INFEASIBLE,relay_visibility_restored_but_relay_link_margin_failure
PAY-HELIX-NANO,secondary_sensitivity,obstruction_sensitivity_h60_x40,h60_x40,60.0,0.4,0.0,40,30,240.0,False,True,True,-6.085,-4.065,-2.926,False,False,0.15,4.0,True,False,True,True,,4.4394,0.4806,RELAY_CONNECTIVITY_INFEASIBLE,relay_visibility_restored_but_relay_link_margin_failure
PAY-HELIX-NANO,secondary_sensitivity,obstruction_sensitivity_h60_x40,h60_x40,60.0,0.4,0.0,40,45,240.0,False,True,True,-6.085,-4.065,-2.926,False,False,0.15,4.0,True,False,True,False,rotor_diameter|vehicle_span,13.9324,0.8514,RELAY_CONNECTIVITY_INFEASIBLE,relay_visibility_restored_but_relay_link_margin_failure
PAY-HELIX-NANO,secondary_sensitivity,obstruction_sensitivity_h60_x40,h60_x40,60.0,0.4,0.0,40,60,240.0,False,True,True,-6.085,-4.065,-2.926,False,False,0.15,4.0,False,True,False,False,,,,RELAY_CONNECTIVITY_INFEASIBLE,relay_visibility_restored_but_relay_link_margin_failure
PAY-HELIX-NANO,secondary_sensitivity,obstruction_sensitivity_h60_x40,h60_x40,60.0,0.4,0.0,60,10,240.0,False,True,True,-9.607,-7.587,-6.447,False,False,0.15,4.0,True,False,True,True,,3.3838,0.4196,RELAY_CONNECTIVITY_INFEASIBLE,relay_visibility_restored_but_relay_link_margin_failure
PAY-HELIX-NANO,secondary_sensitivity,obstruction_sensitivity_h60_x40,h60_x40,60.0,0.4,0.0,60,20,240.0,False,True,True,-9.607,-7.587,-6.447,False,False,0.15,4.0,True,False,True,True,,3.3838,0.4196,RELAY_CONNECTIVITY_INFEASIBLE,relay_visibility_restored_but_relay_link_margin_failure
PAY-HELIX-NANO,secondary_sensitivity,obstruction_sensitivity_h60_x40,h60_x40,60.0,0.4,0.0,60,30,240.0,False,True,True,-9.607,-7.587,-6.447,False,False,0.15,4.0,True,False,True,True,,4.4394,0.4806,RELAY_CONNECTIVITY_INFEASIBLE,relay_visibility_restored_but_relay_link_margin_failure
PAY-HELIX-NANO,secondary_sensitivity,obstruction_sensitivity_h60_x40,h60_x40,60.0,0.4,0.0,60,45,240.0,False,True,True,-9.607,-7.587,-6.447,False,False,0.15,4.0,True,False,True,False,rotor_diameter|vehicle_span,13.9324,0.8514,RELAY_CONNECTIVITY_INFEASIBLE,relay_visibility_restored_but_relay_link_margin_failure
PAY-HELIX-NANO,secondary_sensitivity,obstruction_sensitivity_h60_x40,h60_x40,60.0,0.4,0.0,60,60,240.0,False,True,True,-9.607,-7.587,-6.447,False,False,0.15,4.0,False,True,False,False,,,,RELAY_CONNECTIVITY_INFEASIBLE,relay_visibility_restored_but_relay_link_margin_failure
PAY-HELIX-NANO,secondary_sensitivity,obstruction_sensitivity_h100_x40,h100_x40,100.0,0.4,0.0,5,10,60.0,False,False,True,11.975,13.994,15.135,False,False,0.15,4.0,True,False,True,True,,3.3838,0.4196,RELAY_CONNECTIVITY_INFEASIBLE,relay_visibility_failure
PAY-HELIX-NANO,secondary_sensitivity,obstruction_sensitivity_h100_x40,h100_x40,100.0,0.4,0.0,5,20,60.0,False,False,True,11.975,13.994,15.135,False,False,0.15,4.0,True,False,True,True,,3.3838,0.4196,RELAY_CONNECTIVITY_INFEASIBLE,relay_visibility_failure
PAY-HELIX-NANO,secondary_sensitivity,obstruction_sensitivity_h100_x40,h100_x40,100.0,0.4,0.0,5,30,60.0,False,False,True,11.975,13.994,15.135,False,False,0.15,4.0,True,False,True,True,,4.4394,0.4806,RELAY_CONNECTIVITY_INFEASIBLE,relay_visibility_failure
PAY-HELIX-NANO,secondary_sensitivity,obstruction_sensitivity_h100_x40,h100_x40,100.0,0.4,0.0,5,45,60.0,False,False,True,11.975,13.994,15.135,False,False,0.15,4.0,True,False,True,False,rotor_diameter|vehicle_span,13.9324,0.8514,RELAY_CONNECTIVITY_INFEASIBLE,relay_visibility_failure
PAY-HELIX-NANO,secondary_sensitivity,obstruction_sensitivity_h100_x40,h100_x40,100.0,0.4,0.0,5,60,60.0,False,False,True,11.975,13.994,15.135,False,False,0.15,4.0,False,True,False,False,,,,RELAY_CONNECTIVITY_INFEASIBLE,relay_visibility_failure
PAY-HELIX-NANO,secondary_sensitivity,obstruction_sensitivity_h100_x40,h100_x40,100.0,0.4,0.0,10,10,60.0,False,False,True,5.955,7.976,9.116,False,False,0.15,4.0,True,False,True,True,,3.3838,0.4196,RELAY_CONNECTIVITY_INFEASIBLE,relay_visibility_failure
PAY-HELIX-NANO,secondary_sensitivity,obstruction_sensitivity_h100_x40,h100_x40,100.0,0.4,0.0,10,20,60.0,False,False,True,5.955,7.976,9.116,False,False,0.15,4.0,True,False,True,True,,3.3838,0.4196,RELAY_CONNECTIVITY_INFEASIBLE,relay_visibility_failure
PAY-HELIX-NANO,secondary_sensitivity,obstruction_sensitivity_h100_x40,h100_x40,100.0,0.4,0.0,10,30,60.0,False,False,True,5.955,7.976,9.116,False,False,0.15,4.0,True,False,True,True,,4.4394,0.4806,RELAY_CONNECTIVITY_INFEASIBLE,relay_visibility_failure
PAY-HELIX-NANO,secondary_sensitivity,obstruction_sensitivity_h100_x40,h100_x40,100.0,0.4,0.0,10,45,60.0,False,False,True,5.955,7.976,9.116,False,False,0.15,4.0,True,False,True,False,rotor_diameter|vehicle_span,13.9324,0.8514,RELAY_CONNECTIVITY_INFEASIBLE,relay_visibility_failure
PAY-HELIX-NANO,secondary_sensitivity,obstruction_sensitivity_h100_x40,h100_x40,100.0,0.4,0.0,10,60,60.0,False,False,True,5.955,7.976,9.116,False,False,0.15,4.0,False,True,False,False,,,,RELAY_CONNECTIVITY_INFEASIBLE,relay_visibility_failure
PAY-HELIX-NANO,secondary_sensitivity,obstruction_sensitivity_h100_x40,h100_x40,100.0,0.4,0.0,20,10,60.0,False,False,True,-0.065,1.956,3.095,False,False,0.15,4.0,True,False,True,True,,3.3838,0.4196,RELAY_CONNECTIVITY_INFEASIBLE,relay_visibility_failure
PAY-HELIX-NANO,secondary_sensitivity,obstruction_sensitivity_h100_x40,h100_x40,100.0,0.4,0.0,20,20,60.0,False,False,True,-0.065,1.956,3.095,False,False,0.15,4.0,True,False,True,True,,3.3838,0.4196,RELAY_CONNECTIVITY_INFEASIBLE,relay_visibility_failure
PAY-HELIX-NANO,secondary_sensitivity,obstruction_sensitivity_h100_x40,h100_x40,100.0,0.4,0.0,20,30,60.0,False,False,True,-0.065,1.956,3.095,False,False,0.15,4.0,True,False,True,True,,4.4394,0.4806,RELAY_CONNECTIVITY_INFEASIBLE,relay_visibility_failure
PAY-HELIX-NANO,secondary_sensitivity,obstruction_sensitivity_h100_x40,h100_x40,100.0,0.4,0.0,20,45,60.0,False,False,True,-0.065,1.956,3.095,False,False,0.15,4.0,True,False,True,False,rotor_diameter|vehicle_span,13.9324,0.8514,RELAY_CONNECTIVITY_INFEASIBLE,relay_visibility_failure
PAY-HELIX-NANO,secondary_sensitivity,obstruction_sensitivity_h100_x40,h100_x40,100.0,0.4,0.0,20,60,60.0,False,False,True,-0.065,1.956,3.095,False,False,0.15,4.0,False,True,False,False,,,,RELAY_CONNECTIVITY_INFEASIBLE,relay_visibility_failure
PAY-HELIX-NANO,secondary_sensitivity,obstruction_sensitivity_h100_x40,h100_x40,100.0,0.4,0.0,30,10,60.0,False,False,True,-3.587,-1.566,-0.427,False,False,0.15,4.0,True,False,True,True,,3.3838,0.4196,RELAY_CONNECTIVITY_INFEASIBLE,relay_visibility_failure
PAY-HELIX-NANO,secondary_sensitivity,obstruction_sensitivity_h100_x40,h100_x40,100.0,0.4,0.0,30,20,60.0,False,False,True,-3.587,-1.566,-0.427,False,False,0.15,4.0,True,False,True,True,,3.3838,0.4196,RELAY_CONNECTIVITY_INFEASIBLE,relay_visibility_failure
PAY-HELIX-NANO,secondary_sensitivity,obstruction_sensitivity_h100_x40,h100_x40,100.0,0.4,0.0,30,30,60.0,False,False,True,-3.587,-1.566,-0.427,False,False,0.15,4.0,True,False,True,True,,4.4394,0.4806,RELAY_CONNECTIVITY_INFEASIBLE,relay_visibility_failure
PAY-HELIX-NANO,secondary_sensitivity,obstruction_sensitivity_h100_x40,h100_x40,100.0,0.4,0.0,30,45,60.0,False,False,True,-3.587,-1.566,-0.427,False,False,0.15,4.0,True,False,True,False,rotor_diameter|vehicle_span,13.9324,0.8514,RELAY_CONNECTIVITY_INFEASIBLE,relay_visibility_failure
PAY-HELIX-NANO,secondary_sensitivity,obstruction_sensitivity_h100_x40,h100_x40,100.0,0.4,0.0,30,60,60.0,False,False,True,-3.587,-1.566,-0.427,False,False,0.15,4.0,False,True,False,False,,,,RELAY_CONNECTIVITY_INFEASIBLE,relay_visibility_failure
PAY-HELIX-NANO,secondary_sensitivity,obstruction_sensitivity_h100_x40,h100_x40,100.0,0.4,0.0,40,10,60.0,False,False,True,-6.085,-4.065,-2.925,False,False,0.15,4.0,True,False,True,True,,3.3838,0.4196,RELAY_CONNECTIVITY_INFEASIBLE,relay_visibility_failure
PAY-HELIX-NANO,secondary_sensitivity,obstruction_sensitivity_h100_x40,h100_x40,100.0,0.4,0.0,40,20,60.0,False,False,True,-6.085,-4.065,-2.925,False,False,0.15,4.0,True,False,True,True,,3.3838,0.4196,RELAY_CONNECTIVITY_INFEASIBLE,relay_visibility_failure
PAY-HELIX-NANO,secondary_sensitivity,obstruction_sensitivity_h100_x40,h100_x40,100.0,0.4,0.0,40,30,60.0,False,False,True,-6.085,-4.065,-2.925,False,False,0.15,4.0,True,False,True,True,,4.4394,0.4806,RELAY_CONNECTIVITY_INFEASIBLE,relay_visibility_failure
PAY-HELIX-NANO,secondary_sensitivity,obstruction_sensitivity_h100_x40,h100_x40,100.0,0.4,0.0,40,45,60.0,False,False,True,-6.085,-4.065,-2.925,False,False,0.15,4.0,True,False,True,False,rotor_diameter|vehicle_span,13.9324,0.8514,RELAY_CONNECTIVITY_INFEASIBLE,relay_visibility_failure
PAY-HELIX-NANO,secondary_sensitivity,obstruction_sensitivity_h100_x40,h100_x40,100.0,0.4,0.0,40,60,60.0,False,False,True,-6.085,-4.065,-2.925,False,False,0.15,4.0,False,True,False,False,,,,RELAY_CONNECTIVITY_INFEASIBLE,relay_visibility_failure
PAY-HELIX-NANO,secondary_sensitivity,obstruction_sensitivity_h100_x40,h100_x40,100.0,0.4,0.0,60,10,60.0,False,False,True,-9.607,-7.587,-6.447,False,False,0.15,4.0,True,False,True,True,,3.3838,0.4196,RELAY_CONNECTIVITY_INFEASIBLE,relay_visibility_failure
PAY-HELIX-NANO,secondary_sensitivity,obstruction_sensitivity_h100_x40,h100_x40,100.0,0.4,0.0,60,20,60.0,False,False,True,-9.607,-7.587,-6.447,False,False,0.15,4.0,True,False,True,True,,3.3838,0.4196,RELAY_CONNECTIVITY_INFEASIBLE,relay_visibility_failure
PAY-HELIX-NANO,secondary_sensitivity,obstruction_sensitivity_h100_x40,h100_x40,100.0,0.4,0.0,60,30,60.0,False,False,True,-9.607,-7.587,-6.447,False,False,0.15,4.0,True,False,True,True,,4.4394,0.4806,RELAY_CONNECTIVITY_INFEASIBLE,relay_visibility_failure
PAY-HELIX-NANO,secondary_sensitivity,obstruction_sensitivity_h100_x40,h100_x40,100.0,0.4,0.0,60,45,60.0,False,False,True,-9.607,-7.587,-6.447,False,False,0.15,4.0,True,False,True,False,rotor_diameter|vehicle_span,13.9324,0.8514,RELAY_CONNECTIVITY_INFEASIBLE,relay_visibility_failure
PAY-HELIX-NANO,secondary_sensitivity,obstruction_sensitivity_h100_x40,h100_x40,100.0,0.4,0.0,60,60,60.0,False,False,True,-9.607,-7.587,-6.447,False,False,0.15,4.0,False,True,False,False,,,,RELAY_CONNECTIVITY_INFEASIBLE,relay_visibility_failure
PAY-HELIX-NANO,secondary_sensitivity,obstruction_sensitivity_h100_x40,h100_x40,100.0,0.4,0.0,5,10,120.0,False,False,True,11.975,13.987,15.136,False,False,0.15,4.0,True,False,True,True,,3.3838,0.4196,RELAY_CONNECTIVITY_INFEASIBLE,relay_visibility_failure
PAY-HELIX-NANO,secondary_sensitivity,obstruction_sensitivity_h100_x40,h100_x40,100.0,0.4,0.0,5,20,120.0,False,False,True,11.975,13.987,15.136,False,False,0.15,4.0,True,False,True,True,,3.3838,0.4196,RELAY_CONNECTIVITY_INFEASIBLE,relay_visibility_failure
PAY-HELIX-NANO,secondary_sensitivity,obstruction_sensitivity_h100_x40,h100_x40,100.0,0.4,0.0,5,30,120.0,False,False,True,11.975,13.987,15.136,False,False,0.15,4.0,True,False,True,True,,4.4394,0.4806,RELAY_CONNECTIVITY_INFEASIBLE,relay_visibility_failure
PAY-HELIX-NANO,secondary_sensitivity,obstruction_sensitivity_h100_x40,h100_x40,100.0,0.4,0.0,5,45,120.0,False,False,True,11.975,13.987,15.136,False,False,0.15,4.0,True,False,True,False,rotor_diameter|vehicle_span,13.9324,0.8514,RELAY_CONNECTIVITY_INFEASIBLE,relay_visibility_failure
PAY-HELIX-NANO,secondary_sensitivity,obstruction_sensitivity_h100_x40,h100_x40,100.0,0.4,0.0,5,60,120.0,False,False,True,11.975,13.987,15.136,False,False,0.15,4.0,False,True,False,False,,,,RELAY_CONNECTIVITY_INFEASIBLE,relay_visibility_failure
PAY-HELIX-NANO,secondary_sensitivity,obstruction_sensitivity_h100_x40,h100_x40,100.0,0.4,0.0,10,10,120.0,False,False,True,5.955,7.974,9.116,False,False,0.15,4.0,True,False,True,True,,3.3838,0.4196,RELAY_CONNECTIVITY_INFEASIBLE,relay_visibility_failure
PAY-HELIX-NANO,secondary_sensitivity,obstruction_sensitivity_h100_x40,h100_x40,100.0,0.4,0.0,10,20,120.0,False,False,True,5.955,7.974,9.116,False,False,0.15,4.0,True,False,True,True,,3.3838,0.4196,RELAY_CONNECTIVITY_INFEASIBLE,relay_visibility_failure
PAY-HELIX-NANO,secondary_sensitivity,obstruction_sensitivity_h100_x40,h100_x40,100.0,0.4,0.0,10,30,120.0,False,False,True,5.955,7.974,9.116,False,False,0.15,4.0,True,False,True,True,,4.4394,0.4806,RELAY_CONNECTIVITY_INFEASIBLE,relay_visibility_failure
PAY-HELIX-NANO,secondary_sensitivity,obstruction_sensitivity_h100_x40,h100_x40,100.0,0.4,0.0,10,45,120.0,False,False,True,5.955,7.974,9.116,False,False,0.15,4.0,True,False,True,False,rotor_diameter|vehicle_span,13.9324,0.8514,RELAY_CONNECTIVITY_INFEASIBLE,relay_visibility_failure
PAY-HELIX-NANO,secondary_sensitivity,obstruction_sensitivity_h100_x40,h100_x40,100.0,0.4,0.0,10,60,120.0,False,False,True,5.955,7.974,9.116,False,False,0.15,4.0,False,True,False,False,,,,RELAY_CONNECTIVITY_INFEASIBLE,relay_visibility_failure
PAY-HELIX-NANO,secondary_sensitivity,obstruction_sensitivity_h100_x40,h100_x40,100.0,0.4,0.0,20,10,120.0,False,False,True,-0.065,1.955,3.095,False,False,0.15,4.0,True,False,True,True,,3.3838,0.4196,RELAY_CONNECTIVITY_INFEASIBLE,relay_visibility_failure
PAY-HELIX-NANO,secondary_sensitivity,obstruction_sensitivity_h100_x40,h100_x40,100.0,0.4,0.0,20,20,120.0,False,False,True,-0.065,1.955,3.095,False,False,0.15,4.0,True,False,True,True,,3.3838,0.4196,RELAY_CONNECTIVITY_INFEASIBLE,relay_visibility_failure
PAY-HELIX-NANO,secondary_sensitivity,obstruction_sensitivity_h100_x40,h100_x40,100.0,0.4,0.0,20,30,120.0,False,False,True,-0.065,1.955,3.095,False,False,0.15,4.0,True,False,True,True,,4.4394,0.4806,RELAY_CONNECTIVITY_INFEASIBLE,relay_visibility_failure
PAY-HELIX-NANO,secondary_sensitivity,obstruction_sensitivity_h100_x40,h100_x40,100.0,0.4,0.0,20,45,120.0,False,False,True,-0.065,1.955,3.095,False,False,0.15,4.0,True,False,True,False,rotor_diameter|vehicle_span,13.9324,0.8514,RELAY_CONNECTIVITY_INFEASIBLE,relay_visibility_failure
PAY-HELIX-NANO,secondary_sensitivity,obstruction_sensitivity_h100_x40,h100_x40,100.0,0.4,0.0,20,60,120.0,False,False,True,-0.065,1.955,3.095,False,False,0.15,4.0,False,True,False,False,,,,RELAY_CONNECTIVITY_INFEASIBLE,relay_visibility_failure
PAY-HELIX-NANO,secondary_sensitivity,obstruction_sensitivity_h100_x40,h100_x40,100.0,0.4,0.0,30,10,120.0,False,False,True,-3.587,-1.566,-0.427,False,False,0.15,4.0,True,False,True,True,,3.3838,0.4196,RELAY_CONNECTIVITY_INFEASIBLE,relay_visibility_failure
PAY-HELIX-NANO,secondary_sensitivity,obstruction_sensitivity_h100_x40,h100_x40,100.0,0.4,0.0,30,20,120.0,False,False,True,-3.587,-1.566,-0.427,False,False,0.15,4.0,True,False,True,True,,3.3838,0.4196,RELAY_CONNECTIVITY_INFEASIBLE,relay_visibility_failure
PAY-HELIX-NANO,secondary_sensitivity,obstruction_sensitivity_h100_x40,h100_x40,100.0,0.4,0.0,30,30,120.0,False,False,True,-3.587,-1.566,-0.427,False,False,0.15,4.0,True,False,True,True,,4.4394,0.4806,RELAY_CONNECTIVITY_INFEASIBLE,relay_visibility_failure
PAY-HELIX-NANO,secondary_sensitivity,obstruction_sensitivity_h100_x40,h100_x40,100.0,0.4,0.0,30,45,120.0,False,False,True,-3.587,-1.566,-0.427,False,False,0.15,4.0,True,False,True,False,rotor_diameter|vehicle_span,13.9324,0.8514,RELAY_CONNECTIVITY_INFEASIBLE,relay_visibility_failure
PAY-HELIX-NANO,secondary_sensitivity,obstruction_sensitivity_h100_x40,h100_x40,100.0,0.4,0.0,30,60,120.0,False,False,True,-3.587,-1.566,-0.427,False,False,0.15,4.0,False,True,False,False,,,,RELAY_CONNECTIVITY_INFEASIBLE,relay_visibility_failure
PAY-HELIX-NANO,secondary_sensitivity,obstruction_sensitivity_h100_x40,h100_x40,100.0,0.4,0.0,40,10,120.0,False,False,True,-6.085,-4.065,-2.925,False,False,0.15,4.0,True,False,True,True,,3.3838,0.4196,RELAY_CONNECTIVITY_INFEASIBLE,relay_visibility_failure
PAY-HELIX-NANO,secondary_sensitivity,obstruction_sensitivity_h100_x40,h100_x40,100.0,0.4,0.0,40,20,120.0,False,False,True,-6.085,-4.065,-2.925,False,False,0.15,4.0,True,False,True,True,,3.3838,0.4196,RELAY_CONNECTIVITY_INFEASIBLE,relay_visibility_failure
PAY-HELIX-NANO,secondary_sensitivity,obstruction_sensitivity_h100_x40,h100_x40,100.0,0.4,0.0,40,30,120.0,False,False,True,-6.085,-4.065,-2.925,False,False,0.15,4.0,True,False,True,True,,4.4394,0.4806,RELAY_CONNECTIVITY_INFEASIBLE,relay_visibility_failure
PAY-HELIX-NANO,secondary_sensitivity,obstruction_sensitivity_h100_x40,h100_x40,100.0,0.4,0.0,40,45,120.0,False,False,True,-6.085,-4.065,-2.925,False,False,0.15,4.0,True,False,True,False,rotor_diameter|vehicle_span,13.9324,0.8514,RELAY_CONNECTIVITY_INFEASIBLE,relay_visibility_failure
PAY-HELIX-NANO,secondary_sensitivity,obstruction_sensitivity_h100_x40,h100_x40,100.0,0.4,0.0,40,60,120.0,False,False,True,-6.085,-4.065,-2.925,False,False,0.15,4.0,False,True,False,False,,,,RELAY_CONNECTIVITY_INFEASIBLE,relay_visibility_failure
PAY-HELIX-NANO,secondary_sensitivity,obstruction_sensitivity_h100_x40,h100_x40,100.0,0.4,0.0,60,10,120.0,False,False,True,-9.607,-7.587,-6.447,False,False,0.15,4.0,True,False,True,True,,3.3838,0.4196,RELAY_CONNECTIVITY_INFEASIBLE,relay_visibility_failure
PAY-HELIX-NANO,secondary_sensitivity,obstruction_sensitivity_h100_x40,h100_x40,100.0,0.4,0.0,60,20,120.0,False,False,True,-9.607,-7.587,-6.447,False,False,0.15,4.0,True,False,True,True,,3.3838,0.4196,RELAY_CONNECTIVITY_INFEASIBLE,relay_visibility_failure
PAY-HELIX-NANO,secondary_sensitivity,obstruction_sensitivity_h100_x40,h100_x40,100.0,0.4,0.0,60,30,120.0,False,False,True,-9.607,-7.587,-6.447,False,False,0.15,4.0,True,False,True,True,,4.4394,0.4806,RELAY_CONNECTIVITY_INFEASIBLE,relay_visibility_failure
PAY-HELIX-NANO,secondary_sensitivity,obstruction_sensitivity_h100_x40,h100_x40,100.0,0.4,0.0,60,45,120.0,False,False,True,-9.607,-7.587,-6.447,False,False,0.15,4.0,True,False,True,False,rotor_diameter|vehicle_span,13.9324,0.8514,RELAY_CONNECTIVITY_INFEASIBLE,relay_visibility_failure
PAY-HELIX-NANO,secondary_sensitivity,obstruction_sensitivity_h100_x40,h100_x40,100.0,0.4,0.0,60,60,120.0,False,False,True,-9.607,-7.587,-6.447,False,False,0.15,4.0,False,True,False,False,,,,RELAY_CONNECTIVITY_INFEASIBLE,relay_visibility_failure
PAY-HELIX-NANO,secondary_sensitivity,obstruction_sensitivity_h100_x40,h100_x40,100.0,0.4,0.0,5,10,240.0,False,True,True,11.975,13.957,15.123,False,True,0.15,4.0,True,False,True,True,,3.3838,0.4196,RELAY_BENEFICIAL_AND_FEASIBLE,direct_visibility_loss_relay_visibility_restoration
PAY-HELIX-NANO,secondary_sensitivity,obstruction_sensitivity_h100_x40,h100_x40,100.0,0.4,0.0,5,20,240.0,False,True,True,11.975,13.957,15.123,False,True,0.15,4.0,True,False,True,True,,3.3838,0.4196,RELAY_BENEFICIAL_AND_FEASIBLE,direct_visibility_loss_relay_visibility_restoration
PAY-HELIX-NANO,secondary_sensitivity,obstruction_sensitivity_h100_x40,h100_x40,100.0,0.4,0.0,5,30,240.0,False,True,True,11.975,13.957,15.123,False,True,0.15,4.0,True,False,True,True,,4.4394,0.4806,RELAY_BENEFICIAL_AND_FEASIBLE,direct_visibility_loss_relay_visibility_restoration
PAY-HELIX-NANO,secondary_sensitivity,obstruction_sensitivity_h100_x40,h100_x40,100.0,0.4,0.0,5,45,240.0,False,True,True,11.975,13.957,15.123,False,True,0.15,4.0,True,False,True,False,rotor_diameter|vehicle_span,13.9324,0.8514,MASS_CLOSED_PRACTICAL_CONSTRAINT_FAILURE,finite_closure_exceeds_practical_analysis_boundary
PAY-HELIX-NANO,secondary_sensitivity,obstruction_sensitivity_h100_x40,h100_x40,100.0,0.4,0.0,5,60,240.0,False,True,True,11.975,13.957,15.123,False,True,0.15,4.0,False,True,False,False,,,,RELAY_FUNCTIONAL_VEHICLE_RESOURCE_FAILURE,endurance_driven_mathematical_nonclosure
PAY-HELIX-NANO,secondary_sensitivity,obstruction_sensitivity_h100_x40,h100_x40,100.0,0.4,0.0,10,10,240.0,False,True,True,5.955,7.966,9.112,False,True,0.15,4.0,True,False,True,True,,3.3838,0.4196,RELAY_BENEFICIAL_AND_FEASIBLE,direct_visibility_loss_relay_visibility_restoration
PAY-HELIX-NANO,secondary_sensitivity,obstruction_sensitivity_h100_x40,h100_x40,100.0,0.4,0.0,10,20,240.0,False,True,True,5.955,7.966,9.112,False,True,0.15,4.0,True,False,True,True,,3.3838,0.4196,RELAY_BENEFICIAL_AND_FEASIBLE,direct_visibility_loss_relay_visibility_restoration
PAY-HELIX-NANO,secondary_sensitivity,obstruction_sensitivity_h100_x40,h100_x40,100.0,0.4,0.0,10,30,240.0,False,True,True,5.955,7.966,9.112,False,True,0.15,4.0,True,False,True,True,,4.4394,0.4806,RELAY_BENEFICIAL_AND_FEASIBLE,direct_visibility_loss_relay_visibility_restoration
PAY-HELIX-NANO,secondary_sensitivity,obstruction_sensitivity_h100_x40,h100_x40,100.0,0.4,0.0,10,45,240.0,False,True,True,5.955,7.966,9.112,False,True,0.15,4.0,True,False,True,False,rotor_diameter|vehicle_span,13.9324,0.8514,MASS_CLOSED_PRACTICAL_CONSTRAINT_FAILURE,finite_closure_exceeds_practical_analysis_boundary
PAY-HELIX-NANO,secondary_sensitivity,obstruction_sensitivity_h100_x40,h100_x40,100.0,0.4,0.0,10,60,240.0,False,True,True,5.955,7.966,9.112,False,True,0.15,4.0,False,True,False,False,,,,RELAY_FUNCTIONAL_VEHICLE_RESOURCE_FAILURE,endurance_driven_mathematical_nonclosure
PAY-HELIX-NANO,secondary_sensitivity,obstruction_sensitivity_h100_x40,h100_x40,100.0,0.4,0.0,20,10,240.0,False,True,True,-0.065,1.953,3.094,False,True,0.15,4.0,True,False,True,True,,3.3838,0.4196,RELAY_BENEFICIAL_AND_FEASIBLE,direct_visibility_loss_relay_visibility_restoration
PAY-HELIX-NANO,secondary_sensitivity,obstruction_sensitivity_h100_x40,h100_x40,100.0,0.4,0.0,20,20,240.0,False,True,True,-0.065,1.953,3.094,False,True,0.15,4.0,True,False,True,True,,3.3838,0.4196,RELAY_BENEFICIAL_AND_FEASIBLE,direct_visibility_loss_relay_visibility_restoration
PAY-HELIX-NANO,secondary_sensitivity,obstruction_sensitivity_h100_x40,h100_x40,100.0,0.4,0.0,20,30,240.0,False,True,True,-0.065,1.953,3.094,False,True,0.15,4.0,True,False,True,True,,4.4394,0.4806,RELAY_BENEFICIAL_AND_FEASIBLE,direct_visibility_loss_relay_visibility_restoration
PAY-HELIX-NANO,secondary_sensitivity,obstruction_sensitivity_h100_x40,h100_x40,100.0,0.4,0.0,20,45,240.0,False,True,True,-0.065,1.953,3.094,False,True,0.15,4.0,True,False,True,False,rotor_diameter|vehicle_span,13.9324,0.8514,MASS_CLOSED_PRACTICAL_CONSTRAINT_FAILURE,finite_closure_exceeds_practical_analysis_boundary
PAY-HELIX-NANO,secondary_sensitivity,obstruction_sensitivity_h100_x40,h100_x40,100.0,0.4,0.0,20,60,240.0,False,True,True,-0.065,1.953,3.094,False,True,0.15,4.0,False,True,False,False,,,,RELAY_FUNCTIONAL_VEHICLE_RESOURCE_FAILURE,endurance_driven_mathematical_nonclosure
PAY-HELIX-NANO,secondary_sensitivity,obstruction_sensitivity_h100_x40,h100_x40,100.0,0.4,0.0,30,10,240.0,False,True,True,-3.587,-1.567,-0.427,False,False,0.15,4.0,True,False,True,True,,3.3838,0.4196,RELAY_CONNECTIVITY_INFEASIBLE,relay_visibility_restored_but_relay_link_margin_failure
PAY-HELIX-NANO,secondary_sensitivity,obstruction_sensitivity_h100_x40,h100_x40,100.0,0.4,0.0,30,20,240.0,False,True,True,-3.587,-1.567,-0.427,False,False,0.15,4.0,True,False,True,True,,3.3838,0.4196,RELAY_CONNECTIVITY_INFEASIBLE,relay_visibility_restored_but_relay_link_margin_failure
PAY-HELIX-NANO,secondary_sensitivity,obstruction_sensitivity_h100_x40,h100_x40,100.0,0.4,0.0,30,30,240.0,False,True,True,-3.587,-1.567,-0.427,False,False,0.15,4.0,True,False,True,True,,4.4394,0.4806,RELAY_CONNECTIVITY_INFEASIBLE,relay_visibility_restored_but_relay_link_margin_failure
PAY-HELIX-NANO,secondary_sensitivity,obstruction_sensitivity_h100_x40,h100_x40,100.0,0.4,0.0,30,45,240.0,False,True,True,-3.587,-1.567,-0.427,False,False,0.15,4.0,True,False,True,False,rotor_diameter|vehicle_span,13.9324,0.8514,RELAY_CONNECTIVITY_INFEASIBLE,relay_visibility_restored_but_relay_link_margin_failure
PAY-HELIX-NANO,secondary_sensitivity,obstruction_sensitivity_h100_x40,h100_x40,100.0,0.4,0.0,30,60,240.0,False,True,True,-3.587,-1.567,-0.427,False,False,0.15,4.0,False,True,False,False,,,,RELAY_CONNECTIVITY_INFEASIBLE,relay_visibility_restored_but_relay_link_margin_failure
PAY-HELIX-NANO,secondary_sensitivity,obstruction_sensitivity_h100_x40,h100_x40,100.0,0.4,0.0,40,10,240.0,False,True,True,-6.085,-4.065,-2.926,False,False,0.15,4.0,True,False,True,True,,3.3838,0.4196,RELAY_CONNECTIVITY_INFEASIBLE,relay_visibility_restored_but_relay_link_margin_failure
PAY-HELIX-NANO,secondary_sensitivity,obstruction_sensitivity_h100_x40,h100_x40,100.0,0.4,0.0,40,20,240.0,False,True,True,-6.085,-4.065,-2.926,False,False,0.15,4.0,True,False,True,True,,3.3838,0.4196,RELAY_CONNECTIVITY_INFEASIBLE,relay_visibility_restored_but_relay_link_margin_failure
PAY-HELIX-NANO,secondary_sensitivity,obstruction_sensitivity_h100_x40,h100_x40,100.0,0.4,0.0,40,30,240.0,False,True,True,-6.085,-4.065,-2.926,False,False,0.15,4.0,True,False,True,True,,4.4394,0.4806,RELAY_CONNECTIVITY_INFEASIBLE,relay_visibility_restored_but_relay_link_margin_failure
PAY-HELIX-NANO,secondary_sensitivity,obstruction_sensitivity_h100_x40,h100_x40,100.0,0.4,0.0,40,45,240.0,False,True,True,-6.085,-4.065,-2.926,False,False,0.15,4.0,True,False,True,False,rotor_diameter|vehicle_span,13.9324,0.8514,RELAY_CONNECTIVITY_INFEASIBLE,relay_visibility_restored_but_relay_link_margin_failure
PAY-HELIX-NANO,secondary_sensitivity,obstruction_sensitivity_h100_x40,h100_x40,100.0,0.4,0.0,40,60,240.0,False,True,True,-6.085,-4.065,-2.926,False,False,0.15,4.0,False,True,False,False,,,,RELAY_CONNECTIVITY_INFEASIBLE,relay_visibility_restored_but_relay_link_margin_failure
PAY-HELIX-NANO,secondary_sensitivity,obstruction_sensitivity_h100_x40,h100_x40,100.0,0.4,0.0,60,10,240.0,False,True,True,-9.607,-7.587,-6.447,False,False,0.15,4.0,True,False,True,True,,3.3838,0.4196,RELAY_CONNECTIVITY_INFEASIBLE,relay_visibility_restored_but_relay_link_margin_failure
PAY-HELIX-NANO,secondary_sensitivity,obstruction_sensitivity_h100_x40,h100_x40,100.0,0.4,0.0,60,20,240.0,False,True,True,-9.607,-7.587,-6.447,False,False,0.15,4.0,True,False,True,True,,3.3838,0.4196,RELAY_CONNECTIVITY_INFEASIBLE,relay_visibility_restored_but_relay_link_margin_failure
PAY-HELIX-NANO,secondary_sensitivity,obstruction_sensitivity_h100_x40,h100_x40,100.0,0.4,0.0,60,30,240.0,False,True,True,-9.607,-7.587,-6.447,False,False,0.15,4.0,True,False,True,True,,4.4394,0.4806,RELAY_CONNECTIVITY_INFEASIBLE,relay_visibility_restored_but_relay_link_margin_failure
PAY-HELIX-NANO,secondary_sensitivity,obstruction_sensitivity_h100_x40,h100_x40,100.0,0.4,0.0,60,45,240.0,False,True,True,-9.607,-7.587,-6.447,False,False,0.15,4.0,True,False,True,False,rotor_diameter|vehicle_span,13.9324,0.8514,RELAY_CONNECTIVITY_INFEASIBLE,relay_visibility_restored_but_relay_link_margin_failure
PAY-HELIX-NANO,secondary_sensitivity,obstruction_sensitivity_h100_x40,h100_x40,100.0,0.4,0.0,60,60,240.0,False,True,True,-9.607,-7.587,-6.447,False,False,0.15,4.0,False,True,False,False,,,,RELAY_CONNECTIVITY_INFEASIBLE,relay_visibility_restored_but_relay_link_margin_failure
PAY-HELIX-NANO,secondary_sensitivity,obstruction_sensitivity_h80_x30,h80_x30,80.0,0.3,0.0,5,10,60.0,False,False,True,11.975,13.994,15.135,False,False,0.15,4.0,True,False,True,True,,3.3838,0.4196,RELAY_CONNECTIVITY_INFEASIBLE,relay_visibility_failure
PAY-HELIX-NANO,secondary_sensitivity,obstruction_sensitivity_h80_x30,h80_x30,80.0,0.3,0.0,5,20,60.0,False,False,True,11.975,13.994,15.135,False,False,0.15,4.0,True,False,True,True,,3.3838,0.4196,RELAY_CONNECTIVITY_INFEASIBLE,relay_visibility_failure
PAY-HELIX-NANO,secondary_sensitivity,obstruction_sensitivity_h80_x30,h80_x30,80.0,0.3,0.0,5,30,60.0,False,False,True,11.975,13.994,15.135,False,False,0.15,4.0,True,False,True,True,,4.4394,0.4806,RELAY_CONNECTIVITY_INFEASIBLE,relay_visibility_failure
PAY-HELIX-NANO,secondary_sensitivity,obstruction_sensitivity_h80_x30,h80_x30,80.0,0.3,0.0,5,45,60.0,False,False,True,11.975,13.994,15.135,False,False,0.15,4.0,True,False,True,False,rotor_diameter|vehicle_span,13.9324,0.8514,RELAY_CONNECTIVITY_INFEASIBLE,relay_visibility_failure
PAY-HELIX-NANO,secondary_sensitivity,obstruction_sensitivity_h80_x30,h80_x30,80.0,0.3,0.0,5,60,60.0,False,False,True,11.975,13.994,15.135,False,False,0.15,4.0,False,True,False,False,,,,RELAY_CONNECTIVITY_INFEASIBLE,relay_visibility_failure
PAY-HELIX-NANO,secondary_sensitivity,obstruction_sensitivity_h80_x30,h80_x30,80.0,0.3,0.0,10,10,60.0,False,False,True,5.955,7.976,9.116,False,False,0.15,4.0,True,False,True,True,,3.3838,0.4196,RELAY_CONNECTIVITY_INFEASIBLE,relay_visibility_failure
PAY-HELIX-NANO,secondary_sensitivity,obstruction_sensitivity_h80_x30,h80_x30,80.0,0.3,0.0,10,20,60.0,False,False,True,5.955,7.976,9.116,False,False,0.15,4.0,True,False,True,True,,3.3838,0.4196,RELAY_CONNECTIVITY_INFEASIBLE,relay_visibility_failure
PAY-HELIX-NANO,secondary_sensitivity,obstruction_sensitivity_h80_x30,h80_x30,80.0,0.3,0.0,10,30,60.0,False,False,True,5.955,7.976,9.116,False,False,0.15,4.0,True,False,True,True,,4.4394,0.4806,RELAY_CONNECTIVITY_INFEASIBLE,relay_visibility_failure
PAY-HELIX-NANO,secondary_sensitivity,obstruction_sensitivity_h80_x30,h80_x30,80.0,0.3,0.0,10,45,60.0,False,False,True,5.955,7.976,9.116,False,False,0.15,4.0,True,False,True,False,rotor_diameter|vehicle_span,13.9324,0.8514,RELAY_CONNECTIVITY_INFEASIBLE,relay_visibility_failure
PAY-HELIX-NANO,secondary_sensitivity,obstruction_sensitivity_h80_x30,h80_x30,80.0,0.3,0.0,10,60,60.0,False,False,True,5.955,7.976,9.116,False,False,0.15,4.0,False,True,False,False,,,,RELAY_CONNECTIVITY_INFEASIBLE,relay_visibility_failure
PAY-HELIX-NANO,secondary_sensitivity,obstruction_sensitivity_h80_x30,h80_x30,80.0,0.3,0.0,20,10,60.0,False,False,True,-0.065,1.956,3.095,False,False,0.15,4.0,True,False,True,True,,3.3838,0.4196,RELAY_CONNECTIVITY_INFEASIBLE,relay_visibility_failure
PAY-HELIX-NANO,secondary_sensitivity,obstruction_sensitivity_h80_x30,h80_x30,80.0,0.3,0.0,20,20,60.0,False,False,True,-0.065,1.956,3.095,False,False,0.15,4.0,True,False,True,True,,3.3838,0.4196,RELAY_CONNECTIVITY_INFEASIBLE,relay_visibility_failure
PAY-HELIX-NANO,secondary_sensitivity,obstruction_sensitivity_h80_x30,h80_x30,80.0,0.3,0.0,20,30,60.0,False,False,True,-0.065,1.956,3.095,False,False,0.15,4.0,True,False,True,True,,4.4394,0.4806,RELAY_CONNECTIVITY_INFEASIBLE,relay_visibility_failure
PAY-HELIX-NANO,secondary_sensitivity,obstruction_sensitivity_h80_x30,h80_x30,80.0,0.3,0.0,20,45,60.0,False,False,True,-0.065,1.956,3.095,False,False,0.15,4.0,True,False,True,False,rotor_diameter|vehicle_span,13.9324,0.8514,RELAY_CONNECTIVITY_INFEASIBLE,relay_visibility_failure
PAY-HELIX-NANO,secondary_sensitivity,obstruction_sensitivity_h80_x30,h80_x30,80.0,0.3,0.0,20,60,60.0,False,False,True,-0.065,1.956,3.095,False,False,0.15,4.0,False,True,False,False,,,,RELAY_CONNECTIVITY_INFEASIBLE,relay_visibility_failure
PAY-HELIX-NANO,secondary_sensitivity,obstruction_sensitivity_h80_x30,h80_x30,80.0,0.3,0.0,30,10,60.0,False,False,True,-3.587,-1.566,-0.427,False,False,0.15,4.0,True,False,True,True,,3.3838,0.4196,RELAY_CONNECTIVITY_INFEASIBLE,relay_visibility_failure
PAY-HELIX-NANO,secondary_sensitivity,obstruction_sensitivity_h80_x30,h80_x30,80.0,0.3,0.0,30,20,60.0,False,False,True,-3.587,-1.566,-0.427,False,False,0.15,4.0,True,False,True,True,,3.3838,0.4196,RELAY_CONNECTIVITY_INFEASIBLE,relay_visibility_failure
PAY-HELIX-NANO,secondary_sensitivity,obstruction_sensitivity_h80_x30,h80_x30,80.0,0.3,0.0,30,30,60.0,False,False,True,-3.587,-1.566,-0.427,False,False,0.15,4.0,True,False,True,True,,4.4394,0.4806,RELAY_CONNECTIVITY_INFEASIBLE,relay_visibility_failure
PAY-HELIX-NANO,secondary_sensitivity,obstruction_sensitivity_h80_x30,h80_x30,80.0,0.3,0.0,30,45,60.0,False,False,True,-3.587,-1.566,-0.427,False,False,0.15,4.0,True,False,True,False,rotor_diameter|vehicle_span,13.9324,0.8514,RELAY_CONNECTIVITY_INFEASIBLE,relay_visibility_failure
PAY-HELIX-NANO,secondary_sensitivity,obstruction_sensitivity_h80_x30,h80_x30,80.0,0.3,0.0,30,60,60.0,False,False,True,-3.587,-1.566,-0.427,False,False,0.15,4.0,False,True,False,False,,,,RELAY_CONNECTIVITY_INFEASIBLE,relay_visibility_failure
PAY-HELIX-NANO,secondary_sensitivity,obstruction_sensitivity_h80_x30,h80_x30,80.0,0.3,0.0,40,10,60.0,False,False,True,-6.085,-4.065,-2.925,False,False,0.15,4.0,True,False,True,True,,3.3838,0.4196,RELAY_CONNECTIVITY_INFEASIBLE,relay_visibility_failure
PAY-HELIX-NANO,secondary_sensitivity,obstruction_sensitivity_h80_x30,h80_x30,80.0,0.3,0.0,40,20,60.0,False,False,True,-6.085,-4.065,-2.925,False,False,0.15,4.0,True,False,True,True,,3.3838,0.4196,RELAY_CONNECTIVITY_INFEASIBLE,relay_visibility_failure
PAY-HELIX-NANO,secondary_sensitivity,obstruction_sensitivity_h80_x30,h80_x30,80.0,0.3,0.0,40,30,60.0,False,False,True,-6.085,-4.065,-2.925,False,False,0.15,4.0,True,False,True,True,,4.4394,0.4806,RELAY_CONNECTIVITY_INFEASIBLE,relay_visibility_failure
PAY-HELIX-NANO,secondary_sensitivity,obstruction_sensitivity_h80_x30,h80_x30,80.0,0.3,0.0,40,45,60.0,False,False,True,-6.085,-4.065,-2.925,False,False,0.15,4.0,True,False,True,False,rotor_diameter|vehicle_span,13.9324,0.8514,RELAY_CONNECTIVITY_INFEASIBLE,relay_visibility_failure
PAY-HELIX-NANO,secondary_sensitivity,obstruction_sensitivity_h80_x30,h80_x30,80.0,0.3,0.0,40,60,60.0,False,False,True,-6.085,-4.065,-2.925,False,False,0.15,4.0,False,True,False,False,,,,RELAY_CONNECTIVITY_INFEASIBLE,relay_visibility_failure
PAY-HELIX-NANO,secondary_sensitivity,obstruction_sensitivity_h80_x30,h80_x30,80.0,0.3,0.0,60,10,60.0,False,False,True,-9.607,-7.587,-6.447,False,False,0.15,4.0,True,False,True,True,,3.3838,0.4196,RELAY_CONNECTIVITY_INFEASIBLE,relay_visibility_failure
PAY-HELIX-NANO,secondary_sensitivity,obstruction_sensitivity_h80_x30,h80_x30,80.0,0.3,0.0,60,20,60.0,False,False,True,-9.607,-7.587,-6.447,False,False,0.15,4.0,True,False,True,True,,3.3838,0.4196,RELAY_CONNECTIVITY_INFEASIBLE,relay_visibility_failure
PAY-HELIX-NANO,secondary_sensitivity,obstruction_sensitivity_h80_x30,h80_x30,80.0,0.3,0.0,60,30,60.0,False,False,True,-9.607,-7.587,-6.447,False,False,0.15,4.0,True,False,True,True,,4.4394,0.4806,RELAY_CONNECTIVITY_INFEASIBLE,relay_visibility_failure
PAY-HELIX-NANO,secondary_sensitivity,obstruction_sensitivity_h80_x30,h80_x30,80.0,0.3,0.0,60,45,60.0,False,False,True,-9.607,-7.587,-6.447,False,False,0.15,4.0,True,False,True,False,rotor_diameter|vehicle_span,13.9324,0.8514,RELAY_CONNECTIVITY_INFEASIBLE,relay_visibility_failure
PAY-HELIX-NANO,secondary_sensitivity,obstruction_sensitivity_h80_x30,h80_x30,80.0,0.3,0.0,60,60,60.0,False,False,True,-9.607,-7.587,-6.447,False,False,0.15,4.0,False,True,False,False,,,,RELAY_CONNECTIVITY_INFEASIBLE,relay_visibility_failure
PAY-HELIX-NANO,secondary_sensitivity,obstruction_sensitivity_h80_x30,h80_x30,80.0,0.3,0.0,5,10,120.0,False,False,True,11.975,13.987,15.136,False,False,0.15,4.0,True,False,True,True,,3.3838,0.4196,RELAY_CONNECTIVITY_INFEASIBLE,relay_visibility_failure
PAY-HELIX-NANO,secondary_sensitivity,obstruction_sensitivity_h80_x30,h80_x30,80.0,0.3,0.0,5,20,120.0,False,False,True,11.975,13.987,15.136,False,False,0.15,4.0,True,False,True,True,,3.3838,0.4196,RELAY_CONNECTIVITY_INFEASIBLE,relay_visibility_failure
PAY-HELIX-NANO,secondary_sensitivity,obstruction_sensitivity_h80_x30,h80_x30,80.0,0.3,0.0,5,30,120.0,False,False,True,11.975,13.987,15.136,False,False,0.15,4.0,True,False,True,True,,4.4394,0.4806,RELAY_CONNECTIVITY_INFEASIBLE,relay_visibility_failure
PAY-HELIX-NANO,secondary_sensitivity,obstruction_sensitivity_h80_x30,h80_x30,80.0,0.3,0.0,5,45,120.0,False,False,True,11.975,13.987,15.136,False,False,0.15,4.0,True,False,True,False,rotor_diameter|vehicle_span,13.9324,0.8514,RELAY_CONNECTIVITY_INFEASIBLE,relay_visibility_failure
PAY-HELIX-NANO,secondary_sensitivity,obstruction_sensitivity_h80_x30,h80_x30,80.0,0.3,0.0,5,60,120.0,False,False,True,11.975,13.987,15.136,False,False,0.15,4.0,False,True,False,False,,,,RELAY_CONNECTIVITY_INFEASIBLE,relay_visibility_failure
PAY-HELIX-NANO,secondary_sensitivity,obstruction_sensitivity_h80_x30,h80_x30,80.0,0.3,0.0,10,10,120.0,False,False,True,5.955,7.974,9.116,False,False,0.15,4.0,True,False,True,True,,3.3838,0.4196,RELAY_CONNECTIVITY_INFEASIBLE,relay_visibility_failure
PAY-HELIX-NANO,secondary_sensitivity,obstruction_sensitivity_h80_x30,h80_x30,80.0,0.3,0.0,10,20,120.0,False,False,True,5.955,7.974,9.116,False,False,0.15,4.0,True,False,True,True,,3.3838,0.4196,RELAY_CONNECTIVITY_INFEASIBLE,relay_visibility_failure
PAY-HELIX-NANO,secondary_sensitivity,obstruction_sensitivity_h80_x30,h80_x30,80.0,0.3,0.0,10,30,120.0,False,False,True,5.955,7.974,9.116,False,False,0.15,4.0,True,False,True,True,,4.4394,0.4806,RELAY_CONNECTIVITY_INFEASIBLE,relay_visibility_failure
PAY-HELIX-NANO,secondary_sensitivity,obstruction_sensitivity_h80_x30,h80_x30,80.0,0.3,0.0,10,45,120.0,False,False,True,5.955,7.974,9.116,False,False,0.15,4.0,True,False,True,False,rotor_diameter|vehicle_span,13.9324,0.8514,RELAY_CONNECTIVITY_INFEASIBLE,relay_visibility_failure
PAY-HELIX-NANO,secondary_sensitivity,obstruction_sensitivity_h80_x30,h80_x30,80.0,0.3,0.0,10,60,120.0,False,False,True,5.955,7.974,9.116,False,False,0.15,4.0,False,True,False,False,,,,RELAY_CONNECTIVITY_INFEASIBLE,relay_visibility_failure
PAY-HELIX-NANO,secondary_sensitivity,obstruction_sensitivity_h80_x30,h80_x30,80.0,0.3,0.0,20,10,120.0,False,False,True,-0.065,1.955,3.095,False,False,0.15,4.0,True,False,True,True,,3.3838,0.4196,RELAY_CONNECTIVITY_INFEASIBLE,relay_visibility_failure
PAY-HELIX-NANO,secondary_sensitivity,obstruction_sensitivity_h80_x30,h80_x30,80.0,0.3,0.0,20,20,120.0,False,False,True,-0.065,1.955,3.095,False,False,0.15,4.0,True,False,True,True,,3.3838,0.4196,RELAY_CONNECTIVITY_INFEASIBLE,relay_visibility_failure
PAY-HELIX-NANO,secondary_sensitivity,obstruction_sensitivity_h80_x30,h80_x30,80.0,0.3,0.0,20,30,120.0,False,False,True,-0.065,1.955,3.095,False,False,0.15,4.0,True,False,True,True,,4.4394,0.4806,RELAY_CONNECTIVITY_INFEASIBLE,relay_visibility_failure
PAY-HELIX-NANO,secondary_sensitivity,obstruction_sensitivity_h80_x30,h80_x30,80.0,0.3,0.0,20,45,120.0,False,False,True,-0.065,1.955,3.095,False,False,0.15,4.0,True,False,True,False,rotor_diameter|vehicle_span,13.9324,0.8514,RELAY_CONNECTIVITY_INFEASIBLE,relay_visibility_failure
PAY-HELIX-NANO,secondary_sensitivity,obstruction_sensitivity_h80_x30,h80_x30,80.0,0.3,0.0,20,60,120.0,False,False,True,-0.065,1.955,3.095,False,False,0.15,4.0,False,True,False,False,,,,RELAY_CONNECTIVITY_INFEASIBLE,relay_visibility_failure
PAY-HELIX-NANO,secondary_sensitivity,obstruction_sensitivity_h80_x30,h80_x30,80.0,0.3,0.0,30,10,120.0,False,False,True,-3.587,-1.566,-0.427,False,False,0.15,4.0,True,False,True,True,,3.3838,0.4196,RELAY_CONNECTIVITY_INFEASIBLE,relay_visibility_failure
PAY-HELIX-NANO,secondary_sensitivity,obstruction_sensitivity_h80_x30,h80_x30,80.0,0.3,0.0,30,20,120.0,False,False,True,-3.587,-1.566,-0.427,False,False,0.15,4.0,True,False,True,True,,3.3838,0.4196,RELAY_CONNECTIVITY_INFEASIBLE,relay_visibility_failure
PAY-HELIX-NANO,secondary_sensitivity,obstruction_sensitivity_h80_x30,h80_x30,80.0,0.3,0.0,30,30,120.0,False,False,True,-3.587,-1.566,-0.427,False,False,0.15,4.0,True,False,True,True,,4.4394,0.4806,RELAY_CONNECTIVITY_INFEASIBLE,relay_visibility_failure
PAY-HELIX-NANO,secondary_sensitivity,obstruction_sensitivity_h80_x30,h80_x30,80.0,0.3,0.0,30,45,120.0,False,False,True,-3.587,-1.566,-0.427,False,False,0.15,4.0,True,False,True,False,rotor_diameter|vehicle_span,13.9324,0.8514,RELAY_CONNECTIVITY_INFEASIBLE,relay_visibility_failure
PAY-HELIX-NANO,secondary_sensitivity,obstruction_sensitivity_h80_x30,h80_x30,80.0,0.3,0.0,30,60,120.0,False,False,True,-3.587,-1.566,-0.427,False,False,0.15,4.0,False,True,False,False,,,,RELAY_CONNECTIVITY_INFEASIBLE,relay_visibility_failure
PAY-HELIX-NANO,secondary_sensitivity,obstruction_sensitivity_h80_x30,h80_x30,80.0,0.3,0.0,40,10,120.0,False,False,True,-6.085,-4.065,-2.925,False,False,0.15,4.0,True,False,True,True,,3.3838,0.4196,RELAY_CONNECTIVITY_INFEASIBLE,relay_visibility_failure
PAY-HELIX-NANO,secondary_sensitivity,obstruction_sensitivity_h80_x30,h80_x30,80.0,0.3,0.0,40,20,120.0,False,False,True,-6.085,-4.065,-2.925,False,False,0.15,4.0,True,False,True,True,,3.3838,0.4196,RELAY_CONNECTIVITY_INFEASIBLE,relay_visibility_failure
PAY-HELIX-NANO,secondary_sensitivity,obstruction_sensitivity_h80_x30,h80_x30,80.0,0.3,0.0,40,30,120.0,False,False,True,-6.085,-4.065,-2.925,False,False,0.15,4.0,True,False,True,True,,4.4394,0.4806,RELAY_CONNECTIVITY_INFEASIBLE,relay_visibility_failure
PAY-HELIX-NANO,secondary_sensitivity,obstruction_sensitivity_h80_x30,h80_x30,80.0,0.3,0.0,40,45,120.0,False,False,True,-6.085,-4.065,-2.925,False,False,0.15,4.0,True,False,True,False,rotor_diameter|vehicle_span,13.9324,0.8514,RELAY_CONNECTIVITY_INFEASIBLE,relay_visibility_failure
PAY-HELIX-NANO,secondary_sensitivity,obstruction_sensitivity_h80_x30,h80_x30,80.0,0.3,0.0,40,60,120.0,False,False,True,-6.085,-4.065,-2.925,False,False,0.15,4.0,False,True,False,False,,,,RELAY_CONNECTIVITY_INFEASIBLE,relay_visibility_failure
PAY-HELIX-NANO,secondary_sensitivity,obstruction_sensitivity_h80_x30,h80_x30,80.0,0.3,0.0,60,10,120.0,False,False,True,-9.607,-7.587,-6.447,False,False,0.15,4.0,True,False,True,True,,3.3838,0.4196,RELAY_CONNECTIVITY_INFEASIBLE,relay_visibility_failure
PAY-HELIX-NANO,secondary_sensitivity,obstruction_sensitivity_h80_x30,h80_x30,80.0,0.3,0.0,60,20,120.0,False,False,True,-9.607,-7.587,-6.447,False,False,0.15,4.0,True,False,True,True,,3.3838,0.4196,RELAY_CONNECTIVITY_INFEASIBLE,relay_visibility_failure
PAY-HELIX-NANO,secondary_sensitivity,obstruction_sensitivity_h80_x30,h80_x30,80.0,0.3,0.0,60,30,120.0,False,False,True,-9.607,-7.587,-6.447,False,False,0.15,4.0,True,False,True,True,,4.4394,0.4806,RELAY_CONNECTIVITY_INFEASIBLE,relay_visibility_failure
PAY-HELIX-NANO,secondary_sensitivity,obstruction_sensitivity_h80_x30,h80_x30,80.0,0.3,0.0,60,45,120.0,False,False,True,-9.607,-7.587,-6.447,False,False,0.15,4.0,True,False,True,False,rotor_diameter|vehicle_span,13.9324,0.8514,RELAY_CONNECTIVITY_INFEASIBLE,relay_visibility_failure
PAY-HELIX-NANO,secondary_sensitivity,obstruction_sensitivity_h80_x30,h80_x30,80.0,0.3,0.0,60,60,120.0,False,False,True,-9.607,-7.587,-6.447,False,False,0.15,4.0,False,True,False,False,,,,RELAY_CONNECTIVITY_INFEASIBLE,relay_visibility_failure
PAY-HELIX-NANO,secondary_sensitivity,obstruction_sensitivity_h80_x30,h80_x30,80.0,0.3,0.0,5,10,240.0,False,True,True,11.975,13.957,15.123,False,True,0.15,4.0,True,False,True,True,,3.3838,0.4196,RELAY_BENEFICIAL_AND_FEASIBLE,direct_visibility_loss_relay_visibility_restoration
PAY-HELIX-NANO,secondary_sensitivity,obstruction_sensitivity_h80_x30,h80_x30,80.0,0.3,0.0,5,20,240.0,False,True,True,11.975,13.957,15.123,False,True,0.15,4.0,True,False,True,True,,3.3838,0.4196,RELAY_BENEFICIAL_AND_FEASIBLE,direct_visibility_loss_relay_visibility_restoration
PAY-HELIX-NANO,secondary_sensitivity,obstruction_sensitivity_h80_x30,h80_x30,80.0,0.3,0.0,5,30,240.0,False,True,True,11.975,13.957,15.123,False,True,0.15,4.0,True,False,True,True,,4.4394,0.4806,RELAY_BENEFICIAL_AND_FEASIBLE,direct_visibility_loss_relay_visibility_restoration
PAY-HELIX-NANO,secondary_sensitivity,obstruction_sensitivity_h80_x30,h80_x30,80.0,0.3,0.0,5,45,240.0,False,True,True,11.975,13.957,15.123,False,True,0.15,4.0,True,False,True,False,rotor_diameter|vehicle_span,13.9324,0.8514,MASS_CLOSED_PRACTICAL_CONSTRAINT_FAILURE,finite_closure_exceeds_practical_analysis_boundary
PAY-HELIX-NANO,secondary_sensitivity,obstruction_sensitivity_h80_x30,h80_x30,80.0,0.3,0.0,5,60,240.0,False,True,True,11.975,13.957,15.123,False,True,0.15,4.0,False,True,False,False,,,,RELAY_FUNCTIONAL_VEHICLE_RESOURCE_FAILURE,endurance_driven_mathematical_nonclosure
PAY-HELIX-NANO,secondary_sensitivity,obstruction_sensitivity_h80_x30,h80_x30,80.0,0.3,0.0,10,10,240.0,False,True,True,5.955,7.966,9.112,False,True,0.15,4.0,True,False,True,True,,3.3838,0.4196,RELAY_BENEFICIAL_AND_FEASIBLE,direct_visibility_loss_relay_visibility_restoration
PAY-HELIX-NANO,secondary_sensitivity,obstruction_sensitivity_h80_x30,h80_x30,80.0,0.3,0.0,10,20,240.0,False,True,True,5.955,7.966,9.112,False,True,0.15,4.0,True,False,True,True,,3.3838,0.4196,RELAY_BENEFICIAL_AND_FEASIBLE,direct_visibility_loss_relay_visibility_restoration
PAY-HELIX-NANO,secondary_sensitivity,obstruction_sensitivity_h80_x30,h80_x30,80.0,0.3,0.0,10,30,240.0,False,True,True,5.955,7.966,9.112,False,True,0.15,4.0,True,False,True,True,,4.4394,0.4806,RELAY_BENEFICIAL_AND_FEASIBLE,direct_visibility_loss_relay_visibility_restoration
PAY-HELIX-NANO,secondary_sensitivity,obstruction_sensitivity_h80_x30,h80_x30,80.0,0.3,0.0,10,45,240.0,False,True,True,5.955,7.966,9.112,False,True,0.15,4.0,True,False,True,False,rotor_diameter|vehicle_span,13.9324,0.8514,MASS_CLOSED_PRACTICAL_CONSTRAINT_FAILURE,finite_closure_exceeds_practical_analysis_boundary
PAY-HELIX-NANO,secondary_sensitivity,obstruction_sensitivity_h80_x30,h80_x30,80.0,0.3,0.0,10,60,240.0,False,True,True,5.955,7.966,9.112,False,True,0.15,4.0,False,True,False,False,,,,RELAY_FUNCTIONAL_VEHICLE_RESOURCE_FAILURE,endurance_driven_mathematical_nonclosure
PAY-HELIX-NANO,secondary_sensitivity,obstruction_sensitivity_h80_x30,h80_x30,80.0,0.3,0.0,20,10,240.0,False,True,True,-0.065,1.953,3.094,False,True,0.15,4.0,True,False,True,True,,3.3838,0.4196,RELAY_BENEFICIAL_AND_FEASIBLE,direct_visibility_loss_relay_visibility_restoration
PAY-HELIX-NANO,secondary_sensitivity,obstruction_sensitivity_h80_x30,h80_x30,80.0,0.3,0.0,20,20,240.0,False,True,True,-0.065,1.953,3.094,False,True,0.15,4.0,True,False,True,True,,3.3838,0.4196,RELAY_BENEFICIAL_AND_FEASIBLE,direct_visibility_loss_relay_visibility_restoration
PAY-HELIX-NANO,secondary_sensitivity,obstruction_sensitivity_h80_x30,h80_x30,80.0,0.3,0.0,20,30,240.0,False,True,True,-0.065,1.953,3.094,False,True,0.15,4.0,True,False,True,True,,4.4394,0.4806,RELAY_BENEFICIAL_AND_FEASIBLE,direct_visibility_loss_relay_visibility_restoration
PAY-HELIX-NANO,secondary_sensitivity,obstruction_sensitivity_h80_x30,h80_x30,80.0,0.3,0.0,20,45,240.0,False,True,True,-0.065,1.953,3.094,False,True,0.15,4.0,True,False,True,False,rotor_diameter|vehicle_span,13.9324,0.8514,MASS_CLOSED_PRACTICAL_CONSTRAINT_FAILURE,finite_closure_exceeds_practical_analysis_boundary
PAY-HELIX-NANO,secondary_sensitivity,obstruction_sensitivity_h80_x30,h80_x30,80.0,0.3,0.0,20,60,240.0,False,True,True,-0.065,1.953,3.094,False,True,0.15,4.0,False,True,False,False,,,,RELAY_FUNCTIONAL_VEHICLE_RESOURCE_FAILURE,endurance_driven_mathematical_nonclosure
PAY-HELIX-NANO,secondary_sensitivity,obstruction_sensitivity_h80_x30,h80_x30,80.0,0.3,0.0,30,10,240.0,False,True,True,-3.587,-1.567,-0.427,False,False,0.15,4.0,True,False,True,True,,3.3838,0.4196,RELAY_CONNECTIVITY_INFEASIBLE,relay_visibility_restored_but_relay_link_margin_failure
PAY-HELIX-NANO,secondary_sensitivity,obstruction_sensitivity_h80_x30,h80_x30,80.0,0.3,0.0,30,20,240.0,False,True,True,-3.587,-1.567,-0.427,False,False,0.15,4.0,True,False,True,True,,3.3838,0.4196,RELAY_CONNECTIVITY_INFEASIBLE,relay_visibility_restored_but_relay_link_margin_failure
PAY-HELIX-NANO,secondary_sensitivity,obstruction_sensitivity_h80_x30,h80_x30,80.0,0.3,0.0,30,30,240.0,False,True,True,-3.587,-1.567,-0.427,False,False,0.15,4.0,True,False,True,True,,4.4394,0.4806,RELAY_CONNECTIVITY_INFEASIBLE,relay_visibility_restored_but_relay_link_margin_failure
PAY-HELIX-NANO,secondary_sensitivity,obstruction_sensitivity_h80_x30,h80_x30,80.0,0.3,0.0,30,45,240.0,False,True,True,-3.587,-1.567,-0.427,False,False,0.15,4.0,True,False,True,False,rotor_diameter|vehicle_span,13.9324,0.8514,RELAY_CONNECTIVITY_INFEASIBLE,relay_visibility_restored_but_relay_link_margin_failure
PAY-HELIX-NANO,secondary_sensitivity,obstruction_sensitivity_h80_x30,h80_x30,80.0,0.3,0.0,30,60,240.0,False,True,True,-3.587,-1.567,-0.427,False,False,0.15,4.0,False,True,False,False,,,,RELAY_CONNECTIVITY_INFEASIBLE,relay_visibility_restored_but_relay_link_margin_failure
PAY-HELIX-NANO,secondary_sensitivity,obstruction_sensitivity_h80_x30,h80_x30,80.0,0.3,0.0,40,10,240.0,False,True,True,-6.085,-4.065,-2.926,False,False,0.15,4.0,True,False,True,True,,3.3838,0.4196,RELAY_CONNECTIVITY_INFEASIBLE,relay_visibility_restored_but_relay_link_margin_failure
PAY-HELIX-NANO,secondary_sensitivity,obstruction_sensitivity_h80_x30,h80_x30,80.0,0.3,0.0,40,20,240.0,False,True,True,-6.085,-4.065,-2.926,False,False,0.15,4.0,True,False,True,True,,3.3838,0.4196,RELAY_CONNECTIVITY_INFEASIBLE,relay_visibility_restored_but_relay_link_margin_failure
PAY-HELIX-NANO,secondary_sensitivity,obstruction_sensitivity_h80_x30,h80_x30,80.0,0.3,0.0,40,30,240.0,False,True,True,-6.085,-4.065,-2.926,False,False,0.15,4.0,True,False,True,True,,4.4394,0.4806,RELAY_CONNECTIVITY_INFEASIBLE,relay_visibility_restored_but_relay_link_margin_failure
PAY-HELIX-NANO,secondary_sensitivity,obstruction_sensitivity_h80_x30,h80_x30,80.0,0.3,0.0,40,45,240.0,False,True,True,-6.085,-4.065,-2.926,False,False,0.15,4.0,True,False,True,False,rotor_diameter|vehicle_span,13.9324,0.8514,RELAY_CONNECTIVITY_INFEASIBLE,relay_visibility_restored_but_relay_link_margin_failure
PAY-HELIX-NANO,secondary_sensitivity,obstruction_sensitivity_h80_x30,h80_x30,80.0,0.3,0.0,40,60,240.0,False,True,True,-6.085,-4.065,-2.926,False,False,0.15,4.0,False,True,False,False,,,,RELAY_CONNECTIVITY_INFEASIBLE,relay_visibility_restored_but_relay_link_margin_failure
PAY-HELIX-NANO,secondary_sensitivity,obstruction_sensitivity_h80_x30,h80_x30,80.0,0.3,0.0,60,10,240.0,False,True,True,-9.607,-7.587,-6.447,False,False,0.15,4.0,True,False,True,True,,3.3838,0.4196,RELAY_CONNECTIVITY_INFEASIBLE,relay_visibility_restored_but_relay_link_margin_failure
PAY-HELIX-NANO,secondary_sensitivity,obstruction_sensitivity_h80_x30,h80_x30,80.0,0.3,0.0,60,20,240.0,False,True,True,-9.607,-7.587,-6.447,False,False,0.15,4.0,True,False,True,True,,3.3838,0.4196,RELAY_CONNECTIVITY_INFEASIBLE,relay_visibility_restored_but_relay_link_margin_failure
PAY-HELIX-NANO,secondary_sensitivity,obstruction_sensitivity_h80_x30,h80_x30,80.0,0.3,0.0,60,30,240.0,False,True,True,-9.607,-7.587,-6.447,False,False,0.15,4.0,True,False,True,True,,4.4394,0.4806,RELAY_CONNECTIVITY_INFEASIBLE,relay_visibility_restored_but_relay_link_margin_failure
PAY-HELIX-NANO,secondary_sensitivity,obstruction_sensitivity_h80_x30,h80_x30,80.0,0.3,0.0,60,45,240.0,False,True,True,-9.607,-7.587,-6.447,False,False,0.15,4.0,True,False,True,False,rotor_diameter|vehicle_span,13.9324,0.8514,RELAY_CONNECTIVITY_INFEASIBLE,relay_visibility_restored_but_relay_link_margin_failure
PAY-HELIX-NANO,secondary_sensitivity,obstruction_sensitivity_h80_x30,h80_x30,80.0,0.3,0.0,60,60,240.0,False,True,True,-9.607,-7.587,-6.447,False,False,0.15,4.0,False,True,False,False,,,,RELAY_CONNECTIVITY_INFEASIBLE,relay_visibility_restored_but_relay_link_margin_failure
PAY-HELIX-NANO,secondary_sensitivity,obstruction_sensitivity_h80_x45,h80_x45,80.0,0.45,0.0,5,10,60.0,False,False,True,11.975,13.994,15.135,False,False,0.15,4.0,True,False,True,True,,3.3838,0.4196,RELAY_CONNECTIVITY_INFEASIBLE,relay_visibility_failure
PAY-HELIX-NANO,secondary_sensitivity,obstruction_sensitivity_h80_x45,h80_x45,80.0,0.45,0.0,5,20,60.0,False,False,True,11.975,13.994,15.135,False,False,0.15,4.0,True,False,True,True,,3.3838,0.4196,RELAY_CONNECTIVITY_INFEASIBLE,relay_visibility_failure
PAY-HELIX-NANO,secondary_sensitivity,obstruction_sensitivity_h80_x45,h80_x45,80.0,0.45,0.0,5,30,60.0,False,False,True,11.975,13.994,15.135,False,False,0.15,4.0,True,False,True,True,,4.4394,0.4806,RELAY_CONNECTIVITY_INFEASIBLE,relay_visibility_failure
PAY-HELIX-NANO,secondary_sensitivity,obstruction_sensitivity_h80_x45,h80_x45,80.0,0.45,0.0,5,45,60.0,False,False,True,11.975,13.994,15.135,False,False,0.15,4.0,True,False,True,False,rotor_diameter|vehicle_span,13.9324,0.8514,RELAY_CONNECTIVITY_INFEASIBLE,relay_visibility_failure
PAY-HELIX-NANO,secondary_sensitivity,obstruction_sensitivity_h80_x45,h80_x45,80.0,0.45,0.0,5,60,60.0,False,False,True,11.975,13.994,15.135,False,False,0.15,4.0,False,True,False,False,,,,RELAY_CONNECTIVITY_INFEASIBLE,relay_visibility_failure
PAY-HELIX-NANO,secondary_sensitivity,obstruction_sensitivity_h80_x45,h80_x45,80.0,0.45,0.0,10,10,60.0,False,False,True,5.955,7.976,9.116,False,False,0.15,4.0,True,False,True,True,,3.3838,0.4196,RELAY_CONNECTIVITY_INFEASIBLE,relay_visibility_failure
PAY-HELIX-NANO,secondary_sensitivity,obstruction_sensitivity_h80_x45,h80_x45,80.0,0.45,0.0,10,20,60.0,False,False,True,5.955,7.976,9.116,False,False,0.15,4.0,True,False,True,True,,3.3838,0.4196,RELAY_CONNECTIVITY_INFEASIBLE,relay_visibility_failure
PAY-HELIX-NANO,secondary_sensitivity,obstruction_sensitivity_h80_x45,h80_x45,80.0,0.45,0.0,10,30,60.0,False,False,True,5.955,7.976,9.116,False,False,0.15,4.0,True,False,True,True,,4.4394,0.4806,RELAY_CONNECTIVITY_INFEASIBLE,relay_visibility_failure
PAY-HELIX-NANO,secondary_sensitivity,obstruction_sensitivity_h80_x45,h80_x45,80.0,0.45,0.0,10,45,60.0,False,False,True,5.955,7.976,9.116,False,False,0.15,4.0,True,False,True,False,rotor_diameter|vehicle_span,13.9324,0.8514,RELAY_CONNECTIVITY_INFEASIBLE,relay_visibility_failure
PAY-HELIX-NANO,secondary_sensitivity,obstruction_sensitivity_h80_x45,h80_x45,80.0,0.45,0.0,10,60,60.0,False,False,True,5.955,7.976,9.116,False,False,0.15,4.0,False,True,False,False,,,,RELAY_CONNECTIVITY_INFEASIBLE,relay_visibility_failure
PAY-HELIX-NANO,secondary_sensitivity,obstruction_sensitivity_h80_x45,h80_x45,80.0,0.45,0.0,20,10,60.0,False,False,True,-0.065,1.956,3.095,False,False,0.15,4.0,True,False,True,True,,3.3838,0.4196,RELAY_CONNECTIVITY_INFEASIBLE,relay_visibility_failure
PAY-HELIX-NANO,secondary_sensitivity,obstruction_sensitivity_h80_x45,h80_x45,80.0,0.45,0.0,20,20,60.0,False,False,True,-0.065,1.956,3.095,False,False,0.15,4.0,True,False,True,True,,3.3838,0.4196,RELAY_CONNECTIVITY_INFEASIBLE,relay_visibility_failure
PAY-HELIX-NANO,secondary_sensitivity,obstruction_sensitivity_h80_x45,h80_x45,80.0,0.45,0.0,20,30,60.0,False,False,True,-0.065,1.956,3.095,False,False,0.15,4.0,True,False,True,True,,4.4394,0.4806,RELAY_CONNECTIVITY_INFEASIBLE,relay_visibility_failure
PAY-HELIX-NANO,secondary_sensitivity,obstruction_sensitivity_h80_x45,h80_x45,80.0,0.45,0.0,20,45,60.0,False,False,True,-0.065,1.956,3.095,False,False,0.15,4.0,True,False,True,False,rotor_diameter|vehicle_span,13.9324,0.8514,RELAY_CONNECTIVITY_INFEASIBLE,relay_visibility_failure
PAY-HELIX-NANO,secondary_sensitivity,obstruction_sensitivity_h80_x45,h80_x45,80.0,0.45,0.0,20,60,60.0,False,False,True,-0.065,1.956,3.095,False,False,0.15,4.0,False,True,False,False,,,,RELAY_CONNECTIVITY_INFEASIBLE,relay_visibility_failure
PAY-HELIX-NANO,secondary_sensitivity,obstruction_sensitivity_h80_x45,h80_x45,80.0,0.45,0.0,30,10,60.0,False,False,True,-3.587,-1.566,-0.427,False,False,0.15,4.0,True,False,True,True,,3.3838,0.4196,RELAY_CONNECTIVITY_INFEASIBLE,relay_visibility_failure
PAY-HELIX-NANO,secondary_sensitivity,obstruction_sensitivity_h80_x45,h80_x45,80.0,0.45,0.0,30,20,60.0,False,False,True,-3.587,-1.566,-0.427,False,False,0.15,4.0,True,False,True,True,,3.3838,0.4196,RELAY_CONNECTIVITY_INFEASIBLE,relay_visibility_failure
PAY-HELIX-NANO,secondary_sensitivity,obstruction_sensitivity_h80_x45,h80_x45,80.0,0.45,0.0,30,30,60.0,False,False,True,-3.587,-1.566,-0.427,False,False,0.15,4.0,True,False,True,True,,4.4394,0.4806,RELAY_CONNECTIVITY_INFEASIBLE,relay_visibility_failure
PAY-HELIX-NANO,secondary_sensitivity,obstruction_sensitivity_h80_x45,h80_x45,80.0,0.45,0.0,30,45,60.0,False,False,True,-3.587,-1.566,-0.427,False,False,0.15,4.0,True,False,True,False,rotor_diameter|vehicle_span,13.9324,0.8514,RELAY_CONNECTIVITY_INFEASIBLE,relay_visibility_failure
PAY-HELIX-NANO,secondary_sensitivity,obstruction_sensitivity_h80_x45,h80_x45,80.0,0.45,0.0,30,60,60.0,False,False,True,-3.587,-1.566,-0.427,False,False,0.15,4.0,False,True,False,False,,,,RELAY_CONNECTIVITY_INFEASIBLE,relay_visibility_failure
PAY-HELIX-NANO,secondary_sensitivity,obstruction_sensitivity_h80_x45,h80_x45,80.0,0.45,0.0,40,10,60.0,False,False,True,-6.085,-4.065,-2.925,False,False,0.15,4.0,True,False,True,True,,3.3838,0.4196,RELAY_CONNECTIVITY_INFEASIBLE,relay_visibility_failure
PAY-HELIX-NANO,secondary_sensitivity,obstruction_sensitivity_h80_x45,h80_x45,80.0,0.45,0.0,40,20,60.0,False,False,True,-6.085,-4.065,-2.925,False,False,0.15,4.0,True,False,True,True,,3.3838,0.4196,RELAY_CONNECTIVITY_INFEASIBLE,relay_visibility_failure
PAY-HELIX-NANO,secondary_sensitivity,obstruction_sensitivity_h80_x45,h80_x45,80.0,0.45,0.0,40,30,60.0,False,False,True,-6.085,-4.065,-2.925,False,False,0.15,4.0,True,False,True,True,,4.4394,0.4806,RELAY_CONNECTIVITY_INFEASIBLE,relay_visibility_failure
PAY-HELIX-NANO,secondary_sensitivity,obstruction_sensitivity_h80_x45,h80_x45,80.0,0.45,0.0,40,45,60.0,False,False,True,-6.085,-4.065,-2.925,False,False,0.15,4.0,True,False,True,False,rotor_diameter|vehicle_span,13.9324,0.8514,RELAY_CONNECTIVITY_INFEASIBLE,relay_visibility_failure
PAY-HELIX-NANO,secondary_sensitivity,obstruction_sensitivity_h80_x45,h80_x45,80.0,0.45,0.0,40,60,60.0,False,False,True,-6.085,-4.065,-2.925,False,False,0.15,4.0,False,True,False,False,,,,RELAY_CONNECTIVITY_INFEASIBLE,relay_visibility_failure
PAY-HELIX-NANO,secondary_sensitivity,obstruction_sensitivity_h80_x45,h80_x45,80.0,0.45,0.0,60,10,60.0,False,False,True,-9.607,-7.587,-6.447,False,False,0.15,4.0,True,False,True,True,,3.3838,0.4196,RELAY_CONNECTIVITY_INFEASIBLE,relay_visibility_failure
PAY-HELIX-NANO,secondary_sensitivity,obstruction_sensitivity_h80_x45,h80_x45,80.0,0.45,0.0,60,20,60.0,False,False,True,-9.607,-7.587,-6.447,False,False,0.15,4.0,True,False,True,True,,3.3838,0.4196,RELAY_CONNECTIVITY_INFEASIBLE,relay_visibility_failure
PAY-HELIX-NANO,secondary_sensitivity,obstruction_sensitivity_h80_x45,h80_x45,80.0,0.45,0.0,60,30,60.0,False,False,True,-9.607,-7.587,-6.447,False,False,0.15,4.0,True,False,True,True,,4.4394,0.4806,RELAY_CONNECTIVITY_INFEASIBLE,relay_visibility_failure
PAY-HELIX-NANO,secondary_sensitivity,obstruction_sensitivity_h80_x45,h80_x45,80.0,0.45,0.0,60,45,60.0,False,False,True,-9.607,-7.587,-6.447,False,False,0.15,4.0,True,False,True,False,rotor_diameter|vehicle_span,13.9324,0.8514,RELAY_CONNECTIVITY_INFEASIBLE,relay_visibility_failure
PAY-HELIX-NANO,secondary_sensitivity,obstruction_sensitivity_h80_x45,h80_x45,80.0,0.45,0.0,60,60,60.0,False,False,True,-9.607,-7.587,-6.447,False,False,0.15,4.0,False,True,False,False,,,,RELAY_CONNECTIVITY_INFEASIBLE,relay_visibility_failure
PAY-HELIX-NANO,secondary_sensitivity,obstruction_sensitivity_h80_x45,h80_x45,80.0,0.45,0.0,5,10,120.0,False,True,True,11.975,13.987,15.136,False,True,0.15,4.0,True,False,True,True,,3.3838,0.4196,RELAY_BENEFICIAL_AND_FEASIBLE,direct_visibility_loss_relay_visibility_restoration
PAY-HELIX-NANO,secondary_sensitivity,obstruction_sensitivity_h80_x45,h80_x45,80.0,0.45,0.0,5,20,120.0,False,True,True,11.975,13.987,15.136,False,True,0.15,4.0,True,False,True,True,,3.3838,0.4196,RELAY_BENEFICIAL_AND_FEASIBLE,direct_visibility_loss_relay_visibility_restoration
PAY-HELIX-NANO,secondary_sensitivity,obstruction_sensitivity_h80_x45,h80_x45,80.0,0.45,0.0,5,30,120.0,False,True,True,11.975,13.987,15.136,False,True,0.15,4.0,True,False,True,True,,4.4394,0.4806,RELAY_BENEFICIAL_AND_FEASIBLE,direct_visibility_loss_relay_visibility_restoration
PAY-HELIX-NANO,secondary_sensitivity,obstruction_sensitivity_h80_x45,h80_x45,80.0,0.45,0.0,5,45,120.0,False,True,True,11.975,13.987,15.136,False,True,0.15,4.0,True,False,True,False,rotor_diameter|vehicle_span,13.9324,0.8514,MASS_CLOSED_PRACTICAL_CONSTRAINT_FAILURE,finite_closure_exceeds_practical_analysis_boundary
PAY-HELIX-NANO,secondary_sensitivity,obstruction_sensitivity_h80_x45,h80_x45,80.0,0.45,0.0,5,60,120.0,False,True,True,11.975,13.987,15.136,False,True,0.15,4.0,False,True,False,False,,,,RELAY_FUNCTIONAL_VEHICLE_RESOURCE_FAILURE,endurance_driven_mathematical_nonclosure
PAY-HELIX-NANO,secondary_sensitivity,obstruction_sensitivity_h80_x45,h80_x45,80.0,0.45,0.0,10,10,120.0,False,True,True,5.955,7.974,9.116,False,True,0.15,4.0,True,False,True,True,,3.3838,0.4196,RELAY_BENEFICIAL_AND_FEASIBLE,direct_visibility_loss_relay_visibility_restoration
PAY-HELIX-NANO,secondary_sensitivity,obstruction_sensitivity_h80_x45,h80_x45,80.0,0.45,0.0,10,20,120.0,False,True,True,5.955,7.974,9.116,False,True,0.15,4.0,True,False,True,True,,3.3838,0.4196,RELAY_BENEFICIAL_AND_FEASIBLE,direct_visibility_loss_relay_visibility_restoration
PAY-HELIX-NANO,secondary_sensitivity,obstruction_sensitivity_h80_x45,h80_x45,80.0,0.45,0.0,10,30,120.0,False,True,True,5.955,7.974,9.116,False,True,0.15,4.0,True,False,True,True,,4.4394,0.4806,RELAY_BENEFICIAL_AND_FEASIBLE,direct_visibility_loss_relay_visibility_restoration
PAY-HELIX-NANO,secondary_sensitivity,obstruction_sensitivity_h80_x45,h80_x45,80.0,0.45,0.0,10,45,120.0,False,True,True,5.955,7.974,9.116,False,True,0.15,4.0,True,False,True,False,rotor_diameter|vehicle_span,13.9324,0.8514,MASS_CLOSED_PRACTICAL_CONSTRAINT_FAILURE,finite_closure_exceeds_practical_analysis_boundary
PAY-HELIX-NANO,secondary_sensitivity,obstruction_sensitivity_h80_x45,h80_x45,80.0,0.45,0.0,10,60,120.0,False,True,True,5.955,7.974,9.116,False,True,0.15,4.0,False,True,False,False,,,,RELAY_FUNCTIONAL_VEHICLE_RESOURCE_FAILURE,endurance_driven_mathematical_nonclosure
PAY-HELIX-NANO,secondary_sensitivity,obstruction_sensitivity_h80_x45,h80_x45,80.0,0.45,0.0,20,10,120.0,False,True,True,-0.065,1.955,3.095,False,True,0.15,4.0,True,False,True,True,,3.3838,0.4196,RELAY_BENEFICIAL_AND_FEASIBLE,direct_visibility_loss_relay_visibility_restoration
PAY-HELIX-NANO,secondary_sensitivity,obstruction_sensitivity_h80_x45,h80_x45,80.0,0.45,0.0,20,20,120.0,False,True,True,-0.065,1.955,3.095,False,True,0.15,4.0,True,False,True,True,,3.3838,0.4196,RELAY_BENEFICIAL_AND_FEASIBLE,direct_visibility_loss_relay_visibility_restoration
PAY-HELIX-NANO,secondary_sensitivity,obstruction_sensitivity_h80_x45,h80_x45,80.0,0.45,0.0,20,30,120.0,False,True,True,-0.065,1.955,3.095,False,True,0.15,4.0,True,False,True,True,,4.4394,0.4806,RELAY_BENEFICIAL_AND_FEASIBLE,direct_visibility_loss_relay_visibility_restoration
PAY-HELIX-NANO,secondary_sensitivity,obstruction_sensitivity_h80_x45,h80_x45,80.0,0.45,0.0,20,45,120.0,False,True,True,-0.065,1.955,3.095,False,True,0.15,4.0,True,False,True,False,rotor_diameter|vehicle_span,13.9324,0.8514,MASS_CLOSED_PRACTICAL_CONSTRAINT_FAILURE,finite_closure_exceeds_practical_analysis_boundary
PAY-HELIX-NANO,secondary_sensitivity,obstruction_sensitivity_h80_x45,h80_x45,80.0,0.45,0.0,20,60,120.0,False,True,True,-0.065,1.955,3.095,False,True,0.15,4.0,False,True,False,False,,,,RELAY_FUNCTIONAL_VEHICLE_RESOURCE_FAILURE,endurance_driven_mathematical_nonclosure
PAY-HELIX-NANO,secondary_sensitivity,obstruction_sensitivity_h80_x45,h80_x45,80.0,0.45,0.0,30,10,120.0,False,True,True,-3.587,-1.566,-0.427,False,False,0.15,4.0,True,False,True,True,,3.3838,0.4196,RELAY_CONNECTIVITY_INFEASIBLE,relay_visibility_restored_but_relay_link_margin_failure
PAY-HELIX-NANO,secondary_sensitivity,obstruction_sensitivity_h80_x45,h80_x45,80.0,0.45,0.0,30,20,120.0,False,True,True,-3.587,-1.566,-0.427,False,False,0.15,4.0,True,False,True,True,,3.3838,0.4196,RELAY_CONNECTIVITY_INFEASIBLE,relay_visibility_restored_but_relay_link_margin_failure
PAY-HELIX-NANO,secondary_sensitivity,obstruction_sensitivity_h80_x45,h80_x45,80.0,0.45,0.0,30,30,120.0,False,True,True,-3.587,-1.566,-0.427,False,False,0.15,4.0,True,False,True,True,,4.4394,0.4806,RELAY_CONNECTIVITY_INFEASIBLE,relay_visibility_restored_but_relay_link_margin_failure
PAY-HELIX-NANO,secondary_sensitivity,obstruction_sensitivity_h80_x45,h80_x45,80.0,0.45,0.0,30,45,120.0,False,True,True,-3.587,-1.566,-0.427,False,False,0.15,4.0,True,False,True,False,rotor_diameter|vehicle_span,13.9324,0.8514,RELAY_CONNECTIVITY_INFEASIBLE,relay_visibility_restored_but_relay_link_margin_failure
PAY-HELIX-NANO,secondary_sensitivity,obstruction_sensitivity_h80_x45,h80_x45,80.0,0.45,0.0,30,60,120.0,False,True,True,-3.587,-1.566,-0.427,False,False,0.15,4.0,False,True,False,False,,,,RELAY_CONNECTIVITY_INFEASIBLE,relay_visibility_restored_but_relay_link_margin_failure
PAY-HELIX-NANO,secondary_sensitivity,obstruction_sensitivity_h80_x45,h80_x45,80.0,0.45,0.0,40,10,120.0,False,True,True,-6.085,-4.065,-2.925,False,False,0.15,4.0,True,False,True,True,,3.3838,0.4196,RELAY_CONNECTIVITY_INFEASIBLE,relay_visibility_restored_but_relay_link_margin_failure
PAY-HELIX-NANO,secondary_sensitivity,obstruction_sensitivity_h80_x45,h80_x45,80.0,0.45,0.0,40,20,120.0,False,True,True,-6.085,-4.065,-2.925,False,False,0.15,4.0,True,False,True,True,,3.3838,0.4196,RELAY_CONNECTIVITY_INFEASIBLE,relay_visibility_restored_but_relay_link_margin_failure
PAY-HELIX-NANO,secondary_sensitivity,obstruction_sensitivity_h80_x45,h80_x45,80.0,0.45,0.0,40,30,120.0,False,True,True,-6.085,-4.065,-2.925,False,False,0.15,4.0,True,False,True,True,,4.4394,0.4806,RELAY_CONNECTIVITY_INFEASIBLE,relay_visibility_restored_but_relay_link_margin_failure
PAY-HELIX-NANO,secondary_sensitivity,obstruction_sensitivity_h80_x45,h80_x45,80.0,0.45,0.0,40,45,120.0,False,True,True,-6.085,-4.065,-2.925,False,False,0.15,4.0,True,False,True,False,rotor_diameter|vehicle_span,13.9324,0.8514,RELAY_CONNECTIVITY_INFEASIBLE,relay_visibility_restored_but_relay_link_margin_failure
PAY-HELIX-NANO,secondary_sensitivity,obstruction_sensitivity_h80_x45,h80_x45,80.0,0.45,0.0,40,60,120.0,False,True,True,-6.085,-4.065,-2.925,False,False,0.15,4.0,False,True,False,False,,,,RELAY_CONNECTIVITY_INFEASIBLE,relay_visibility_restored_but_relay_link_margin_failure
PAY-HELIX-NANO,secondary_sensitivity,obstruction_sensitivity_h80_x45,h80_x45,80.0,0.45,0.0,60,10,120.0,False,True,True,-9.607,-7.587,-6.447,False,False,0.15,4.0,True,False,True,True,,3.3838,0.4196,RELAY_CONNECTIVITY_INFEASIBLE,relay_visibility_restored_but_relay_link_margin_failure
PAY-HELIX-NANO,secondary_sensitivity,obstruction_sensitivity_h80_x45,h80_x45,80.0,0.45,0.0,60,20,120.0,False,True,True,-9.607,-7.587,-6.447,False,False,0.15,4.0,True,False,True,True,,3.3838,0.4196,RELAY_CONNECTIVITY_INFEASIBLE,relay_visibility_restored_but_relay_link_margin_failure
PAY-HELIX-NANO,secondary_sensitivity,obstruction_sensitivity_h80_x45,h80_x45,80.0,0.45,0.0,60,30,120.0,False,True,True,-9.607,-7.587,-6.447,False,False,0.15,4.0,True,False,True,True,,4.4394,0.4806,RELAY_CONNECTIVITY_INFEASIBLE,relay_visibility_restored_but_relay_link_margin_failure
PAY-HELIX-NANO,secondary_sensitivity,obstruction_sensitivity_h80_x45,h80_x45,80.0,0.45,0.0,60,45,120.0,False,True,True,-9.607,-7.587,-6.447,False,False,0.15,4.0,True,False,True,False,rotor_diameter|vehicle_span,13.9324,0.8514,RELAY_CONNECTIVITY_INFEASIBLE,relay_visibility_restored_but_relay_link_margin_failure
PAY-HELIX-NANO,secondary_sensitivity,obstruction_sensitivity_h80_x45,h80_x45,80.0,0.45,0.0,60,60,120.0,False,True,True,-9.607,-7.587,-6.447,False,False,0.15,4.0,False,True,False,False,,,,RELAY_CONNECTIVITY_INFEASIBLE,relay_visibility_restored_but_relay_link_margin_failure
PAY-HELIX-NANO,secondary_sensitivity,obstruction_sensitivity_h80_x45,h80_x45,80.0,0.45,0.0,5,10,240.0,False,True,True,11.975,13.957,15.123,False,True,0.15,4.0,True,False,True,True,,3.3838,0.4196,RELAY_BENEFICIAL_AND_FEASIBLE,direct_visibility_loss_relay_visibility_restoration
PAY-HELIX-NANO,secondary_sensitivity,obstruction_sensitivity_h80_x45,h80_x45,80.0,0.45,0.0,5,20,240.0,False,True,True,11.975,13.957,15.123,False,True,0.15,4.0,True,False,True,True,,3.3838,0.4196,RELAY_BENEFICIAL_AND_FEASIBLE,direct_visibility_loss_relay_visibility_restoration
PAY-HELIX-NANO,secondary_sensitivity,obstruction_sensitivity_h80_x45,h80_x45,80.0,0.45,0.0,5,30,240.0,False,True,True,11.975,13.957,15.123,False,True,0.15,4.0,True,False,True,True,,4.4394,0.4806,RELAY_BENEFICIAL_AND_FEASIBLE,direct_visibility_loss_relay_visibility_restoration
PAY-HELIX-NANO,secondary_sensitivity,obstruction_sensitivity_h80_x45,h80_x45,80.0,0.45,0.0,5,45,240.0,False,True,True,11.975,13.957,15.123,False,True,0.15,4.0,True,False,True,False,rotor_diameter|vehicle_span,13.9324,0.8514,MASS_CLOSED_PRACTICAL_CONSTRAINT_FAILURE,finite_closure_exceeds_practical_analysis_boundary
PAY-HELIX-NANO,secondary_sensitivity,obstruction_sensitivity_h80_x45,h80_x45,80.0,0.45,0.0,5,60,240.0,False,True,True,11.975,13.957,15.123,False,True,0.15,4.0,False,True,False,False,,,,RELAY_FUNCTIONAL_VEHICLE_RESOURCE_FAILURE,endurance_driven_mathematical_nonclosure
PAY-HELIX-NANO,secondary_sensitivity,obstruction_sensitivity_h80_x45,h80_x45,80.0,0.45,0.0,10,10,240.0,False,True,True,5.955,7.966,9.112,False,True,0.15,4.0,True,False,True,True,,3.3838,0.4196,RELAY_BENEFICIAL_AND_FEASIBLE,direct_visibility_loss_relay_visibility_restoration
PAY-HELIX-NANO,secondary_sensitivity,obstruction_sensitivity_h80_x45,h80_x45,80.0,0.45,0.0,10,20,240.0,False,True,True,5.955,7.966,9.112,False,True,0.15,4.0,True,False,True,True,,3.3838,0.4196,RELAY_BENEFICIAL_AND_FEASIBLE,direct_visibility_loss_relay_visibility_restoration
PAY-HELIX-NANO,secondary_sensitivity,obstruction_sensitivity_h80_x45,h80_x45,80.0,0.45,0.0,10,30,240.0,False,True,True,5.955,7.966,9.112,False,True,0.15,4.0,True,False,True,True,,4.4394,0.4806,RELAY_BENEFICIAL_AND_FEASIBLE,direct_visibility_loss_relay_visibility_restoration
PAY-HELIX-NANO,secondary_sensitivity,obstruction_sensitivity_h80_x45,h80_x45,80.0,0.45,0.0,10,45,240.0,False,True,True,5.955,7.966,9.112,False,True,0.15,4.0,True,False,True,False,rotor_diameter|vehicle_span,13.9324,0.8514,MASS_CLOSED_PRACTICAL_CONSTRAINT_FAILURE,finite_closure_exceeds_practical_analysis_boundary
PAY-HELIX-NANO,secondary_sensitivity,obstruction_sensitivity_h80_x45,h80_x45,80.0,0.45,0.0,10,60,240.0,False,True,True,5.955,7.966,9.112,False,True,0.15,4.0,False,True,False,False,,,,RELAY_FUNCTIONAL_VEHICLE_RESOURCE_FAILURE,endurance_driven_mathematical_nonclosure
PAY-HELIX-NANO,secondary_sensitivity,obstruction_sensitivity_h80_x45,h80_x45,80.0,0.45,0.0,20,10,240.0,False,True,True,-0.065,1.953,3.094,False,True,0.15,4.0,True,False,True,True,,3.3838,0.4196,RELAY_BENEFICIAL_AND_FEASIBLE,direct_visibility_loss_relay_visibility_restoration
PAY-HELIX-NANO,secondary_sensitivity,obstruction_sensitivity_h80_x45,h80_x45,80.0,0.45,0.0,20,20,240.0,False,True,True,-0.065,1.953,3.094,False,True,0.15,4.0,True,False,True,True,,3.3838,0.4196,RELAY_BENEFICIAL_AND_FEASIBLE,direct_visibility_loss_relay_visibility_restoration
PAY-HELIX-NANO,secondary_sensitivity,obstruction_sensitivity_h80_x45,h80_x45,80.0,0.45,0.0,20,30,240.0,False,True,True,-0.065,1.953,3.094,False,True,0.15,4.0,True,False,True,True,,4.4394,0.4806,RELAY_BENEFICIAL_AND_FEASIBLE,direct_visibility_loss_relay_visibility_restoration
PAY-HELIX-NANO,secondary_sensitivity,obstruction_sensitivity_h80_x45,h80_x45,80.0,0.45,0.0,20,45,240.0,False,True,True,-0.065,1.953,3.094,False,True,0.15,4.0,True,False,True,False,rotor_diameter|vehicle_span,13.9324,0.8514,MASS_CLOSED_PRACTICAL_CONSTRAINT_FAILURE,finite_closure_exceeds_practical_analysis_boundary
PAY-HELIX-NANO,secondary_sensitivity,obstruction_sensitivity_h80_x45,h80_x45,80.0,0.45,0.0,20,60,240.0,False,True,True,-0.065,1.953,3.094,False,True,0.15,4.0,False,True,False,False,,,,RELAY_FUNCTIONAL_VEHICLE_RESOURCE_FAILURE,endurance_driven_mathematical_nonclosure
PAY-HELIX-NANO,secondary_sensitivity,obstruction_sensitivity_h80_x45,h80_x45,80.0,0.45,0.0,30,10,240.0,False,True,True,-3.587,-1.567,-0.427,False,False,0.15,4.0,True,False,True,True,,3.3838,0.4196,RELAY_CONNECTIVITY_INFEASIBLE,relay_visibility_restored_but_relay_link_margin_failure
PAY-HELIX-NANO,secondary_sensitivity,obstruction_sensitivity_h80_x45,h80_x45,80.0,0.45,0.0,30,20,240.0,False,True,True,-3.587,-1.567,-0.427,False,False,0.15,4.0,True,False,True,True,,3.3838,0.4196,RELAY_CONNECTIVITY_INFEASIBLE,relay_visibility_restored_but_relay_link_margin_failure
PAY-HELIX-NANO,secondary_sensitivity,obstruction_sensitivity_h80_x45,h80_x45,80.0,0.45,0.0,30,30,240.0,False,True,True,-3.587,-1.567,-0.427,False,False,0.15,4.0,True,False,True,True,,4.4394,0.4806,RELAY_CONNECTIVITY_INFEASIBLE,relay_visibility_restored_but_relay_link_margin_failure
PAY-HELIX-NANO,secondary_sensitivity,obstruction_sensitivity_h80_x45,h80_x45,80.0,0.45,0.0,30,45,240.0,False,True,True,-3.587,-1.567,-0.427,False,False,0.15,4.0,True,False,True,False,rotor_diameter|vehicle_span,13.9324,0.8514,RELAY_CONNECTIVITY_INFEASIBLE,relay_visibility_restored_but_relay_link_margin_failure
PAY-HELIX-NANO,secondary_sensitivity,obstruction_sensitivity_h80_x45,h80_x45,80.0,0.45,0.0,30,60,240.0,False,True,True,-3.587,-1.567,-0.427,False,False,0.15,4.0,False,True,False,False,,,,RELAY_CONNECTIVITY_INFEASIBLE,relay_visibility_restored_but_relay_link_margin_failure
PAY-HELIX-NANO,secondary_sensitivity,obstruction_sensitivity_h80_x45,h80_x45,80.0,0.45,0.0,40,10,240.0,False,True,True,-6.085,-4.065,-2.926,False,False,0.15,4.0,True,False,True,True,,3.3838,0.4196,RELAY_CONNECTIVITY_INFEASIBLE,relay_visibility_restored_but_relay_link_margin_failure
PAY-HELIX-NANO,secondary_sensitivity,obstruction_sensitivity_h80_x45,h80_x45,80.0,0.45,0.0,40,20,240.0,False,True,True,-6.085,-4.065,-2.926,False,False,0.15,4.0,True,False,True,True,,3.3838,0.4196,RELAY_CONNECTIVITY_INFEASIBLE,relay_visibility_restored_but_relay_link_margin_failure
PAY-HELIX-NANO,secondary_sensitivity,obstruction_sensitivity_h80_x45,h80_x45,80.0,0.45,0.0,40,30,240.0,False,True,True,-6.085,-4.065,-2.926,False,False,0.15,4.0,True,False,True,True,,4.4394,0.4806,RELAY_CONNECTIVITY_INFEASIBLE,relay_visibility_restored_but_relay_link_margin_failure
PAY-HELIX-NANO,secondary_sensitivity,obstruction_sensitivity_h80_x45,h80_x45,80.0,0.45,0.0,40,45,240.0,False,True,True,-6.085,-4.065,-2.926,False,False,0.15,4.0,True,False,True,False,rotor_diameter|vehicle_span,13.9324,0.8514,RELAY_CONNECTIVITY_INFEASIBLE,relay_visibility_restored_but_relay_link_margin_failure
PAY-HELIX-NANO,secondary_sensitivity,obstruction_sensitivity_h80_x45,h80_x45,80.0,0.45,0.0,40,60,240.0,False,True,True,-6.085,-4.065,-2.926,False,False,0.15,4.0,False,True,False,False,,,,RELAY_CONNECTIVITY_INFEASIBLE,relay_visibility_restored_but_relay_link_margin_failure
PAY-HELIX-NANO,secondary_sensitivity,obstruction_sensitivity_h80_x45,h80_x45,80.0,0.45,0.0,60,10,240.0,False,True,True,-9.607,-7.587,-6.447,False,False,0.15,4.0,True,False,True,True,,3.3838,0.4196,RELAY_CONNECTIVITY_INFEASIBLE,relay_visibility_restored_but_relay_link_margin_failure
PAY-HELIX-NANO,secondary_sensitivity,obstruction_sensitivity_h80_x45,h80_x45,80.0,0.45,0.0,60,20,240.0,False,True,True,-9.607,-7.587,-6.447,False,False,0.15,4.0,True,False,True,True,,3.3838,0.4196,RELAY_CONNECTIVITY_INFEASIBLE,relay_visibility_restored_but_relay_link_margin_failure
PAY-HELIX-NANO,secondary_sensitivity,obstruction_sensitivity_h80_x45,h80_x45,80.0,0.45,0.0,60,30,240.0,False,True,True,-9.607,-7.587,-6.447,False,False,0.15,4.0,True,False,True,True,,4.4394,0.4806,RELAY_CONNECTIVITY_INFEASIBLE,relay_visibility_restored_but_relay_link_margin_failure
PAY-HELIX-NANO,secondary_sensitivity,obstruction_sensitivity_h80_x45,h80_x45,80.0,0.45,0.0,60,45,240.0,False,True,True,-9.607,-7.587,-6.447,False,False,0.15,4.0,True,False,True,False,rotor_diameter|vehicle_span,13.9324,0.8514,RELAY_CONNECTIVITY_INFEASIBLE,relay_visibility_restored_but_relay_link_margin_failure
PAY-HELIX-NANO,secondary_sensitivity,obstruction_sensitivity_h80_x45,h80_x45,80.0,0.45,0.0,60,60,240.0,False,True,True,-9.607,-7.587,-6.447,False,False,0.15,4.0,False,True,False,False,,,,RELAY_CONNECTIVITY_INFEASIBLE,relay_visibility_restored_but_relay_link_margin_failure
PAY-MESH-OEM,primary,clear_reference,none,,,0.0,5,10,60.0,True,True,True,11.975,13.994,16.037,True,True,0.2,14.0,True,False,True,True,,3.5839,0.4318,DIRECT_SUFFICIENT,direct_link_clear_and_margin_nonnegative
PAY-MESH-OEM,primary,clear_reference,none,,,0.0,5,20,60.0,True,True,True,11.975,13.994,16.037,True,True,0.2,14.0,True,False,True,True,,3.5839,0.4318,DIRECT_SUFFICIENT,direct_link_clear_and_margin_nonnegative
PAY-MESH-OEM,primary,clear_reference,none,,,0.0,5,30,60.0,True,True,True,11.975,13.994,16.037,True,True,0.2,14.0,True,False,True,True,,4.7747,0.4984,DIRECT_SUFFICIENT,direct_link_clear_and_margin_nonnegative
PAY-MESH-OEM,primary,clear_reference,none,,,0.0,5,45,60.0,True,True,True,11.975,13.994,16.037,True,True,0.2,14.0,True,False,True,False,gross_mass|rotor_diameter|vehicle_span,15.1456,0.8877,DIRECT_SUFFICIENT,direct_link_clear_and_margin_nonnegative
PAY-MESH-OEM,primary,clear_reference,none,,,0.0,5,60,60.0,True,True,True,11.975,13.994,16.037,True,True,0.2,14.0,False,True,False,False,,,,DIRECT_SUFFICIENT,direct_link_clear_and_margin_nonnegative
PAY-MESH-OEM,primary,clear_reference,none,,,0.0,10,10,60.0,True,True,True,5.955,7.976,10.017,True,True,0.2,14.0,True,False,True,True,,3.5839,0.4318,DIRECT_SUFFICIENT,direct_link_clear_and_margin_nonnegative
PAY-MESH-OEM,primary,clear_reference,none,,,0.0,10,20,60.0,True,True,True,5.955,7.976,10.017,True,True,0.2,14.0,True,False,True,True,,3.5839,0.4318,DIRECT_SUFFICIENT,direct_link_clear_and_margin_nonnegative
PAY-MESH-OEM,primary,clear_reference,none,,,0.0,10,30,60.0,True,True,True,5.955,7.976,10.017,True,True,0.2,14.0,True,False,True,True,,4.7747,0.4984,DIRECT_SUFFICIENT,direct_link_clear_and_margin_nonnegative
PAY-MESH-OEM,primary,clear_reference,none,,,0.0,10,45,60.0,True,True,True,5.955,7.976,10.017,True,True,0.2,14.0,True,False,True,False,gross_mass|rotor_diameter|vehicle_span,15.1456,0.8877,DIRECT_SUFFICIENT,direct_link_clear_and_margin_nonnegative
PAY-MESH-OEM,primary,clear_reference,none,,,0.0,10,60,60.0,True,True,True,5.955,7.976,10.017,True,True,0.2,14.0,False,True,False,False,,,,DIRECT_SUFFICIENT,direct_link_clear_and_margin_nonnegative
PAY-MESH-OEM,primary,clear_reference,none,,,0.0,20,10,60.0,True,True,True,-0.065,1.956,3.997,False,True,0.2,14.0,True,False,True,True,,3.5839,0.4318,RELAY_BENEFICIAL_AND_FEASIBLE,direct_link_margin_loss_relay_link_margin_extension
PAY-MESH-OEM,primary,clear_reference,none,,,0.0,20,20,60.0,True,True,True,-0.065,1.956,3.997,False,True,0.2,14.0,True,False,True,True,,3.5839,0.4318,RELAY_BENEFICIAL_AND_FEASIBLE,direct_link_margin_loss_relay_link_margin_extension
PAY-MESH-OEM,primary,clear_reference,none,,,0.0,20,30,60.0,True,True,True,-0.065,1.956,3.997,False,True,0.2,14.0,True,False,True,True,,4.7747,0.4984,RELAY_BENEFICIAL_AND_FEASIBLE,direct_link_margin_loss_relay_link_margin_extension
PAY-MESH-OEM,primary,clear_reference,none,,,0.0,20,45,60.0,True,True,True,-0.065,1.956,3.997,False,True,0.2,14.0,True,False,True,False,gross_mass|rotor_diameter|vehicle_span,15.1456,0.8877,MASS_CLOSED_PRACTICAL_CONSTRAINT_FAILURE,finite_closure_exceeds_practical_analysis_boundary
PAY-MESH-OEM,primary,clear_reference,none,,,0.0,20,60,60.0,True,True,True,-0.065,1.956,3.997,False,True,0.2,14.0,False,True,False,False,,,,RELAY_FUNCTIONAL_VEHICLE_RESOURCE_FAILURE,endurance_driven_mathematical_nonclosure
PAY-MESH-OEM,primary,clear_reference,none,,,0.0,30,10,60.0,True,True,True,-3.587,-1.566,0.475,False,False,0.2,14.0,True,False,True,True,,3.5839,0.4318,RELAY_CONNECTIVITY_INFEASIBLE,relay_link_margin_failure
PAY-MESH-OEM,primary,clear_reference,none,,,0.0,30,20,60.0,True,True,True,-3.587,-1.566,0.475,False,False,0.2,14.0,True,False,True,True,,3.5839,0.4318,RELAY_CONNECTIVITY_INFEASIBLE,relay_link_margin_failure
PAY-MESH-OEM,primary,clear_reference,none,,,0.0,30,30,60.0,True,True,True,-3.587,-1.566,0.475,False,False,0.2,14.0,True,False,True,True,,4.7747,0.4984,RELAY_CONNECTIVITY_INFEASIBLE,relay_link_margin_failure
PAY-MESH-OEM,primary,clear_reference,none,,,0.0,30,45,60.0,True,True,True,-3.587,-1.566,0.475,False,False,0.2,14.0,True,False,True,False,gross_mass|rotor_diameter|vehicle_span,15.1456,0.8877,RELAY_CONNECTIVITY_INFEASIBLE,relay_link_margin_failure
PAY-MESH-OEM,primary,clear_reference,none,,,0.0,30,60,60.0,True,True,True,-3.587,-1.566,0.475,False,False,0.2,14.0,False,True,False,False,,,,RELAY_CONNECTIVITY_INFEASIBLE,relay_link_margin_failure
PAY-MESH-OEM,primary,clear_reference,none,,,0.0,40,10,60.0,True,True,True,-6.085,-4.065,-2.024,False,False,0.2,14.0,True,False,True,True,,3.5839,0.4318,RELAY_CONNECTIVITY_INFEASIBLE,relay_link_margin_failure
PAY-MESH-OEM,primary,clear_reference,none,,,0.0,40,20,60.0,True,True,True,-6.085,-4.065,-2.024,False,False,0.2,14.0,True,False,True,True,,3.5839,0.4318,RELAY_CONNECTIVITY_INFEASIBLE,relay_link_margin_failure
PAY-MESH-OEM,primary,clear_reference,none,,,0.0,40,30,60.0,True,True,True,-6.085,-4.065,-2.024,False,False,0.2,14.0,True,False,True,True,,4.7747,0.4984,RELAY_CONNECTIVITY_INFEASIBLE,relay_link_margin_failure
PAY-MESH-OEM,primary,clear_reference,none,,,0.0,40,45,60.0,True,True,True,-6.085,-4.065,-2.024,False,False,0.2,14.0,True,False,True,False,gross_mass|rotor_diameter|vehicle_span,15.1456,0.8877,RELAY_CONNECTIVITY_INFEASIBLE,relay_link_margin_failure
PAY-MESH-OEM,primary,clear_reference,none,,,0.0,40,60,60.0,True,True,True,-6.085,-4.065,-2.024,False,False,0.2,14.0,False,True,False,False,,,,RELAY_CONNECTIVITY_INFEASIBLE,relay_link_margin_failure
PAY-MESH-OEM,primary,clear_reference,none,,,0.0,60,10,60.0,True,True,True,-9.607,-7.587,-5.545,False,False,0.2,14.0,True,False,True,True,,3.5839,0.4318,RELAY_CONNECTIVITY_INFEASIBLE,relay_link_margin_failure
PAY-MESH-OEM,primary,clear_reference,none,,,0.0,60,20,60.0,True,True,True,-9.607,-7.587,-5.545,False,False,0.2,14.0,True,False,True,True,,3.5839,0.4318,RELAY_CONNECTIVITY_INFEASIBLE,relay_link_margin_failure
PAY-MESH-OEM,primary,clear_reference,none,,,0.0,60,30,60.0,True,True,True,-9.607,-7.587,-5.545,False,False,0.2,14.0,True,False,True,True,,4.7747,0.4984,RELAY_CONNECTIVITY_INFEASIBLE,relay_link_margin_failure
PAY-MESH-OEM,primary,clear_reference,none,,,0.0,60,45,60.0,True,True,True,-9.607,-7.587,-5.545,False,False,0.2,14.0,True,False,True,False,gross_mass|rotor_diameter|vehicle_span,15.1456,0.8877,RELAY_CONNECTIVITY_INFEASIBLE,relay_link_margin_failure
PAY-MESH-OEM,primary,clear_reference,none,,,0.0,60,60,60.0,True,True,True,-9.607,-7.587,-5.545,False,False,0.2,14.0,False,True,False,False,,,,RELAY_CONNECTIVITY_INFEASIBLE,relay_link_margin_failure
PAY-MESH-OEM,primary,clear_reference,none,,,0.0,5,10,120.0,True,True,True,11.975,13.987,16.038,True,True,0.2,14.0,True,False,True,True,,3.5839,0.4318,DIRECT_SUFFICIENT,direct_link_clear_and_margin_nonnegative
PAY-MESH-OEM,primary,clear_reference,none,,,0.0,5,20,120.0,True,True,True,11.975,13.987,16.038,True,True,0.2,14.0,True,False,True,True,,3.5839,0.4318,DIRECT_SUFFICIENT,direct_link_clear_and_margin_nonnegative
PAY-MESH-OEM,primary,clear_reference,none,,,0.0,5,30,120.0,True,True,True,11.975,13.987,16.038,True,True,0.2,14.0,True,False,True,True,,4.7747,0.4984,DIRECT_SUFFICIENT,direct_link_clear_and_margin_nonnegative
PAY-MESH-OEM,primary,clear_reference,none,,,0.0,5,45,120.0,True,True,True,11.975,13.987,16.038,True,True,0.2,14.0,True,False,True,False,gross_mass|rotor_diameter|vehicle_span,15.1456,0.8877,DIRECT_SUFFICIENT,direct_link_clear_and_margin_nonnegative
PAY-MESH-OEM,primary,clear_reference,none,,,0.0,5,60,120.0,True,True,True,11.975,13.987,16.038,True,True,0.2,14.0,False,True,False,False,,,,DIRECT_SUFFICIENT,direct_link_clear_and_margin_nonnegative
PAY-MESH-OEM,primary,clear_reference,none,,,0.0,10,10,120.0,True,True,True,5.955,7.974,10.018,True,True,0.2,14.0,True,False,True,True,,3.5839,0.4318,DIRECT_SUFFICIENT,direct_link_clear_and_margin_nonnegative
PAY-MESH-OEM,primary,clear_reference,none,,,0.0,10,20,120.0,True,True,True,5.955,7.974,10.018,True,True,0.2,14.0,True,False,True,True,,3.5839,0.4318,DIRECT_SUFFICIENT,direct_link_clear_and_margin_nonnegative
PAY-MESH-OEM,primary,clear_reference,none,,,0.0,10,30,120.0,True,True,True,5.955,7.974,10.018,True,True,0.2,14.0,True,False,True,True,,4.7747,0.4984,DIRECT_SUFFICIENT,direct_link_clear_and_margin_nonnegative
PAY-MESH-OEM,primary,clear_reference,none,,,0.0,10,45,120.0,True,True,True,5.955,7.974,10.018,True,True,0.2,14.0,True,False,True,False,gross_mass|rotor_diameter|vehicle_span,15.1456,0.8877,DIRECT_SUFFICIENT,direct_link_clear_and_margin_nonnegative
PAY-MESH-OEM,primary,clear_reference,none,,,0.0,10,60,120.0,True,True,True,5.955,7.974,10.018,True,True,0.2,14.0,False,True,False,False,,,,DIRECT_SUFFICIENT,direct_link_clear_and_margin_nonnegative
PAY-MESH-OEM,primary,clear_reference,none,,,0.0,20,10,120.0,True,True,True,-0.065,1.955,3.997,False,True,0.2,14.0,True,False,True,True,,3.5839,0.4318,RELAY_BENEFICIAL_AND_FEASIBLE,direct_link_margin_loss_relay_link_margin_extension
PAY-MESH-OEM,primary,clear_reference,none,,,0.0,20,20,120.0,True,True,True,-0.065,1.955,3.997,False,True,0.2,14.0,True,False,True,True,,3.5839,0.4318,RELAY_BENEFICIAL_AND_FEASIBLE,direct_link_margin_loss_relay_link_margin_extension
PAY-MESH-OEM,primary,clear_reference,none,,,0.0,20,30,120.0,True,True,True,-0.065,1.955,3.997,False,True,0.2,14.0,True,False,True,True,,4.7747,0.4984,RELAY_BENEFICIAL_AND_FEASIBLE,direct_link_margin_loss_relay_link_margin_extension
PAY-MESH-OEM,primary,clear_reference,none,,,0.0,20,45,120.0,True,True,True,-0.065,1.955,3.997,False,True,0.2,14.0,True,False,True,False,gross_mass|rotor_diameter|vehicle_span,15.1456,0.8877,MASS_CLOSED_PRACTICAL_CONSTRAINT_FAILURE,finite_closure_exceeds_practical_analysis_boundary
PAY-MESH-OEM,primary,clear_reference,none,,,0.0,20,60,120.0,True,True,True,-0.065,1.955,3.997,False,True,0.2,14.0,False,True,False,False,,,,RELAY_FUNCTIONAL_VEHICLE_RESOURCE_FAILURE,endurance_driven_mathematical_nonclosure
PAY-MESH-OEM,primary,clear_reference,none,,,0.0,30,10,120.0,True,True,True,-3.587,-1.566,0.475,False,False,0.2,14.0,True,False,True,True,,3.5839,0.4318,RELAY_CONNECTIVITY_INFEASIBLE,relay_link_margin_failure
PAY-MESH-OEM,primary,clear_reference,none,,,0.0,30,20,120.0,True,True,True,-3.587,-1.566,0.475,False,False,0.2,14.0,True,False,True,True,,3.5839,0.4318,RELAY_CONNECTIVITY_INFEASIBLE,relay_link_margin_failure
PAY-MESH-OEM,primary,clear_reference,none,,,0.0,30,30,120.0,True,True,True,-3.587,-1.566,0.475,False,False,0.2,14.0,True,False,True,True,,4.7747,0.4984,RELAY_CONNECTIVITY_INFEASIBLE,relay_link_margin_failure
PAY-MESH-OEM,primary,clear_reference,none,,,0.0,30,45,120.0,True,True,True,-3.587,-1.566,0.475,False,False,0.2,14.0,True,False,True,False,gross_mass|rotor_diameter|vehicle_span,15.1456,0.8877,RELAY_CONNECTIVITY_INFEASIBLE,relay_link_margin_failure
PAY-MESH-OEM,primary,clear_reference,none,,,0.0,30,60,120.0,True,True,True,-3.587,-1.566,0.475,False,False,0.2,14.0,False,True,False,False,,,,RELAY_CONNECTIVITY_INFEASIBLE,relay_link_margin_failure
PAY-MESH-OEM,primary,clear_reference,none,,,0.0,40,10,120.0,True,True,True,-6.085,-4.065,-2.024,False,False,0.2,14.0,True,False,True,True,,3.5839,0.4318,RELAY_CONNECTIVITY_INFEASIBLE,relay_link_margin_failure
PAY-MESH-OEM,primary,clear_reference,none,,,0.0,40,20,120.0,True,True,True,-6.085,-4.065,-2.024,False,False,0.2,14.0,True,False,True,True,,3.5839,0.4318,RELAY_CONNECTIVITY_INFEASIBLE,relay_link_margin_failure
PAY-MESH-OEM,primary,clear_reference,none,,,0.0,40,30,120.0,True,True,True,-6.085,-4.065,-2.024,False,False,0.2,14.0,True,False,True,True,,4.7747,0.4984,RELAY_CONNECTIVITY_INFEASIBLE,relay_link_margin_failure
PAY-MESH-OEM,primary,clear_reference,none,,,0.0,40,45,120.0,True,True,True,-6.085,-4.065,-2.024,False,False,0.2,14.0,True,False,True,False,gross_mass|rotor_diameter|vehicle_span,15.1456,0.8877,RELAY_CONNECTIVITY_INFEASIBLE,relay_link_margin_failure
PAY-MESH-OEM,primary,clear_reference,none,,,0.0,40,60,120.0,True,True,True,-6.085,-4.065,-2.024,False,False,0.2,14.0,False,True,False,False,,,,RELAY_CONNECTIVITY_INFEASIBLE,relay_link_margin_failure
PAY-MESH-OEM,primary,clear_reference,none,,,0.0,60,10,120.0,True,True,True,-9.607,-7.587,-5.545,False,False,0.2,14.0,True,False,True,True,,3.5839,0.4318,RELAY_CONNECTIVITY_INFEASIBLE,relay_link_margin_failure
PAY-MESH-OEM,primary,clear_reference,none,,,0.0,60,20,120.0,True,True,True,-9.607,-7.587,-5.545,False,False,0.2,14.0,True,False,True,True,,3.5839,0.4318,RELAY_CONNECTIVITY_INFEASIBLE,relay_link_margin_failure
PAY-MESH-OEM,primary,clear_reference,none,,,0.0,60,30,120.0,True,True,True,-9.607,-7.587,-5.545,False,False,0.2,14.0,True,False,True,True,,4.7747,0.4984,RELAY_CONNECTIVITY_INFEASIBLE,relay_link_margin_failure
PAY-MESH-OEM,primary,clear_reference,none,,,0.0,60,45,120.0,True,True,True,-9.607,-7.587,-5.545,False,False,0.2,14.0,True,False,True,False,gross_mass|rotor_diameter|vehicle_span,15.1456,0.8877,RELAY_CONNECTIVITY_INFEASIBLE,relay_link_margin_failure
PAY-MESH-OEM,primary,clear_reference,none,,,0.0,60,60,120.0,True,True,True,-9.607,-7.587,-5.545,False,False,0.2,14.0,False,True,False,False,,,,RELAY_CONNECTIVITY_INFEASIBLE,relay_link_margin_failure
PAY-MESH-OEM,primary,clear_reference,none,,,0.0,5,10,240.0,True,True,True,11.975,13.957,16.025,True,True,0.2,14.0,True,False,True,True,,3.5839,0.4318,DIRECT_SUFFICIENT,direct_link_clear_and_margin_nonnegative
PAY-MESH-OEM,primary,clear_reference,none,,,0.0,5,20,240.0,True,True,True,11.975,13.957,16.025,True,True,0.2,14.0,True,False,True,True,,3.5839,0.4318,DIRECT_SUFFICIENT,direct_link_clear_and_margin_nonnegative
PAY-MESH-OEM,primary,clear_reference,none,,,0.0,5,30,240.0,True,True,True,11.975,13.957,16.025,True,True,0.2,14.0,True,False,True,True,,4.7747,0.4984,DIRECT_SUFFICIENT,direct_link_clear_and_margin_nonnegative
PAY-MESH-OEM,primary,clear_reference,none,,,0.0,5,45,240.0,True,True,True,11.975,13.957,16.025,True,True,0.2,14.0,True,False,True,False,gross_mass|rotor_diameter|vehicle_span,15.1456,0.8877,DIRECT_SUFFICIENT,direct_link_clear_and_margin_nonnegative
PAY-MESH-OEM,primary,clear_reference,none,,,0.0,5,60,240.0,True,True,True,11.975,13.957,16.025,True,True,0.2,14.0,False,True,False,False,,,,DIRECT_SUFFICIENT,direct_link_clear_and_margin_nonnegative
PAY-MESH-OEM,primary,clear_reference,none,,,0.0,10,10,240.0,True,True,True,5.955,7.966,10.014,True,True,0.2,14.0,True,False,True,True,,3.5839,0.4318,DIRECT_SUFFICIENT,direct_link_clear_and_margin_nonnegative
PAY-MESH-OEM,primary,clear_reference,none,,,0.0,10,20,240.0,True,True,True,5.955,7.966,10.014,True,True,0.2,14.0,True,False,True,True,,3.5839,0.4318,DIRECT_SUFFICIENT,direct_link_clear_and_margin_nonnegative
PAY-MESH-OEM,primary,clear_reference,none,,,0.0,10,30,240.0,True,True,True,5.955,7.966,10.014,True,True,0.2,14.0,True,False,True,True,,4.7747,0.4984,DIRECT_SUFFICIENT,direct_link_clear_and_margin_nonnegative
PAY-MESH-OEM,primary,clear_reference,none,,,0.0,10,45,240.0,True,True,True,5.955,7.966,10.014,True,True,0.2,14.0,True,False,True,False,gross_mass|rotor_diameter|vehicle_span,15.1456,0.8877,DIRECT_SUFFICIENT,direct_link_clear_and_margin_nonnegative
PAY-MESH-OEM,primary,clear_reference,none,,,0.0,10,60,240.0,True,True,True,5.955,7.966,10.014,True,True,0.2,14.0,False,True,False,False,,,,DIRECT_SUFFICIENT,direct_link_clear_and_margin_nonnegative
PAY-MESH-OEM,primary,clear_reference,none,,,0.0,20,10,240.0,True,True,True,-0.065,1.953,3.996,False,True,0.2,14.0,True,False,True,True,,3.5839,0.4318,RELAY_BENEFICIAL_AND_FEASIBLE,direct_link_margin_loss_relay_link_margin_extension
PAY-MESH-OEM,primary,clear_reference,none,,,0.0,20,20,240.0,True,True,True,-0.065,1.953,3.996,False,True,0.2,14.0,True,False,True,True,,3.5839,0.4318,RELAY_BENEFICIAL_AND_FEASIBLE,direct_link_margin_loss_relay_link_margin_extension
PAY-MESH-OEM,primary,clear_reference,none,,,0.0,20,30,240.0,True,True,True,-0.065,1.953,3.996,False,True,0.2,14.0,True,False,True,True,,4.7747,0.4984,RELAY_BENEFICIAL_AND_FEASIBLE,direct_link_margin_loss_relay_link_margin_extension
PAY-MESH-OEM,primary,clear_reference,none,,,0.0,20,45,240.0,True,True,True,-0.065,1.953,3.996,False,True,0.2,14.0,True,False,True,False,gross_mass|rotor_diameter|vehicle_span,15.1456,0.8877,MASS_CLOSED_PRACTICAL_CONSTRAINT_FAILURE,finite_closure_exceeds_practical_analysis_boundary
PAY-MESH-OEM,primary,clear_reference,none,,,0.0,20,60,240.0,True,True,True,-0.065,1.953,3.996,False,True,0.2,14.0,False,True,False,False,,,,RELAY_FUNCTIONAL_VEHICLE_RESOURCE_FAILURE,endurance_driven_mathematical_nonclosure
PAY-MESH-OEM,primary,clear_reference,none,,,0.0,30,10,240.0,True,True,True,-3.587,-1.567,0.475,False,False,0.2,14.0,True,False,True,True,,3.5839,0.4318,RELAY_CONNECTIVITY_INFEASIBLE,relay_link_margin_failure
PAY-MESH-OEM,primary,clear_reference,none,,,0.0,30,20,240.0,True,True,True,-3.587,-1.567,0.475,False,False,0.2,14.0,True,False,True,True,,3.5839,0.4318,RELAY_CONNECTIVITY_INFEASIBLE,relay_link_margin_failure
PAY-MESH-OEM,primary,clear_reference,none,,,0.0,30,30,240.0,True,True,True,-3.587,-1.567,0.475,False,False,0.2,14.0,True,False,True,True,,4.7747,0.4984,RELAY_CONNECTIVITY_INFEASIBLE,relay_link_margin_failure
PAY-MESH-OEM,primary,clear_reference,none,,,0.0,30,45,240.0,True,True,True,-3.587,-1.567,0.475,False,False,0.2,14.0,True,False,True,False,gross_mass|rotor_diameter|vehicle_span,15.1456,0.8877,RELAY_CONNECTIVITY_INFEASIBLE,relay_link_margin_failure
PAY-MESH-OEM,primary,clear_reference,none,,,0.0,30,60,240.0,True,True,True,-3.587,-1.567,0.475,False,False,0.2,14.0,False,True,False,False,,,,RELAY_CONNECTIVITY_INFEASIBLE,relay_link_margin_failure
PAY-MESH-OEM,primary,clear_reference,none,,,0.0,40,10,240.0,True,True,True,-6.085,-4.065,-2.024,False,False,0.2,14.0,True,False,True,True,,3.5839,0.4318,RELAY_CONNECTIVITY_INFEASIBLE,relay_link_margin_failure
PAY-MESH-OEM,primary,clear_reference,none,,,0.0,40,20,240.0,True,True,True,-6.085,-4.065,-2.024,False,False,0.2,14.0,True,False,True,True,,3.5839,0.4318,RELAY_CONNECTIVITY_INFEASIBLE,relay_link_margin_failure
PAY-MESH-OEM,primary,clear_reference,none,,,0.0,40,30,240.0,True,True,True,-6.085,-4.065,-2.024,False,False,0.2,14.0,True,False,True,True,,4.7747,0.4984,RELAY_CONNECTIVITY_INFEASIBLE,relay_link_margin_failure
PAY-MESH-OEM,primary,clear_reference,none,,,0.0,40,45,240.0,True,True,True,-6.085,-4.065,-2.024,False,False,0.2,14.0,True,False,True,False,gross_mass|rotor_diameter|vehicle_span,15.1456,0.8877,RELAY_CONNECTIVITY_INFEASIBLE,relay_link_margin_failure
PAY-MESH-OEM,primary,clear_reference,none,,,0.0,40,60,240.0,True,True,True,-6.085,-4.065,-2.024,False,False,0.2,14.0,False,True,False,False,,,,RELAY_CONNECTIVITY_INFEASIBLE,relay_link_margin_failure
PAY-MESH-OEM,primary,clear_reference,none,,,0.0,60,10,240.0,True,True,True,-9.607,-7.587,-5.546,False,False,0.2,14.0,True,False,True,True,,3.5839,0.4318,RELAY_CONNECTIVITY_INFEASIBLE,relay_link_margin_failure
PAY-MESH-OEM,primary,clear_reference,none,,,0.0,60,20,240.0,True,True,True,-9.607,-7.587,-5.546,False,False,0.2,14.0,True,False,True,True,,3.5839,0.4318,RELAY_CONNECTIVITY_INFEASIBLE,relay_link_margin_failure
PAY-MESH-OEM,primary,clear_reference,none,,,0.0,60,30,240.0,True,True,True,-9.607,-7.587,-5.546,False,False,0.2,14.0,True,False,True,True,,4.7747,0.4984,RELAY_CONNECTIVITY_INFEASIBLE,relay_link_margin_failure
PAY-MESH-OEM,primary,clear_reference,none,,,0.0,60,45,240.0,True,True,True,-9.607,-7.587,-5.546,False,False,0.2,14.0,True,False,True,False,gross_mass|rotor_diameter|vehicle_span,15.1456,0.8877,RELAY_CONNECTIVITY_INFEASIBLE,relay_link_margin_failure
PAY-MESH-OEM,primary,clear_reference,none,,,0.0,60,60,240.0,True,True,True,-9.607,-7.587,-5.546,False,False,0.2,14.0,False,True,False,False,,,,RELAY_CONNECTIVITY_INFEASIBLE,relay_link_margin_failure
PAY-MESH-OEM,primary,obstructed_reference,baseline_h80_x40,80.0,0.4,0.0,5,10,60.0,False,False,True,11.975,13.994,16.037,False,False,0.2,14.0,True,False,True,True,,3.5839,0.4318,RELAY_CONNECTIVITY_INFEASIBLE,relay_visibility_failure
PAY-MESH-OEM,primary,obstructed_reference,baseline_h80_x40,80.0,0.4,0.0,5,20,60.0,False,False,True,11.975,13.994,16.037,False,False,0.2,14.0,True,False,True,True,,3.5839,0.4318,RELAY_CONNECTIVITY_INFEASIBLE,relay_visibility_failure
PAY-MESH-OEM,primary,obstructed_reference,baseline_h80_x40,80.0,0.4,0.0,5,30,60.0,False,False,True,11.975,13.994,16.037,False,False,0.2,14.0,True,False,True,True,,4.7747,0.4984,RELAY_CONNECTIVITY_INFEASIBLE,relay_visibility_failure
PAY-MESH-OEM,primary,obstructed_reference,baseline_h80_x40,80.0,0.4,0.0,5,45,60.0,False,False,True,11.975,13.994,16.037,False,False,0.2,14.0,True,False,True,False,gross_mass|rotor_diameter|vehicle_span,15.1456,0.8877,RELAY_CONNECTIVITY_INFEASIBLE,relay_visibility_failure
PAY-MESH-OEM,primary,obstructed_reference,baseline_h80_x40,80.0,0.4,0.0,5,60,60.0,False,False,True,11.975,13.994,16.037,False,False,0.2,14.0,False,True,False,False,,,,RELAY_CONNECTIVITY_INFEASIBLE,relay_visibility_failure
PAY-MESH-OEM,primary,obstructed_reference,baseline_h80_x40,80.0,0.4,0.0,10,10,60.0,False,False,True,5.955,7.976,10.017,False,False,0.2,14.0,True,False,True,True,,3.5839,0.4318,RELAY_CONNECTIVITY_INFEASIBLE,relay_visibility_failure
PAY-MESH-OEM,primary,obstructed_reference,baseline_h80_x40,80.0,0.4,0.0,10,20,60.0,False,False,True,5.955,7.976,10.017,False,False,0.2,14.0,True,False,True,True,,3.5839,0.4318,RELAY_CONNECTIVITY_INFEASIBLE,relay_visibility_failure
PAY-MESH-OEM,primary,obstructed_reference,baseline_h80_x40,80.0,0.4,0.0,10,30,60.0,False,False,True,5.955,7.976,10.017,False,False,0.2,14.0,True,False,True,True,,4.7747,0.4984,RELAY_CONNECTIVITY_INFEASIBLE,relay_visibility_failure
PAY-MESH-OEM,primary,obstructed_reference,baseline_h80_x40,80.0,0.4,0.0,10,45,60.0,False,False,True,5.955,7.976,10.017,False,False,0.2,14.0,True,False,True,False,gross_mass|rotor_diameter|vehicle_span,15.1456,0.8877,RELAY_CONNECTIVITY_INFEASIBLE,relay_visibility_failure
PAY-MESH-OEM,primary,obstructed_reference,baseline_h80_x40,80.0,0.4,0.0,10,60,60.0,False,False,True,5.955,7.976,10.017,False,False,0.2,14.0,False,True,False,False,,,,RELAY_CONNECTIVITY_INFEASIBLE,relay_visibility_failure
PAY-MESH-OEM,primary,obstructed_reference,baseline_h80_x40,80.0,0.4,0.0,20,10,60.0,False,False,True,-0.065,1.956,3.997,False,False,0.2,14.0,True,False,True,True,,3.5839,0.4318,RELAY_CONNECTIVITY_INFEASIBLE,relay_visibility_failure
PAY-MESH-OEM,primary,obstructed_reference,baseline_h80_x40,80.0,0.4,0.0,20,20,60.0,False,False,True,-0.065,1.956,3.997,False,False,0.2,14.0,True,False,True,True,,3.5839,0.4318,RELAY_CONNECTIVITY_INFEASIBLE,relay_visibility_failure
PAY-MESH-OEM,primary,obstructed_reference,baseline_h80_x40,80.0,0.4,0.0,20,30,60.0,False,False,True,-0.065,1.956,3.997,False,False,0.2,14.0,True,False,True,True,,4.7747,0.4984,RELAY_CONNECTIVITY_INFEASIBLE,relay_visibility_failure
PAY-MESH-OEM,primary,obstructed_reference,baseline_h80_x40,80.0,0.4,0.0,20,45,60.0,False,False,True,-0.065,1.956,3.997,False,False,0.2,14.0,True,False,True,False,gross_mass|rotor_diameter|vehicle_span,15.1456,0.8877,RELAY_CONNECTIVITY_INFEASIBLE,relay_visibility_failure
PAY-MESH-OEM,primary,obstructed_reference,baseline_h80_x40,80.0,0.4,0.0,20,60,60.0,False,False,True,-0.065,1.956,3.997,False,False,0.2,14.0,False,True,False,False,,,,RELAY_CONNECTIVITY_INFEASIBLE,relay_visibility_failure
PAY-MESH-OEM,primary,obstructed_reference,baseline_h80_x40,80.0,0.4,0.0,30,10,60.0,False,False,True,-3.587,-1.566,0.475,False,False,0.2,14.0,True,False,True,True,,3.5839,0.4318,RELAY_CONNECTIVITY_INFEASIBLE,relay_visibility_failure
PAY-MESH-OEM,primary,obstructed_reference,baseline_h80_x40,80.0,0.4,0.0,30,20,60.0,False,False,True,-3.587,-1.566,0.475,False,False,0.2,14.0,True,False,True,True,,3.5839,0.4318,RELAY_CONNECTIVITY_INFEASIBLE,relay_visibility_failure
PAY-MESH-OEM,primary,obstructed_reference,baseline_h80_x40,80.0,0.4,0.0,30,30,60.0,False,False,True,-3.587,-1.566,0.475,False,False,0.2,14.0,True,False,True,True,,4.7747,0.4984,RELAY_CONNECTIVITY_INFEASIBLE,relay_visibility_failure
PAY-MESH-OEM,primary,obstructed_reference,baseline_h80_x40,80.0,0.4,0.0,30,45,60.0,False,False,True,-3.587,-1.566,0.475,False,False,0.2,14.0,True,False,True,False,gross_mass|rotor_diameter|vehicle_span,15.1456,0.8877,RELAY_CONNECTIVITY_INFEASIBLE,relay_visibility_failure
PAY-MESH-OEM,primary,obstructed_reference,baseline_h80_x40,80.0,0.4,0.0,30,60,60.0,False,False,True,-3.587,-1.566,0.475,False,False,0.2,14.0,False,True,False,False,,,,RELAY_CONNECTIVITY_INFEASIBLE,relay_visibility_failure
PAY-MESH-OEM,primary,obstructed_reference,baseline_h80_x40,80.0,0.4,0.0,40,10,60.0,False,False,True,-6.085,-4.065,-2.024,False,False,0.2,14.0,True,False,True,True,,3.5839,0.4318,RELAY_CONNECTIVITY_INFEASIBLE,relay_visibility_failure
PAY-MESH-OEM,primary,obstructed_reference,baseline_h80_x40,80.0,0.4,0.0,40,20,60.0,False,False,True,-6.085,-4.065,-2.024,False,False,0.2,14.0,True,False,True,True,,3.5839,0.4318,RELAY_CONNECTIVITY_INFEASIBLE,relay_visibility_failure
PAY-MESH-OEM,primary,obstructed_reference,baseline_h80_x40,80.0,0.4,0.0,40,30,60.0,False,False,True,-6.085,-4.065,-2.024,False,False,0.2,14.0,True,False,True,True,,4.7747,0.4984,RELAY_CONNECTIVITY_INFEASIBLE,relay_visibility_failure
PAY-MESH-OEM,primary,obstructed_reference,baseline_h80_x40,80.0,0.4,0.0,40,45,60.0,False,False,True,-6.085,-4.065,-2.024,False,False,0.2,14.0,True,False,True,False,gross_mass|rotor_diameter|vehicle_span,15.1456,0.8877,RELAY_CONNECTIVITY_INFEASIBLE,relay_visibility_failure
PAY-MESH-OEM,primary,obstructed_reference,baseline_h80_x40,80.0,0.4,0.0,40,60,60.0,False,False,True,-6.085,-4.065,-2.024,False,False,0.2,14.0,False,True,False,False,,,,RELAY_CONNECTIVITY_INFEASIBLE,relay_visibility_failure
PAY-MESH-OEM,primary,obstructed_reference,baseline_h80_x40,80.0,0.4,0.0,60,10,60.0,False,False,True,-9.607,-7.587,-5.545,False,False,0.2,14.0,True,False,True,True,,3.5839,0.4318,RELAY_CONNECTIVITY_INFEASIBLE,relay_visibility_failure
PAY-MESH-OEM,primary,obstructed_reference,baseline_h80_x40,80.0,0.4,0.0,60,20,60.0,False,False,True,-9.607,-7.587,-5.545,False,False,0.2,14.0,True,False,True,True,,3.5839,0.4318,RELAY_CONNECTIVITY_INFEASIBLE,relay_visibility_failure
PAY-MESH-OEM,primary,obstructed_reference,baseline_h80_x40,80.0,0.4,0.0,60,30,60.0,False,False,True,-9.607,-7.587,-5.545,False,False,0.2,14.0,True,False,True,True,,4.7747,0.4984,RELAY_CONNECTIVITY_INFEASIBLE,relay_visibility_failure
PAY-MESH-OEM,primary,obstructed_reference,baseline_h80_x40,80.0,0.4,0.0,60,45,60.0,False,False,True,-9.607,-7.587,-5.545,False,False,0.2,14.0,True,False,True,False,gross_mass|rotor_diameter|vehicle_span,15.1456,0.8877,RELAY_CONNECTIVITY_INFEASIBLE,relay_visibility_failure
PAY-MESH-OEM,primary,obstructed_reference,baseline_h80_x40,80.0,0.4,0.0,60,60,60.0,False,False,True,-9.607,-7.587,-5.545,False,False,0.2,14.0,False,True,False,False,,,,RELAY_CONNECTIVITY_INFEASIBLE,relay_visibility_failure
PAY-MESH-OEM,primary,obstructed_reference,baseline_h80_x40,80.0,0.4,0.0,5,10,120.0,False,True,True,11.975,13.987,16.038,False,True,0.2,14.0,True,False,True,True,,3.5839,0.4318,RELAY_BENEFICIAL_AND_FEASIBLE,direct_visibility_loss_relay_visibility_restoration
PAY-MESH-OEM,primary,obstructed_reference,baseline_h80_x40,80.0,0.4,0.0,5,20,120.0,False,True,True,11.975,13.987,16.038,False,True,0.2,14.0,True,False,True,True,,3.5839,0.4318,RELAY_BENEFICIAL_AND_FEASIBLE,direct_visibility_loss_relay_visibility_restoration
PAY-MESH-OEM,primary,obstructed_reference,baseline_h80_x40,80.0,0.4,0.0,5,30,120.0,False,True,True,11.975,13.987,16.038,False,True,0.2,14.0,True,False,True,True,,4.7747,0.4984,RELAY_BENEFICIAL_AND_FEASIBLE,direct_visibility_loss_relay_visibility_restoration
PAY-MESH-OEM,primary,obstructed_reference,baseline_h80_x40,80.0,0.4,0.0,5,45,120.0,False,True,True,11.975,13.987,16.038,False,True,0.2,14.0,True,False,True,False,gross_mass|rotor_diameter|vehicle_span,15.1456,0.8877,MASS_CLOSED_PRACTICAL_CONSTRAINT_FAILURE,finite_closure_exceeds_practical_analysis_boundary
PAY-MESH-OEM,primary,obstructed_reference,baseline_h80_x40,80.0,0.4,0.0,5,60,120.0,False,True,True,11.975,13.987,16.038,False,True,0.2,14.0,False,True,False,False,,,,RELAY_FUNCTIONAL_VEHICLE_RESOURCE_FAILURE,endurance_driven_mathematical_nonclosure
PAY-MESH-OEM,primary,obstructed_reference,baseline_h80_x40,80.0,0.4,0.0,10,10,120.0,False,True,True,5.955,7.974,10.018,False,True,0.2,14.0,True,False,True,True,,3.5839,0.4318,RELAY_BENEFICIAL_AND_FEASIBLE,direct_visibility_loss_relay_visibility_restoration
PAY-MESH-OEM,primary,obstructed_reference,baseline_h80_x40,80.0,0.4,0.0,10,20,120.0,False,True,True,5.955,7.974,10.018,False,True,0.2,14.0,True,False,True,True,,3.5839,0.4318,RELAY_BENEFICIAL_AND_FEASIBLE,direct_visibility_loss_relay_visibility_restoration
PAY-MESH-OEM,primary,obstructed_reference,baseline_h80_x40,80.0,0.4,0.0,10,30,120.0,False,True,True,5.955,7.974,10.018,False,True,0.2,14.0,True,False,True,True,,4.7747,0.4984,RELAY_BENEFICIAL_AND_FEASIBLE,direct_visibility_loss_relay_visibility_restoration
PAY-MESH-OEM,primary,obstructed_reference,baseline_h80_x40,80.0,0.4,0.0,10,45,120.0,False,True,True,5.955,7.974,10.018,False,True,0.2,14.0,True,False,True,False,gross_mass|rotor_diameter|vehicle_span,15.1456,0.8877,MASS_CLOSED_PRACTICAL_CONSTRAINT_FAILURE,finite_closure_exceeds_practical_analysis_boundary
PAY-MESH-OEM,primary,obstructed_reference,baseline_h80_x40,80.0,0.4,0.0,10,60,120.0,False,True,True,5.955,7.974,10.018,False,True,0.2,14.0,False,True,False,False,,,,RELAY_FUNCTIONAL_VEHICLE_RESOURCE_FAILURE,endurance_driven_mathematical_nonclosure
PAY-MESH-OEM,primary,obstructed_reference,baseline_h80_x40,80.0,0.4,0.0,20,10,120.0,False,True,True,-0.065,1.955,3.997,False,True,0.2,14.0,True,False,True,True,,3.5839,0.4318,RELAY_BENEFICIAL_AND_FEASIBLE,direct_visibility_loss_relay_visibility_restoration
PAY-MESH-OEM,primary,obstructed_reference,baseline_h80_x40,80.0,0.4,0.0,20,20,120.0,False,True,True,-0.065,1.955,3.997,False,True,0.2,14.0,True,False,True,True,,3.5839,0.4318,RELAY_BENEFICIAL_AND_FEASIBLE,direct_visibility_loss_relay_visibility_restoration
PAY-MESH-OEM,primary,obstructed_reference,baseline_h80_x40,80.0,0.4,0.0,20,30,120.0,False,True,True,-0.065,1.955,3.997,False,True,0.2,14.0,True,False,True,True,,4.7747,0.4984,RELAY_BENEFICIAL_AND_FEASIBLE,direct_visibility_loss_relay_visibility_restoration
PAY-MESH-OEM,primary,obstructed_reference,baseline_h80_x40,80.0,0.4,0.0,20,45,120.0,False,True,True,-0.065,1.955,3.997,False,True,0.2,14.0,True,False,True,False,gross_mass|rotor_diameter|vehicle_span,15.1456,0.8877,MASS_CLOSED_PRACTICAL_CONSTRAINT_FAILURE,finite_closure_exceeds_practical_analysis_boundary
PAY-MESH-OEM,primary,obstructed_reference,baseline_h80_x40,80.0,0.4,0.0,20,60,120.0,False,True,True,-0.065,1.955,3.997,False,True,0.2,14.0,False,True,False,False,,,,RELAY_FUNCTIONAL_VEHICLE_RESOURCE_FAILURE,endurance_driven_mathematical_nonclosure
PAY-MESH-OEM,primary,obstructed_reference,baseline_h80_x40,80.0,0.4,0.0,30,10,120.0,False,True,True,-3.587,-1.566,0.475,False,False,0.2,14.0,True,False,True,True,,3.5839,0.4318,RELAY_CONNECTIVITY_INFEASIBLE,relay_visibility_restored_but_relay_link_margin_failure
PAY-MESH-OEM,primary,obstructed_reference,baseline_h80_x40,80.0,0.4,0.0,30,20,120.0,False,True,True,-3.587,-1.566,0.475,False,False,0.2,14.0,True,False,True,True,,3.5839,0.4318,RELAY_CONNECTIVITY_INFEASIBLE,relay_visibility_restored_but_relay_link_margin_failure
PAY-MESH-OEM,primary,obstructed_reference,baseline_h80_x40,80.0,0.4,0.0,30,30,120.0,False,True,True,-3.587,-1.566,0.475,False,False,0.2,14.0,True,False,True,True,,4.7747,0.4984,RELAY_CONNECTIVITY_INFEASIBLE,relay_visibility_restored_but_relay_link_margin_failure
PAY-MESH-OEM,primary,obstructed_reference,baseline_h80_x40,80.0,0.4,0.0,30,45,120.0,False,True,True,-3.587,-1.566,0.475,False,False,0.2,14.0,True,False,True,False,gross_mass|rotor_diameter|vehicle_span,15.1456,0.8877,RELAY_CONNECTIVITY_INFEASIBLE,relay_visibility_restored_but_relay_link_margin_failure
PAY-MESH-OEM,primary,obstructed_reference,baseline_h80_x40,80.0,0.4,0.0,30,60,120.0,False,True,True,-3.587,-1.566,0.475,False,False,0.2,14.0,False,True,False,False,,,,RELAY_CONNECTIVITY_INFEASIBLE,relay_visibility_restored_but_relay_link_margin_failure
PAY-MESH-OEM,primary,obstructed_reference,baseline_h80_x40,80.0,0.4,0.0,40,10,120.0,False,True,True,-6.085,-4.065,-2.024,False,False,0.2,14.0,True,False,True,True,,3.5839,0.4318,RELAY_CONNECTIVITY_INFEASIBLE,relay_visibility_restored_but_relay_link_margin_failure
PAY-MESH-OEM,primary,obstructed_reference,baseline_h80_x40,80.0,0.4,0.0,40,20,120.0,False,True,True,-6.085,-4.065,-2.024,False,False,0.2,14.0,True,False,True,True,,3.5839,0.4318,RELAY_CONNECTIVITY_INFEASIBLE,relay_visibility_restored_but_relay_link_margin_failure
PAY-MESH-OEM,primary,obstructed_reference,baseline_h80_x40,80.0,0.4,0.0,40,30,120.0,False,True,True,-6.085,-4.065,-2.024,False,False,0.2,14.0,True,False,True,True,,4.7747,0.4984,RELAY_CONNECTIVITY_INFEASIBLE,relay_visibility_restored_but_relay_link_margin_failure
PAY-MESH-OEM,primary,obstructed_reference,baseline_h80_x40,80.0,0.4,0.0,40,45,120.0,False,True,True,-6.085,-4.065,-2.024,False,False,0.2,14.0,True,False,True,False,gross_mass|rotor_diameter|vehicle_span,15.1456,0.8877,RELAY_CONNECTIVITY_INFEASIBLE,relay_visibility_restored_but_relay_link_margin_failure
PAY-MESH-OEM,primary,obstructed_reference,baseline_h80_x40,80.0,0.4,0.0,40,60,120.0,False,True,True,-6.085,-4.065,-2.024,False,False,0.2,14.0,False,True,False,False,,,,RELAY_CONNECTIVITY_INFEASIBLE,relay_visibility_restored_but_relay_link_margin_failure
PAY-MESH-OEM,primary,obstructed_reference,baseline_h80_x40,80.0,0.4,0.0,60,10,120.0,False,True,True,-9.607,-7.587,-5.545,False,False,0.2,14.0,True,False,True,True,,3.5839,0.4318,RELAY_CONNECTIVITY_INFEASIBLE,relay_visibility_restored_but_relay_link_margin_failure
PAY-MESH-OEM,primary,obstructed_reference,baseline_h80_x40,80.0,0.4,0.0,60,20,120.0,False,True,True,-9.607,-7.587,-5.545,False,False,0.2,14.0,True,False,True,True,,3.5839,0.4318,RELAY_CONNECTIVITY_INFEASIBLE,relay_visibility_restored_but_relay_link_margin_failure
PAY-MESH-OEM,primary,obstructed_reference,baseline_h80_x40,80.0,0.4,0.0,60,30,120.0,False,True,True,-9.607,-7.587,-5.545,False,False,0.2,14.0,True,False,True,True,,4.7747,0.4984,RELAY_CONNECTIVITY_INFEASIBLE,relay_visibility_restored_but_relay_link_margin_failure
PAY-MESH-OEM,primary,obstructed_reference,baseline_h80_x40,80.0,0.4,0.0,60,45,120.0,False,True,True,-9.607,-7.587,-5.545,False,False,0.2,14.0,True,False,True,False,gross_mass|rotor_diameter|vehicle_span,15.1456,0.8877,RELAY_CONNECTIVITY_INFEASIBLE,relay_visibility_restored_but_relay_link_margin_failure
PAY-MESH-OEM,primary,obstructed_reference,baseline_h80_x40,80.0,0.4,0.0,60,60,120.0,False,True,True,-9.607,-7.587,-5.545,False,False,0.2,14.0,False,True,False,False,,,,RELAY_CONNECTIVITY_INFEASIBLE,relay_visibility_restored_but_relay_link_margin_failure
PAY-MESH-OEM,primary,obstructed_reference,baseline_h80_x40,80.0,0.4,0.0,5,10,240.0,False,True,True,11.975,13.957,16.025,False,True,0.2,14.0,True,False,True,True,,3.5839,0.4318,RELAY_BENEFICIAL_AND_FEASIBLE,direct_visibility_loss_relay_visibility_restoration
PAY-MESH-OEM,primary,obstructed_reference,baseline_h80_x40,80.0,0.4,0.0,5,20,240.0,False,True,True,11.975,13.957,16.025,False,True,0.2,14.0,True,False,True,True,,3.5839,0.4318,RELAY_BENEFICIAL_AND_FEASIBLE,direct_visibility_loss_relay_visibility_restoration
PAY-MESH-OEM,primary,obstructed_reference,baseline_h80_x40,80.0,0.4,0.0,5,30,240.0,False,True,True,11.975,13.957,16.025,False,True,0.2,14.0,True,False,True,True,,4.7747,0.4984,RELAY_BENEFICIAL_AND_FEASIBLE,direct_visibility_loss_relay_visibility_restoration
PAY-MESH-OEM,primary,obstructed_reference,baseline_h80_x40,80.0,0.4,0.0,5,45,240.0,False,True,True,11.975,13.957,16.025,False,True,0.2,14.0,True,False,True,False,gross_mass|rotor_diameter|vehicle_span,15.1456,0.8877,MASS_CLOSED_PRACTICAL_CONSTRAINT_FAILURE,finite_closure_exceeds_practical_analysis_boundary
PAY-MESH-OEM,primary,obstructed_reference,baseline_h80_x40,80.0,0.4,0.0,5,60,240.0,False,True,True,11.975,13.957,16.025,False,True,0.2,14.0,False,True,False,False,,,,RELAY_FUNCTIONAL_VEHICLE_RESOURCE_FAILURE,endurance_driven_mathematical_nonclosure
PAY-MESH-OEM,primary,obstructed_reference,baseline_h80_x40,80.0,0.4,0.0,10,10,240.0,False,True,True,5.955,7.966,10.014,False,True,0.2,14.0,True,False,True,True,,3.5839,0.4318,RELAY_BENEFICIAL_AND_FEASIBLE,direct_visibility_loss_relay_visibility_restoration
PAY-MESH-OEM,primary,obstructed_reference,baseline_h80_x40,80.0,0.4,0.0,10,20,240.0,False,True,True,5.955,7.966,10.014,False,True,0.2,14.0,True,False,True,True,,3.5839,0.4318,RELAY_BENEFICIAL_AND_FEASIBLE,direct_visibility_loss_relay_visibility_restoration
PAY-MESH-OEM,primary,obstructed_reference,baseline_h80_x40,80.0,0.4,0.0,10,30,240.0,False,True,True,5.955,7.966,10.014,False,True,0.2,14.0,True,False,True,True,,4.7747,0.4984,RELAY_BENEFICIAL_AND_FEASIBLE,direct_visibility_loss_relay_visibility_restoration
PAY-MESH-OEM,primary,obstructed_reference,baseline_h80_x40,80.0,0.4,0.0,10,45,240.0,False,True,True,5.955,7.966,10.014,False,True,0.2,14.0,True,False,True,False,gross_mass|rotor_diameter|vehicle_span,15.1456,0.8877,MASS_CLOSED_PRACTICAL_CONSTRAINT_FAILURE,finite_closure_exceeds_practical_analysis_boundary
PAY-MESH-OEM,primary,obstructed_reference,baseline_h80_x40,80.0,0.4,0.0,10,60,240.0,False,True,True,5.955,7.966,10.014,False,True,0.2,14.0,False,True,False,False,,,,RELAY_FUNCTIONAL_VEHICLE_RESOURCE_FAILURE,endurance_driven_mathematical_nonclosure
PAY-MESH-OEM,primary,obstructed_reference,baseline_h80_x40,80.0,0.4,0.0,20,10,240.0,False,True,True,-0.065,1.953,3.996,False,True,0.2,14.0,True,False,True,True,,3.5839,0.4318,RELAY_BENEFICIAL_AND_FEASIBLE,direct_visibility_loss_relay_visibility_restoration
PAY-MESH-OEM,primary,obstructed_reference,baseline_h80_x40,80.0,0.4,0.0,20,20,240.0,False,True,True,-0.065,1.953,3.996,False,True,0.2,14.0,True,False,True,True,,3.5839,0.4318,RELAY_BENEFICIAL_AND_FEASIBLE,direct_visibility_loss_relay_visibility_restoration
PAY-MESH-OEM,primary,obstructed_reference,baseline_h80_x40,80.0,0.4,0.0,20,30,240.0,False,True,True,-0.065,1.953,3.996,False,True,0.2,14.0,True,False,True,True,,4.7747,0.4984,RELAY_BENEFICIAL_AND_FEASIBLE,direct_visibility_loss_relay_visibility_restoration
PAY-MESH-OEM,primary,obstructed_reference,baseline_h80_x40,80.0,0.4,0.0,20,45,240.0,False,True,True,-0.065,1.953,3.996,False,True,0.2,14.0,True,False,True,False,gross_mass|rotor_diameter|vehicle_span,15.1456,0.8877,MASS_CLOSED_PRACTICAL_CONSTRAINT_FAILURE,finite_closure_exceeds_practical_analysis_boundary
PAY-MESH-OEM,primary,obstructed_reference,baseline_h80_x40,80.0,0.4,0.0,20,60,240.0,False,True,True,-0.065,1.953,3.996,False,True,0.2,14.0,False,True,False,False,,,,RELAY_FUNCTIONAL_VEHICLE_RESOURCE_FAILURE,endurance_driven_mathematical_nonclosure
PAY-MESH-OEM,primary,obstructed_reference,baseline_h80_x40,80.0,0.4,0.0,30,10,240.0,False,True,True,-3.587,-1.567,0.475,False,False,0.2,14.0,True,False,True,True,,3.5839,0.4318,RELAY_CONNECTIVITY_INFEASIBLE,relay_visibility_restored_but_relay_link_margin_failure
PAY-MESH-OEM,primary,obstructed_reference,baseline_h80_x40,80.0,0.4,0.0,30,20,240.0,False,True,True,-3.587,-1.567,0.475,False,False,0.2,14.0,True,False,True,True,,3.5839,0.4318,RELAY_CONNECTIVITY_INFEASIBLE,relay_visibility_restored_but_relay_link_margin_failure
PAY-MESH-OEM,primary,obstructed_reference,baseline_h80_x40,80.0,0.4,0.0,30,30,240.0,False,True,True,-3.587,-1.567,0.475,False,False,0.2,14.0,True,False,True,True,,4.7747,0.4984,RELAY_CONNECTIVITY_INFEASIBLE,relay_visibility_restored_but_relay_link_margin_failure
PAY-MESH-OEM,primary,obstructed_reference,baseline_h80_x40,80.0,0.4,0.0,30,45,240.0,False,True,True,-3.587,-1.567,0.475,False,False,0.2,14.0,True,False,True,False,gross_mass|rotor_diameter|vehicle_span,15.1456,0.8877,RELAY_CONNECTIVITY_INFEASIBLE,relay_visibility_restored_but_relay_link_margin_failure
PAY-MESH-OEM,primary,obstructed_reference,baseline_h80_x40,80.0,0.4,0.0,30,60,240.0,False,True,True,-3.587,-1.567,0.475,False,False,0.2,14.0,False,True,False,False,,,,RELAY_CONNECTIVITY_INFEASIBLE,relay_visibility_restored_but_relay_link_margin_failure
PAY-MESH-OEM,primary,obstructed_reference,baseline_h80_x40,80.0,0.4,0.0,40,10,240.0,False,True,True,-6.085,-4.065,-2.024,False,False,0.2,14.0,True,False,True,True,,3.5839,0.4318,RELAY_CONNECTIVITY_INFEASIBLE,relay_visibility_restored_but_relay_link_margin_failure
PAY-MESH-OEM,primary,obstructed_reference,baseline_h80_x40,80.0,0.4,0.0,40,20,240.0,False,True,True,-6.085,-4.065,-2.024,False,False,0.2,14.0,True,False,True,True,,3.5839,0.4318,RELAY_CONNECTIVITY_INFEASIBLE,relay_visibility_restored_but_relay_link_margin_failure
PAY-MESH-OEM,primary,obstructed_reference,baseline_h80_x40,80.0,0.4,0.0,40,30,240.0,False,True,True,-6.085,-4.065,-2.024,False,False,0.2,14.0,True,False,True,True,,4.7747,0.4984,RELAY_CONNECTIVITY_INFEASIBLE,relay_visibility_restored_but_relay_link_margin_failure
PAY-MESH-OEM,primary,obstructed_reference,baseline_h80_x40,80.0,0.4,0.0,40,45,240.0,False,True,True,-6.085,-4.065,-2.024,False,False,0.2,14.0,True,False,True,False,gross_mass|rotor_diameter|vehicle_span,15.1456,0.8877,RELAY_CONNECTIVITY_INFEASIBLE,relay_visibility_restored_but_relay_link_margin_failure
PAY-MESH-OEM,primary,obstructed_reference,baseline_h80_x40,80.0,0.4,0.0,40,60,240.0,False,True,True,-6.085,-4.065,-2.024,False,False,0.2,14.0,False,True,False,False,,,,RELAY_CONNECTIVITY_INFEASIBLE,relay_visibility_restored_but_relay_link_margin_failure
PAY-MESH-OEM,primary,obstructed_reference,baseline_h80_x40,80.0,0.4,0.0,60,10,240.0,False,True,True,-9.607,-7.587,-5.546,False,False,0.2,14.0,True,False,True,True,,3.5839,0.4318,RELAY_CONNECTIVITY_INFEASIBLE,relay_visibility_restored_but_relay_link_margin_failure
PAY-MESH-OEM,primary,obstructed_reference,baseline_h80_x40,80.0,0.4,0.0,60,20,240.0,False,True,True,-9.607,-7.587,-5.546,False,False,0.2,14.0,True,False,True,True,,3.5839,0.4318,RELAY_CONNECTIVITY_INFEASIBLE,relay_visibility_restored_but_relay_link_margin_failure
PAY-MESH-OEM,primary,obstructed_reference,baseline_h80_x40,80.0,0.4,0.0,60,30,240.0,False,True,True,-9.607,-7.587,-5.546,False,False,0.2,14.0,True,False,True,True,,4.7747,0.4984,RELAY_CONNECTIVITY_INFEASIBLE,relay_visibility_restored_but_relay_link_margin_failure
PAY-MESH-OEM,primary,obstructed_reference,baseline_h80_x40,80.0,0.4,0.0,60,45,240.0,False,True,True,-9.607,-7.587,-5.546,False,False,0.2,14.0,True,False,True,False,gross_mass|rotor_diameter|vehicle_span,15.1456,0.8877,RELAY_CONNECTIVITY_INFEASIBLE,relay_visibility_restored_but_relay_link_margin_failure
PAY-MESH-OEM,primary,obstructed_reference,baseline_h80_x40,80.0,0.4,0.0,60,60,240.0,False,True,True,-9.607,-7.587,-5.546,False,False,0.2,14.0,False,True,False,False,,,,RELAY_CONNECTIVITY_INFEASIBLE,relay_visibility_restored_but_relay_link_margin_failure
PAY-MESH-OEM,primary,obstructed_adverse,baseline_h80_x40,80.0,0.4,12.0,5,10,60.0,False,False,True,-0.025,1.994,4.037,False,False,0.2,14.0,True,False,True,True,,3.5839,0.4318,RELAY_CONNECTIVITY_INFEASIBLE,relay_visibility_failure
PAY-MESH-OEM,primary,obstructed_adverse,baseline_h80_x40,80.0,0.4,12.0,5,20,60.0,False,False,True,-0.025,1.994,4.037,False,False,0.2,14.0,True,False,True,True,,3.5839,0.4318,RELAY_CONNECTIVITY_INFEASIBLE,relay_visibility_failure
PAY-MESH-OEM,primary,obstructed_adverse,baseline_h80_x40,80.0,0.4,12.0,5,30,60.0,False,False,True,-0.025,1.994,4.037,False,False,0.2,14.0,True,False,True,True,,4.7747,0.4984,RELAY_CONNECTIVITY_INFEASIBLE,relay_visibility_failure
PAY-MESH-OEM,primary,obstructed_adverse,baseline_h80_x40,80.0,0.4,12.0,5,45,60.0,False,False,True,-0.025,1.994,4.037,False,False,0.2,14.0,True,False,True,False,gross_mass|rotor_diameter|vehicle_span,15.1456,0.8877,RELAY_CONNECTIVITY_INFEASIBLE,relay_visibility_failure
PAY-MESH-OEM,primary,obstructed_adverse,baseline_h80_x40,80.0,0.4,12.0,5,60,60.0,False,False,True,-0.025,1.994,4.037,False,False,0.2,14.0,False,True,False,False,,,,RELAY_CONNECTIVITY_INFEASIBLE,relay_visibility_failure
PAY-MESH-OEM,primary,obstructed_adverse,baseline_h80_x40,80.0,0.4,12.0,10,10,60.0,False,False,True,-6.045,-4.024,-1.983,False,False,0.2,14.0,True,False,True,True,,3.5839,0.4318,RELAY_CONNECTIVITY_INFEASIBLE,relay_visibility_failure
PAY-MESH-OEM,primary,obstructed_adverse,baseline_h80_x40,80.0,0.4,12.0,10,20,60.0,False,False,True,-6.045,-4.024,-1.983,False,False,0.2,14.0,True,False,True,True,,3.5839,0.4318,RELAY_CONNECTIVITY_INFEASIBLE,relay_visibility_failure
PAY-MESH-OEM,primary,obstructed_adverse,baseline_h80_x40,80.0,0.4,12.0,10,30,60.0,False,False,True,-6.045,-4.024,-1.983,False,False,0.2,14.0,True,False,True,True,,4.7747,0.4984,RELAY_CONNECTIVITY_INFEASIBLE,relay_visibility_failure
PAY-MESH-OEM,primary,obstructed_adverse,baseline_h80_x40,80.0,0.4,12.0,10,45,60.0,False,False,True,-6.045,-4.024,-1.983,False,False,0.2,14.0,True,False,True,False,gross_mass|rotor_diameter|vehicle_span,15.1456,0.8877,RELAY_CONNECTIVITY_INFEASIBLE,relay_visibility_failure
PAY-MESH-OEM,primary,obstructed_adverse,baseline_h80_x40,80.0,0.4,12.0,10,60,60.0,False,False,True,-6.045,-4.024,-1.983,False,False,0.2,14.0,False,True,False,False,,,,RELAY_CONNECTIVITY_INFEASIBLE,relay_visibility_failure
PAY-MESH-OEM,primary,obstructed_adverse,baseline_h80_x40,80.0,0.4,12.0,20,10,60.0,False,False,True,-12.065,-10.044,-8.003,False,False,0.2,14.0,True,False,True,True,,3.5839,0.4318,RELAY_CONNECTIVITY_INFEASIBLE,relay_visibility_failure
PAY-MESH-OEM,primary,obstructed_adverse,baseline_h80_x40,80.0,0.4,12.0,20,20,60.0,False,False,True,-12.065,-10.044,-8.003,False,False,0.2,14.0,True,False,True,True,,3.5839,0.4318,RELAY_CONNECTIVITY_INFEASIBLE,relay_visibility_failure
PAY-MESH-OEM,primary,obstructed_adverse,baseline_h80_x40,80.0,0.4,12.0,20,30,60.0,False,False,True,-12.065,-10.044,-8.003,False,False,0.2,14.0,True,False,True,True,,4.7747,0.4984,RELAY_CONNECTIVITY_INFEASIBLE,relay_visibility_failure
PAY-MESH-OEM,primary,obstructed_adverse,baseline_h80_x40,80.0,0.4,12.0,20,45,60.0,False,False,True,-12.065,-10.044,-8.003,False,False,0.2,14.0,True,False,True,False,gross_mass|rotor_diameter|vehicle_span,15.1456,0.8877,RELAY_CONNECTIVITY_INFEASIBLE,relay_visibility_failure
PAY-MESH-OEM,primary,obstructed_adverse,baseline_h80_x40,80.0,0.4,12.0,20,60,60.0,False,False,True,-12.065,-10.044,-8.003,False,False,0.2,14.0,False,True,False,False,,,,RELAY_CONNECTIVITY_INFEASIBLE,relay_visibility_failure
PAY-MESH-OEM,primary,obstructed_adverse,baseline_h80_x40,80.0,0.4,12.0,30,10,60.0,False,False,True,-15.587,-13.566,-11.525,False,False,0.2,14.0,True,False,True,True,,3.5839,0.4318,RELAY_CONNECTIVITY_INFEASIBLE,relay_visibility_failure
PAY-MESH-OEM,primary,obstructed_adverse,baseline_h80_x40,80.0,0.4,12.0,30,20,60.0,False,False,True,-15.587,-13.566,-11.525,False,False,0.2,14.0,True,False,True,True,,3.5839,0.4318,RELAY_CONNECTIVITY_INFEASIBLE,relay_visibility_failure
PAY-MESH-OEM,primary,obstructed_adverse,baseline_h80_x40,80.0,0.4,12.0,30,30,60.0,False,False,True,-15.587,-13.566,-11.525,False,False,0.2,14.0,True,False,True,True,,4.7747,0.4984,RELAY_CONNECTIVITY_INFEASIBLE,relay_visibility_failure
PAY-MESH-OEM,primary,obstructed_adverse,baseline_h80_x40,80.0,0.4,12.0,30,45,60.0,False,False,True,-15.587,-13.566,-11.525,False,False,0.2,14.0,True,False,True,False,gross_mass|rotor_diameter|vehicle_span,15.1456,0.8877,RELAY_CONNECTIVITY_INFEASIBLE,relay_visibility_failure
PAY-MESH-OEM,primary,obstructed_adverse,baseline_h80_x40,80.0,0.4,12.0,30,60,60.0,False,False,True,-15.587,-13.566,-11.525,False,False,0.2,14.0,False,True,False,False,,,,RELAY_CONNECTIVITY_INFEASIBLE,relay_visibility_failure
PAY-MESH-OEM,primary,obstructed_adverse,baseline_h80_x40,80.0,0.4,12.0,40,10,60.0,False,False,True,-18.085,-16.065,-14.024,False,False,0.2,14.0,True,False,True,True,,3.5839,0.4318,RELAY_CONNECTIVITY_INFEASIBLE,relay_visibility_failure
PAY-MESH-OEM,primary,obstructed_adverse,baseline_h80_x40,80.0,0.4,12.0,40,20,60.0,False,False,True,-18.085,-16.065,-14.024,False,False,0.2,14.0,True,False,True,True,,3.5839,0.4318,RELAY_CONNECTIVITY_INFEASIBLE,relay_visibility_failure
PAY-MESH-OEM,primary,obstructed_adverse,baseline_h80_x40,80.0,0.4,12.0,40,30,60.0,False,False,True,-18.085,-16.065,-14.024,False,False,0.2,14.0,True,False,True,True,,4.7747,0.4984,RELAY_CONNECTIVITY_INFEASIBLE,relay_visibility_failure
PAY-MESH-OEM,primary,obstructed_adverse,baseline_h80_x40,80.0,0.4,12.0,40,45,60.0,False,False,True,-18.085,-16.065,-14.024,False,False,0.2,14.0,True,False,True,False,gross_mass|rotor_diameter|vehicle_span,15.1456,0.8877,RELAY_CONNECTIVITY_INFEASIBLE,relay_visibility_failure
PAY-MESH-OEM,primary,obstructed_adverse,baseline_h80_x40,80.0,0.4,12.0,40,60,60.0,False,False,True,-18.085,-16.065,-14.024,False,False,0.2,14.0,False,True,False,False,,,,RELAY_CONNECTIVITY_INFEASIBLE,relay_visibility_failure
PAY-MESH-OEM,primary,obstructed_adverse,baseline_h80_x40,80.0,0.4,12.0,60,10,60.0,False,False,True,-21.607,-19.587,-17.545,False,False,0.2,14.0,True,False,True,True,,3.5839,0.4318,RELAY_CONNECTIVITY_INFEASIBLE,relay_visibility_failure
PAY-MESH-OEM,primary,obstructed_adverse,baseline_h80_x40,80.0,0.4,12.0,60,20,60.0,False,False,True,-21.607,-19.587,-17.545,False,False,0.2,14.0,True,False,True,True,,3.5839,0.4318,RELAY_CONNECTIVITY_INFEASIBLE,relay_visibility_failure
PAY-MESH-OEM,primary,obstructed_adverse,baseline_h80_x40,80.0,0.4,12.0,60,30,60.0,False,False,True,-21.607,-19.587,-17.545,False,False,0.2,14.0,True,False,True,True,,4.7747,0.4984,RELAY_CONNECTIVITY_INFEASIBLE,relay_visibility_failure
PAY-MESH-OEM,primary,obstructed_adverse,baseline_h80_x40,80.0,0.4,12.0,60,45,60.0,False,False,True,-21.607,-19.587,-17.545,False,False,0.2,14.0,True,False,True,False,gross_mass|rotor_diameter|vehicle_span,15.1456,0.8877,RELAY_CONNECTIVITY_INFEASIBLE,relay_visibility_failure
PAY-MESH-OEM,primary,obstructed_adverse,baseline_h80_x40,80.0,0.4,12.0,60,60,60.0,False,False,True,-21.607,-19.587,-17.545,False,False,0.2,14.0,False,True,False,False,,,,RELAY_CONNECTIVITY_INFEASIBLE,relay_visibility_failure
PAY-MESH-OEM,primary,obstructed_adverse,baseline_h80_x40,80.0,0.4,12.0,5,10,120.0,False,True,True,-0.025,1.987,4.038,False,True,0.2,14.0,True,False,True,True,,3.5839,0.4318,RELAY_BENEFICIAL_AND_FEASIBLE,direct_visibility_loss_relay_visibility_restoration
PAY-MESH-OEM,primary,obstructed_adverse,baseline_h80_x40,80.0,0.4,12.0,5,20,120.0,False,True,True,-0.025,1.987,4.038,False,True,0.2,14.0,True,False,True,True,,3.5839,0.4318,RELAY_BENEFICIAL_AND_FEASIBLE,direct_visibility_loss_relay_visibility_restoration
PAY-MESH-OEM,primary,obstructed_adverse,baseline_h80_x40,80.0,0.4,12.0,5,30,120.0,False,True,True,-0.025,1.987,4.038,False,True,0.2,14.0,True,False,True,True,,4.7747,0.4984,RELAY_BENEFICIAL_AND_FEASIBLE,direct_visibility_loss_relay_visibility_restoration
PAY-MESH-OEM,primary,obstructed_adverse,baseline_h80_x40,80.0,0.4,12.0,5,45,120.0,False,True,True,-0.025,1.987,4.038,False,True,0.2,14.0,True,False,True,False,gross_mass|rotor_diameter|vehicle_span,15.1456,0.8877,MASS_CLOSED_PRACTICAL_CONSTRAINT_FAILURE,finite_closure_exceeds_practical_analysis_boundary
PAY-MESH-OEM,primary,obstructed_adverse,baseline_h80_x40,80.0,0.4,12.0,5,60,120.0,False,True,True,-0.025,1.987,4.038,False,True,0.2,14.0,False,True,False,False,,,,RELAY_FUNCTIONAL_VEHICLE_RESOURCE_FAILURE,endurance_driven_mathematical_nonclosure
PAY-MESH-OEM,primary,obstructed_adverse,baseline_h80_x40,80.0,0.4,12.0,10,10,120.0,False,True,True,-6.045,-4.026,-1.982,False,False,0.2,14.0,True,False,True,True,,3.5839,0.4318,RELAY_CONNECTIVITY_INFEASIBLE,relay_visibility_restored_but_relay_link_margin_failure
PAY-MESH-OEM,primary,obstructed_adverse,baseline_h80_x40,80.0,0.4,12.0,10,20,120.0,False,True,True,-6.045,-4.026,-1.982,False,False,0.2,14.0,True,False,True,True,,3.5839,0.4318,RELAY_CONNECTIVITY_INFEASIBLE,relay_visibility_restored_but_relay_link_margin_failure
PAY-MESH-OEM,primary,obstructed_adverse,baseline_h80_x40,80.0,0.4,12.0,10,30,120.0,False,True,True,-6.045,-4.026,-1.982,False,False,0.2,14.0,True,False,True,True,,4.7747,0.4984,RELAY_CONNECTIVITY_INFEASIBLE,relay_visibility_restored_but_relay_link_margin_failure
PAY-MESH-OEM,primary,obstructed_adverse,baseline_h80_x40,80.0,0.4,12.0,10,45,120.0,False,True,True,-6.045,-4.026,-1.982,False,False,0.2,14.0,True,False,True,False,gross_mass|rotor_diameter|vehicle_span,15.1456,0.8877,RELAY_CONNECTIVITY_INFEASIBLE,relay_visibility_restored_but_relay_link_margin_failure
PAY-MESH-OEM,primary,obstructed_adverse,baseline_h80_x40,80.0,0.4,12.0,10,60,120.0,False,True,True,-6.045,-4.026,-1.982,False,False,0.2,14.0,False,True,False,False,,,,RELAY_CONNECTIVITY_INFEASIBLE,relay_visibility_restored_but_relay_link_margin_failure
PAY-MESH-OEM,primary,obstructed_adverse,baseline_h80_x40,80.0,0.4,12.0,20,10,120.0,False,True,True,-12.065,-10.045,-8.003,False,False,0.2,14.0,True,False,True,True,,3.5839,0.4318,RELAY_CONNECTIVITY_INFEASIBLE,relay_visibility_restored_but_relay_link_margin_failure
PAY-MESH-OEM,primary,obstructed_adverse,baseline_h80_x40,80.0,0.4,12.0,20,20,120.0,False,True,True,-12.065,-10.045,-8.003,False,False,0.2,14.0,True,False,True,True,,3.5839,0.4318,RELAY_CONNECTIVITY_INFEASIBLE,relay_visibility_restored_but_relay_link_margin_failure
PAY-MESH-OEM,primary,obstructed_adverse,baseline_h80_x40,80.0,0.4,12.0,20,30,120.0,False,True,True,-12.065,-10.045,-8.003,False,False,0.2,14.0,True,False,True,True,,4.7747,0.4984,RELAY_CONNECTIVITY_INFEASIBLE,relay_visibility_restored_but_relay_link_margin_failure
PAY-MESH-OEM,primary,obstructed_adverse,baseline_h80_x40,80.0,0.4,12.0,20,45,120.0,False,True,True,-12.065,-10.045,-8.003,False,False,0.2,14.0,True,False,True,False,gross_mass|rotor_diameter|vehicle_span,15.1456,0.8877,RELAY_CONNECTIVITY_INFEASIBLE,relay_visibility_restored_but_relay_link_margin_failure
PAY-MESH-OEM,primary,obstructed_adverse,baseline_h80_x40,80.0,0.4,12.0,20,60,120.0,False,True,True,-12.065,-10.045,-8.003,False,False,0.2,14.0,False,True,False,False,,,,RELAY_CONNECTIVITY_INFEASIBLE,relay_visibility_restored_but_relay_link_margin_failure
PAY-MESH-OEM,primary,obstructed_adverse,baseline_h80_x40,80.0,0.4,12.0,30,10,120.0,False,True,True,-15.587,-13.566,-11.525,False,False,0.2,14.0,True,False,True,True,,3.5839,0.4318,RELAY_CONNECTIVITY_INFEASIBLE,relay_visibility_restored_but_relay_link_margin_failure
PAY-MESH-OEM,primary,obstructed_adverse,baseline_h80_x40,80.0,0.4,12.0,30,20,120.0,False,True,True,-15.587,-13.566,-11.525,False,False,0.2,14.0,True,False,True,True,,3.5839,0.4318,RELAY_CONNECTIVITY_INFEASIBLE,relay_visibility_restored_but_relay_link_margin_failure
PAY-MESH-OEM,primary,obstructed_adverse,baseline_h80_x40,80.0,0.4,12.0,30,30,120.0,False,True,True,-15.587,-13.566,-11.525,False,False,0.2,14.0,True,False,True,True,,4.7747,0.4984,RELAY_CONNECTIVITY_INFEASIBLE,relay_visibility_restored_but_relay_link_margin_failure
PAY-MESH-OEM,primary,obstructed_adverse,baseline_h80_x40,80.0,0.4,12.0,30,45,120.0,False,True,True,-15.587,-13.566,-11.525,False,False,0.2,14.0,True,False,True,False,gross_mass|rotor_diameter|vehicle_span,15.1456,0.8877,RELAY_CONNECTIVITY_INFEASIBLE,relay_visibility_restored_but_relay_link_margin_failure
PAY-MESH-OEM,primary,obstructed_adverse,baseline_h80_x40,80.0,0.4,12.0,30,60,120.0,False,True,True,-15.587,-13.566,-11.525,False,False,0.2,14.0,False,True,False,False,,,,RELAY_CONNECTIVITY_INFEASIBLE,relay_visibility_restored_but_relay_link_margin_failure
PAY-MESH-OEM,primary,obstructed_adverse,baseline_h80_x40,80.0,0.4,12.0,40,10,120.0,False,True,True,-18.085,-16.065,-14.024,False,False,0.2,14.0,True,False,True,True,,3.5839,0.4318,RELAY_CONNECTIVITY_INFEASIBLE,relay_visibility_restored_but_relay_link_margin_failure
PAY-MESH-OEM,primary,obstructed_adverse,baseline_h80_x40,80.0,0.4,12.0,40,20,120.0,False,True,True,-18.085,-16.065,-14.024,False,False,0.2,14.0,True,False,True,True,,3.5839,0.4318,RELAY_CONNECTIVITY_INFEASIBLE,relay_visibility_restored_but_relay_link_margin_failure
PAY-MESH-OEM,primary,obstructed_adverse,baseline_h80_x40,80.0,0.4,12.0,40,30,120.0,False,True,True,-18.085,-16.065,-14.024,False,False,0.2,14.0,True,False,True,True,,4.7747,0.4984,RELAY_CONNECTIVITY_INFEASIBLE,relay_visibility_restored_but_relay_link_margin_failure
PAY-MESH-OEM,primary,obstructed_adverse,baseline_h80_x40,80.0,0.4,12.0,40,45,120.0,False,True,True,-18.085,-16.065,-14.024,False,False,0.2,14.0,True,False,True,False,gross_mass|rotor_diameter|vehicle_span,15.1456,0.8877,RELAY_CONNECTIVITY_INFEASIBLE,relay_visibility_restored_but_relay_link_margin_failure
PAY-MESH-OEM,primary,obstructed_adverse,baseline_h80_x40,80.0,0.4,12.0,40,60,120.0,False,True,True,-18.085,-16.065,-14.024,False,False,0.2,14.0,False,True,False,False,,,,RELAY_CONNECTIVITY_INFEASIBLE,relay_visibility_restored_but_relay_link_margin_failure
PAY-MESH-OEM,primary,obstructed_adverse,baseline_h80_x40,80.0,0.4,12.0,60,10,120.0,False,True,True,-21.607,-19.587,-17.545,False,False,0.2,14.0,True,False,True,True,,3.5839,0.4318,RELAY_CONNECTIVITY_INFEASIBLE,relay_visibility_restored_but_relay_link_margin_failure
PAY-MESH-OEM,primary,obstructed_adverse,baseline_h80_x40,80.0,0.4,12.0,60,20,120.0,False,True,True,-21.607,-19.587,-17.545,False,False,0.2,14.0,True,False,True,True,,3.5839,0.4318,RELAY_CONNECTIVITY_INFEASIBLE,relay_visibility_restored_but_relay_link_margin_failure
PAY-MESH-OEM,primary,obstructed_adverse,baseline_h80_x40,80.0,0.4,12.0,60,30,120.0,False,True,True,-21.607,-19.587,-17.545,False,False,0.2,14.0,True,False,True,True,,4.7747,0.4984,RELAY_CONNECTIVITY_INFEASIBLE,relay_visibility_restored_but_relay_link_margin_failure
PAY-MESH-OEM,primary,obstructed_adverse,baseline_h80_x40,80.0,0.4,12.0,60,45,120.0,False,True,True,-21.607,-19.587,-17.545,False,False,0.2,14.0,True,False,True,False,gross_mass|rotor_diameter|vehicle_span,15.1456,0.8877,RELAY_CONNECTIVITY_INFEASIBLE,relay_visibility_restored_but_relay_link_margin_failure
PAY-MESH-OEM,primary,obstructed_adverse,baseline_h80_x40,80.0,0.4,12.0,60,60,120.0,False,True,True,-21.607,-19.587,-17.545,False,False,0.2,14.0,False,True,False,False,,,,RELAY_CONNECTIVITY_INFEASIBLE,relay_visibility_restored_but_relay_link_margin_failure
PAY-MESH-OEM,primary,obstructed_adverse,baseline_h80_x40,80.0,0.4,12.0,5,10,240.0,False,True,True,-0.025,1.957,4.025,False,True,0.2,14.0,True,False,True,True,,3.5839,0.4318,RELAY_BENEFICIAL_AND_FEASIBLE,direct_visibility_loss_relay_visibility_restoration
PAY-MESH-OEM,primary,obstructed_adverse,baseline_h80_x40,80.0,0.4,12.0,5,20,240.0,False,True,True,-0.025,1.957,4.025,False,True,0.2,14.0,True,False,True,True,,3.5839,0.4318,RELAY_BENEFICIAL_AND_FEASIBLE,direct_visibility_loss_relay_visibility_restoration
PAY-MESH-OEM,primary,obstructed_adverse,baseline_h80_x40,80.0,0.4,12.0,5,30,240.0,False,True,True,-0.025,1.957,4.025,False,True,0.2,14.0,True,False,True,True,,4.7747,0.4984,RELAY_BENEFICIAL_AND_FEASIBLE,direct_visibility_loss_relay_visibility_restoration
PAY-MESH-OEM,primary,obstructed_adverse,baseline_h80_x40,80.0,0.4,12.0,5,45,240.0,False,True,True,-0.025,1.957,4.025,False,True,0.2,14.0,True,False,True,False,gross_mass|rotor_diameter|vehicle_span,15.1456,0.8877,MASS_CLOSED_PRACTICAL_CONSTRAINT_FAILURE,finite_closure_exceeds_practical_analysis_boundary
PAY-MESH-OEM,primary,obstructed_adverse,baseline_h80_x40,80.0,0.4,12.0,5,60,240.0,False,True,True,-0.025,1.957,4.025,False,True,0.2,14.0,False,True,False,False,,,,RELAY_FUNCTIONAL_VEHICLE_RESOURCE_FAILURE,endurance_driven_mathematical_nonclosure
PAY-MESH-OEM,primary,obstructed_adverse,baseline_h80_x40,80.0,0.4,12.0,10,10,240.0,False,True,True,-6.045,-4.034,-1.986,False,False,0.2,14.0,True,False,True,True,,3.5839,0.4318,RELAY_CONNECTIVITY_INFEASIBLE,relay_visibility_restored_but_relay_link_margin_failure
PAY-MESH-OEM,primary,obstructed_adverse,baseline_h80_x40,80.0,0.4,12.0,10,20,240.0,False,True,True,-6.045,-4.034,-1.986,False,False,0.2,14.0,True,False,True,True,,3.5839,0.4318,RELAY_CONNECTIVITY_INFEASIBLE,relay_visibility_restored_but_relay_link_margin_failure
PAY-MESH-OEM,primary,obstructed_adverse,baseline_h80_x40,80.0,0.4,12.0,10,30,240.0,False,True,True,-6.045,-4.034,-1.986,False,False,0.2,14.0,True,False,True,True,,4.7747,0.4984,RELAY_CONNECTIVITY_INFEASIBLE,relay_visibility_restored_but_relay_link_margin_failure
PAY-MESH-OEM,primary,obstructed_adverse,baseline_h80_x40,80.0,0.4,12.0,10,45,240.0,False,True,True,-6.045,-4.034,-1.986,False,False,0.2,14.0,True,False,True,False,gross_mass|rotor_diameter|vehicle_span,15.1456,0.8877,RELAY_CONNECTIVITY_INFEASIBLE,relay_visibility_restored_but_relay_link_margin_failure
PAY-MESH-OEM,primary,obstructed_adverse,baseline_h80_x40,80.0,0.4,12.0,10,60,240.0,False,True,True,-6.045,-4.034,-1.986,False,False,0.2,14.0,False,True,False,False,,,,RELAY_CONNECTIVITY_INFEASIBLE,relay_visibility_restored_but_relay_link_margin_failure
PAY-MESH-OEM,primary,obstructed_adverse,baseline_h80_x40,80.0,0.4,12.0,20,10,240.0,False,True,True,-12.065,-10.047,-8.004,False,False,0.2,14.0,True,False,True,True,,3.5839,0.4318,RELAY_CONNECTIVITY_INFEASIBLE,relay_visibility_restored_but_relay_link_margin_failure
PAY-MESH-OEM,primary,obstructed_adverse,baseline_h80_x40,80.0,0.4,12.0,20,20,240.0,False,True,True,-12.065,-10.047,-8.004,False,False,0.2,14.0,True,False,True,True,,3.5839,0.4318,RELAY_CONNECTIVITY_INFEASIBLE,relay_visibility_restored_but_relay_link_margin_failure
PAY-MESH-OEM,primary,obstructed_adverse,baseline_h80_x40,80.0,0.4,12.0,20,30,240.0,False,True,True,-12.065,-10.047,-8.004,False,False,0.2,14.0,True,False,True,True,,4.7747,0.4984,RELAY_CONNECTIVITY_INFEASIBLE,relay_visibility_restored_but_relay_link_margin_failure
PAY-MESH-OEM,primary,obstructed_adverse,baseline_h80_x40,80.0,0.4,12.0,20,45,240.0,False,True,True,-12.065,-10.047,-8.004,False,False,0.2,14.0,True,False,True,False,gross_mass|rotor_diameter|vehicle_span,15.1456,0.8877,RELAY_CONNECTIVITY_INFEASIBLE,relay_visibility_restored_but_relay_link_margin_failure
PAY-MESH-OEM,primary,obstructed_adverse,baseline_h80_x40,80.0,0.4,12.0,20,60,240.0,False,True,True,-12.065,-10.047,-8.004,False,False,0.2,14.0,False,True,False,False,,,,RELAY_CONNECTIVITY_INFEASIBLE,relay_visibility_restored_but_relay_link_margin_failure
PAY-MESH-OEM,primary,obstructed_adverse,baseline_h80_x40,80.0,0.4,12.0,30,10,240.0,False,True,True,-15.587,-13.567,-11.525,False,False,0.2,14.0,True,False,True,True,,3.5839,0.4318,RELAY_CONNECTIVITY_INFEASIBLE,relay_visibility_restored_but_relay_link_margin_failure
PAY-MESH-OEM,primary,obstructed_adverse,baseline_h80_x40,80.0,0.4,12.0,30,20,240.0,False,True,True,-15.587,-13.567,-11.525,False,False,0.2,14.0,True,False,True,True,,3.5839,0.4318,RELAY_CONNECTIVITY_INFEASIBLE,relay_visibility_restored_but_relay_link_margin_failure
PAY-MESH-OEM,primary,obstructed_adverse,baseline_h80_x40,80.0,0.4,12.0,30,30,240.0,False,True,True,-15.587,-13.567,-11.525,False,False,0.2,14.0,True,False,True,True,,4.7747,0.4984,RELAY_CONNECTIVITY_INFEASIBLE,relay_visibility_restored_but_relay_link_margin_failure
PAY-MESH-OEM,primary,obstructed_adverse,baseline_h80_x40,80.0,0.4,12.0,30,45,240.0,False,True,True,-15.587,-13.567,-11.525,False,False,0.2,14.0,True,False,True,False,gross_mass|rotor_diameter|vehicle_span,15.1456,0.8877,RELAY_CONNECTIVITY_INFEASIBLE,relay_visibility_restored_but_relay_link_margin_failure
PAY-MESH-OEM,primary,obstructed_adverse,baseline_h80_x40,80.0,0.4,12.0,30,60,240.0,False,True,True,-15.587,-13.567,-11.525,False,False,0.2,14.0,False,True,False,False,,,,RELAY_CONNECTIVITY_INFEASIBLE,relay_visibility_restored_but_relay_link_margin_failure
PAY-MESH-OEM,primary,obstructed_adverse,baseline_h80_x40,80.0,0.4,12.0,40,10,240.0,False,True,True,-18.085,-16.065,-14.024,False,False,0.2,14.0,True,False,True,True,,3.5839,0.4318,RELAY_CONNECTIVITY_INFEASIBLE,relay_visibility_restored_but_relay_link_margin_failure
PAY-MESH-OEM,primary,obstructed_adverse,baseline_h80_x40,80.0,0.4,12.0,40,20,240.0,False,True,True,-18.085,-16.065,-14.024,False,False,0.2,14.0,True,False,True,True,,3.5839,0.4318,RELAY_CONNECTIVITY_INFEASIBLE,relay_visibility_restored_but_relay_link_margin_failure
PAY-MESH-OEM,primary,obstructed_adverse,baseline_h80_x40,80.0,0.4,12.0,40,30,240.0,False,True,True,-18.085,-16.065,-14.024,False,False,0.2,14.0,True,False,True,True,,4.7747,0.4984,RELAY_CONNECTIVITY_INFEASIBLE,relay_visibility_restored_but_relay_link_margin_failure
PAY-MESH-OEM,primary,obstructed_adverse,baseline_h80_x40,80.0,0.4,12.0,40,45,240.0,False,True,True,-18.085,-16.065,-14.024,False,False,0.2,14.0,True,False,True,False,gross_mass|rotor_diameter|vehicle_span,15.1456,0.8877,RELAY_CONNECTIVITY_INFEASIBLE,relay_visibility_restored_but_relay_link_margin_failure
PAY-MESH-OEM,primary,obstructed_adverse,baseline_h80_x40,80.0,0.4,12.0,40,60,240.0,False,True,True,-18.085,-16.065,-14.024,False,False,0.2,14.0,False,True,False,False,,,,RELAY_CONNECTIVITY_INFEASIBLE,relay_visibility_restored_but_relay_link_margin_failure
PAY-MESH-OEM,primary,obstructed_adverse,baseline_h80_x40,80.0,0.4,12.0,60,10,240.0,False,True,True,-21.607,-19.587,-17.546,False,False,0.2,14.0,True,False,True,True,,3.5839,0.4318,RELAY_CONNECTIVITY_INFEASIBLE,relay_visibility_restored_but_relay_link_margin_failure
PAY-MESH-OEM,primary,obstructed_adverse,baseline_h80_x40,80.0,0.4,12.0,60,20,240.0,False,True,True,-21.607,-19.587,-17.546,False,False,0.2,14.0,True,False,True,True,,3.5839,0.4318,RELAY_CONNECTIVITY_INFEASIBLE,relay_visibility_restored_but_relay_link_margin_failure
PAY-MESH-OEM,primary,obstructed_adverse,baseline_h80_x40,80.0,0.4,12.0,60,30,240.0,False,True,True,-21.607,-19.587,-17.546,False,False,0.2,14.0,True,False,True,True,,4.7747,0.4984,RELAY_CONNECTIVITY_INFEASIBLE,relay_visibility_restored_but_relay_link_margin_failure
PAY-MESH-OEM,primary,obstructed_adverse,baseline_h80_x40,80.0,0.4,12.0,60,45,240.0,False,True,True,-21.607,-19.587,-17.546,False,False,0.2,14.0,True,False,True,False,gross_mass|rotor_diameter|vehicle_span,15.1456,0.8877,RELAY_CONNECTIVITY_INFEASIBLE,relay_visibility_restored_but_relay_link_margin_failure
PAY-MESH-OEM,primary,obstructed_adverse,baseline_h80_x40,80.0,0.4,12.0,60,60,240.0,False,True,True,-21.607,-19.587,-17.546,False,False,0.2,14.0,False,True,False,False,,,,RELAY_CONNECTIVITY_INFEASIBLE,relay_visibility_restored_but_relay_link_margin_failure
PAY-MESH-OEM,primary,obstruction_sensitivity_h60_x40,h60_x40,60.0,0.4,0.0,5,10,60.0,False,False,True,11.975,13.994,16.037,False,False,0.2,14.0,True,False,True,True,,3.5839,0.4318,RELAY_CONNECTIVITY_INFEASIBLE,relay_visibility_failure
PAY-MESH-OEM,primary,obstruction_sensitivity_h60_x40,h60_x40,60.0,0.4,0.0,5,20,60.0,False,False,True,11.975,13.994,16.037,False,False,0.2,14.0,True,False,True,True,,3.5839,0.4318,RELAY_CONNECTIVITY_INFEASIBLE,relay_visibility_failure
PAY-MESH-OEM,primary,obstruction_sensitivity_h60_x40,h60_x40,60.0,0.4,0.0,5,30,60.0,False,False,True,11.975,13.994,16.037,False,False,0.2,14.0,True,False,True,True,,4.7747,0.4984,RELAY_CONNECTIVITY_INFEASIBLE,relay_visibility_failure
PAY-MESH-OEM,primary,obstruction_sensitivity_h60_x40,h60_x40,60.0,0.4,0.0,5,45,60.0,False,False,True,11.975,13.994,16.037,False,False,0.2,14.0,True,False,True,False,gross_mass|rotor_diameter|vehicle_span,15.1456,0.8877,RELAY_CONNECTIVITY_INFEASIBLE,relay_visibility_failure
PAY-MESH-OEM,primary,obstruction_sensitivity_h60_x40,h60_x40,60.0,0.4,0.0,5,60,60.0,False,False,True,11.975,13.994,16.037,False,False,0.2,14.0,False,True,False,False,,,,RELAY_CONNECTIVITY_INFEASIBLE,relay_visibility_failure
PAY-MESH-OEM,primary,obstruction_sensitivity_h60_x40,h60_x40,60.0,0.4,0.0,10,10,60.0,False,False,True,5.955,7.976,10.017,False,False,0.2,14.0,True,False,True,True,,3.5839,0.4318,RELAY_CONNECTIVITY_INFEASIBLE,relay_visibility_failure
PAY-MESH-OEM,primary,obstruction_sensitivity_h60_x40,h60_x40,60.0,0.4,0.0,10,20,60.0,False,False,True,5.955,7.976,10.017,False,False,0.2,14.0,True,False,True,True,,3.5839,0.4318,RELAY_CONNECTIVITY_INFEASIBLE,relay_visibility_failure
PAY-MESH-OEM,primary,obstruction_sensitivity_h60_x40,h60_x40,60.0,0.4,0.0,10,30,60.0,False,False,True,5.955,7.976,10.017,False,False,0.2,14.0,True,False,True,True,,4.7747,0.4984,RELAY_CONNECTIVITY_INFEASIBLE,relay_visibility_failure
PAY-MESH-OEM,primary,obstruction_sensitivity_h60_x40,h60_x40,60.0,0.4,0.0,10,45,60.0,False,False,True,5.955,7.976,10.017,False,False,0.2,14.0,True,False,True,False,gross_mass|rotor_diameter|vehicle_span,15.1456,0.8877,RELAY_CONNECTIVITY_INFEASIBLE,relay_visibility_failure
PAY-MESH-OEM,primary,obstruction_sensitivity_h60_x40,h60_x40,60.0,0.4,0.0,10,60,60.0,False,False,True,5.955,7.976,10.017,False,False,0.2,14.0,False,True,False,False,,,,RELAY_CONNECTIVITY_INFEASIBLE,relay_visibility_failure
PAY-MESH-OEM,primary,obstruction_sensitivity_h60_x40,h60_x40,60.0,0.4,0.0,20,10,60.0,False,False,True,-0.065,1.956,3.997,False,False,0.2,14.0,True,False,True,True,,3.5839,0.4318,RELAY_CONNECTIVITY_INFEASIBLE,relay_visibility_failure
PAY-MESH-OEM,primary,obstruction_sensitivity_h60_x40,h60_x40,60.0,0.4,0.0,20,20,60.0,False,False,True,-0.065,1.956,3.997,False,False,0.2,14.0,True,False,True,True,,3.5839,0.4318,RELAY_CONNECTIVITY_INFEASIBLE,relay_visibility_failure
PAY-MESH-OEM,primary,obstruction_sensitivity_h60_x40,h60_x40,60.0,0.4,0.0,20,30,60.0,False,False,True,-0.065,1.956,3.997,False,False,0.2,14.0,True,False,True,True,,4.7747,0.4984,RELAY_CONNECTIVITY_INFEASIBLE,relay_visibility_failure
PAY-MESH-OEM,primary,obstruction_sensitivity_h60_x40,h60_x40,60.0,0.4,0.0,20,45,60.0,False,False,True,-0.065,1.956,3.997,False,False,0.2,14.0,True,False,True,False,gross_mass|rotor_diameter|vehicle_span,15.1456,0.8877,RELAY_CONNECTIVITY_INFEASIBLE,relay_visibility_failure
PAY-MESH-OEM,primary,obstruction_sensitivity_h60_x40,h60_x40,60.0,0.4,0.0,20,60,60.0,False,False,True,-0.065,1.956,3.997,False,False,0.2,14.0,False,True,False,False,,,,RELAY_CONNECTIVITY_INFEASIBLE,relay_visibility_failure
PAY-MESH-OEM,primary,obstruction_sensitivity_h60_x40,h60_x40,60.0,0.4,0.0,30,10,60.0,False,False,True,-3.587,-1.566,0.475,False,False,0.2,14.0,True,False,True,True,,3.5839,0.4318,RELAY_CONNECTIVITY_INFEASIBLE,relay_visibility_failure
PAY-MESH-OEM,primary,obstruction_sensitivity_h60_x40,h60_x40,60.0,0.4,0.0,30,20,60.0,False,False,True,-3.587,-1.566,0.475,False,False,0.2,14.0,True,False,True,True,,3.5839,0.4318,RELAY_CONNECTIVITY_INFEASIBLE,relay_visibility_failure
PAY-MESH-OEM,primary,obstruction_sensitivity_h60_x40,h60_x40,60.0,0.4,0.0,30,30,60.0,False,False,True,-3.587,-1.566,0.475,False,False,0.2,14.0,True,False,True,True,,4.7747,0.4984,RELAY_CONNECTIVITY_INFEASIBLE,relay_visibility_failure
PAY-MESH-OEM,primary,obstruction_sensitivity_h60_x40,h60_x40,60.0,0.4,0.0,30,45,60.0,False,False,True,-3.587,-1.566,0.475,False,False,0.2,14.0,True,False,True,False,gross_mass|rotor_diameter|vehicle_span,15.1456,0.8877,RELAY_CONNECTIVITY_INFEASIBLE,relay_visibility_failure
PAY-MESH-OEM,primary,obstruction_sensitivity_h60_x40,h60_x40,60.0,0.4,0.0,30,60,60.0,False,False,True,-3.587,-1.566,0.475,False,False,0.2,14.0,False,True,False,False,,,,RELAY_CONNECTIVITY_INFEASIBLE,relay_visibility_failure
PAY-MESH-OEM,primary,obstruction_sensitivity_h60_x40,h60_x40,60.0,0.4,0.0,40,10,60.0,False,False,True,-6.085,-4.065,-2.024,False,False,0.2,14.0,True,False,True,True,,3.5839,0.4318,RELAY_CONNECTIVITY_INFEASIBLE,relay_visibility_failure
PAY-MESH-OEM,primary,obstruction_sensitivity_h60_x40,h60_x40,60.0,0.4,0.0,40,20,60.0,False,False,True,-6.085,-4.065,-2.024,False,False,0.2,14.0,True,False,True,True,,3.5839,0.4318,RELAY_CONNECTIVITY_INFEASIBLE,relay_visibility_failure
PAY-MESH-OEM,primary,obstruction_sensitivity_h60_x40,h60_x40,60.0,0.4,0.0,40,30,60.0,False,False,True,-6.085,-4.065,-2.024,False,False,0.2,14.0,True,False,True,True,,4.7747,0.4984,RELAY_CONNECTIVITY_INFEASIBLE,relay_visibility_failure
PAY-MESH-OEM,primary,obstruction_sensitivity_h60_x40,h60_x40,60.0,0.4,0.0,40,45,60.0,False,False,True,-6.085,-4.065,-2.024,False,False,0.2,14.0,True,False,True,False,gross_mass|rotor_diameter|vehicle_span,15.1456,0.8877,RELAY_CONNECTIVITY_INFEASIBLE,relay_visibility_failure
PAY-MESH-OEM,primary,obstruction_sensitivity_h60_x40,h60_x40,60.0,0.4,0.0,40,60,60.0,False,False,True,-6.085,-4.065,-2.024,False,False,0.2,14.0,False,True,False,False,,,,RELAY_CONNECTIVITY_INFEASIBLE,relay_visibility_failure
PAY-MESH-OEM,primary,obstruction_sensitivity_h60_x40,h60_x40,60.0,0.4,0.0,60,10,60.0,False,False,True,-9.607,-7.587,-5.545,False,False,0.2,14.0,True,False,True,True,,3.5839,0.4318,RELAY_CONNECTIVITY_INFEASIBLE,relay_visibility_failure
PAY-MESH-OEM,primary,obstruction_sensitivity_h60_x40,h60_x40,60.0,0.4,0.0,60,20,60.0,False,False,True,-9.607,-7.587,-5.545,False,False,0.2,14.0,True,False,True,True,,3.5839,0.4318,RELAY_CONNECTIVITY_INFEASIBLE,relay_visibility_failure
PAY-MESH-OEM,primary,obstruction_sensitivity_h60_x40,h60_x40,60.0,0.4,0.0,60,30,60.0,False,False,True,-9.607,-7.587,-5.545,False,False,0.2,14.0,True,False,True,True,,4.7747,0.4984,RELAY_CONNECTIVITY_INFEASIBLE,relay_visibility_failure
PAY-MESH-OEM,primary,obstruction_sensitivity_h60_x40,h60_x40,60.0,0.4,0.0,60,45,60.0,False,False,True,-9.607,-7.587,-5.545,False,False,0.2,14.0,True,False,True,False,gross_mass|rotor_diameter|vehicle_span,15.1456,0.8877,RELAY_CONNECTIVITY_INFEASIBLE,relay_visibility_failure
PAY-MESH-OEM,primary,obstruction_sensitivity_h60_x40,h60_x40,60.0,0.4,0.0,60,60,60.0,False,False,True,-9.607,-7.587,-5.545,False,False,0.2,14.0,False,True,False,False,,,,RELAY_CONNECTIVITY_INFEASIBLE,relay_visibility_failure
PAY-MESH-OEM,primary,obstruction_sensitivity_h60_x40,h60_x40,60.0,0.4,0.0,5,10,120.0,False,True,True,11.975,13.987,16.038,False,True,0.2,14.0,True,False,True,True,,3.5839,0.4318,RELAY_BENEFICIAL_AND_FEASIBLE,direct_visibility_loss_relay_visibility_restoration
PAY-MESH-OEM,primary,obstruction_sensitivity_h60_x40,h60_x40,60.0,0.4,0.0,5,20,120.0,False,True,True,11.975,13.987,16.038,False,True,0.2,14.0,True,False,True,True,,3.5839,0.4318,RELAY_BENEFICIAL_AND_FEASIBLE,direct_visibility_loss_relay_visibility_restoration
PAY-MESH-OEM,primary,obstruction_sensitivity_h60_x40,h60_x40,60.0,0.4,0.0,5,30,120.0,False,True,True,11.975,13.987,16.038,False,True,0.2,14.0,True,False,True,True,,4.7747,0.4984,RELAY_BENEFICIAL_AND_FEASIBLE,direct_visibility_loss_relay_visibility_restoration
PAY-MESH-OEM,primary,obstruction_sensitivity_h60_x40,h60_x40,60.0,0.4,0.0,5,45,120.0,False,True,True,11.975,13.987,16.038,False,True,0.2,14.0,True,False,True,False,gross_mass|rotor_diameter|vehicle_span,15.1456,0.8877,MASS_CLOSED_PRACTICAL_CONSTRAINT_FAILURE,finite_closure_exceeds_practical_analysis_boundary
PAY-MESH-OEM,primary,obstruction_sensitivity_h60_x40,h60_x40,60.0,0.4,0.0,5,60,120.0,False,True,True,11.975,13.987,16.038,False,True,0.2,14.0,False,True,False,False,,,,RELAY_FUNCTIONAL_VEHICLE_RESOURCE_FAILURE,endurance_driven_mathematical_nonclosure
PAY-MESH-OEM,primary,obstruction_sensitivity_h60_x40,h60_x40,60.0,0.4,0.0,10,10,120.0,False,True,True,5.955,7.974,10.018,False,True,0.2,14.0,True,False,True,True,,3.5839,0.4318,RELAY_BENEFICIAL_AND_FEASIBLE,direct_visibility_loss_relay_visibility_restoration
PAY-MESH-OEM,primary,obstruction_sensitivity_h60_x40,h60_x40,60.0,0.4,0.0,10,20,120.0,False,True,True,5.955,7.974,10.018,False,True,0.2,14.0,True,False,True,True,,3.5839,0.4318,RELAY_BENEFICIAL_AND_FEASIBLE,direct_visibility_loss_relay_visibility_restoration
PAY-MESH-OEM,primary,obstruction_sensitivity_h60_x40,h60_x40,60.0,0.4,0.0,10,30,120.0,False,True,True,5.955,7.974,10.018,False,True,0.2,14.0,True,False,True,True,,4.7747,0.4984,RELAY_BENEFICIAL_AND_FEASIBLE,direct_visibility_loss_relay_visibility_restoration
PAY-MESH-OEM,primary,obstruction_sensitivity_h60_x40,h60_x40,60.0,0.4,0.0,10,45,120.0,False,True,True,5.955,7.974,10.018,False,True,0.2,14.0,True,False,True,False,gross_mass|rotor_diameter|vehicle_span,15.1456,0.8877,MASS_CLOSED_PRACTICAL_CONSTRAINT_FAILURE,finite_closure_exceeds_practical_analysis_boundary
PAY-MESH-OEM,primary,obstruction_sensitivity_h60_x40,h60_x40,60.0,0.4,0.0,10,60,120.0,False,True,True,5.955,7.974,10.018,False,True,0.2,14.0,False,True,False,False,,,,RELAY_FUNCTIONAL_VEHICLE_RESOURCE_FAILURE,endurance_driven_mathematical_nonclosure
PAY-MESH-OEM,primary,obstruction_sensitivity_h60_x40,h60_x40,60.0,0.4,0.0,20,10,120.0,False,True,True,-0.065,1.955,3.997,False,True,0.2,14.0,True,False,True,True,,3.5839,0.4318,RELAY_BENEFICIAL_AND_FEASIBLE,direct_visibility_loss_relay_visibility_restoration
PAY-MESH-OEM,primary,obstruction_sensitivity_h60_x40,h60_x40,60.0,0.4,0.0,20,20,120.0,False,True,True,-0.065,1.955,3.997,False,True,0.2,14.0,True,False,True,True,,3.5839,0.4318,RELAY_BENEFICIAL_AND_FEASIBLE,direct_visibility_loss_relay_visibility_restoration
PAY-MESH-OEM,primary,obstruction_sensitivity_h60_x40,h60_x40,60.0,0.4,0.0,20,30,120.0,False,True,True,-0.065,1.955,3.997,False,True,0.2,14.0,True,False,True,True,,4.7747,0.4984,RELAY_BENEFICIAL_AND_FEASIBLE,direct_visibility_loss_relay_visibility_restoration
PAY-MESH-OEM,primary,obstruction_sensitivity_h60_x40,h60_x40,60.0,0.4,0.0,20,45,120.0,False,True,True,-0.065,1.955,3.997,False,True,0.2,14.0,True,False,True,False,gross_mass|rotor_diameter|vehicle_span,15.1456,0.8877,MASS_CLOSED_PRACTICAL_CONSTRAINT_FAILURE,finite_closure_exceeds_practical_analysis_boundary
PAY-MESH-OEM,primary,obstruction_sensitivity_h60_x40,h60_x40,60.0,0.4,0.0,20,60,120.0,False,True,True,-0.065,1.955,3.997,False,True,0.2,14.0,False,True,False,False,,,,RELAY_FUNCTIONAL_VEHICLE_RESOURCE_FAILURE,endurance_driven_mathematical_nonclosure
PAY-MESH-OEM,primary,obstruction_sensitivity_h60_x40,h60_x40,60.0,0.4,0.0,30,10,120.0,False,True,True,-3.587,-1.566,0.475,False,False,0.2,14.0,True,False,True,True,,3.5839,0.4318,RELAY_CONNECTIVITY_INFEASIBLE,relay_visibility_restored_but_relay_link_margin_failure
PAY-MESH-OEM,primary,obstruction_sensitivity_h60_x40,h60_x40,60.0,0.4,0.0,30,20,120.0,False,True,True,-3.587,-1.566,0.475,False,False,0.2,14.0,True,False,True,True,,3.5839,0.4318,RELAY_CONNECTIVITY_INFEASIBLE,relay_visibility_restored_but_relay_link_margin_failure
PAY-MESH-OEM,primary,obstruction_sensitivity_h60_x40,h60_x40,60.0,0.4,0.0,30,30,120.0,False,True,True,-3.587,-1.566,0.475,False,False,0.2,14.0,True,False,True,True,,4.7747,0.4984,RELAY_CONNECTIVITY_INFEASIBLE,relay_visibility_restored_but_relay_link_margin_failure
PAY-MESH-OEM,primary,obstruction_sensitivity_h60_x40,h60_x40,60.0,0.4,0.0,30,45,120.0,False,True,True,-3.587,-1.566,0.475,False,False,0.2,14.0,True,False,True,False,gross_mass|rotor_diameter|vehicle_span,15.1456,0.8877,RELAY_CONNECTIVITY_INFEASIBLE,relay_visibility_restored_but_relay_link_margin_failure
PAY-MESH-OEM,primary,obstruction_sensitivity_h60_x40,h60_x40,60.0,0.4,0.0,30,60,120.0,False,True,True,-3.587,-1.566,0.475,False,False,0.2,14.0,False,True,False,False,,,,RELAY_CONNECTIVITY_INFEASIBLE,relay_visibility_restored_but_relay_link_margin_failure
PAY-MESH-OEM,primary,obstruction_sensitivity_h60_x40,h60_x40,60.0,0.4,0.0,40,10,120.0,False,True,True,-6.085,-4.065,-2.024,False,False,0.2,14.0,True,False,True,True,,3.5839,0.4318,RELAY_CONNECTIVITY_INFEASIBLE,relay_visibility_restored_but_relay_link_margin_failure
PAY-MESH-OEM,primary,obstruction_sensitivity_h60_x40,h60_x40,60.0,0.4,0.0,40,20,120.0,False,True,True,-6.085,-4.065,-2.024,False,False,0.2,14.0,True,False,True,True,,3.5839,0.4318,RELAY_CONNECTIVITY_INFEASIBLE,relay_visibility_restored_but_relay_link_margin_failure
PAY-MESH-OEM,primary,obstruction_sensitivity_h60_x40,h60_x40,60.0,0.4,0.0,40,30,120.0,False,True,True,-6.085,-4.065,-2.024,False,False,0.2,14.0,True,False,True,True,,4.7747,0.4984,RELAY_CONNECTIVITY_INFEASIBLE,relay_visibility_restored_but_relay_link_margin_failure
PAY-MESH-OEM,primary,obstruction_sensitivity_h60_x40,h60_x40,60.0,0.4,0.0,40,45,120.0,False,True,True,-6.085,-4.065,-2.024,False,False,0.2,14.0,True,False,True,False,gross_mass|rotor_diameter|vehicle_span,15.1456,0.8877,RELAY_CONNECTIVITY_INFEASIBLE,relay_visibility_restored_but_relay_link_margin_failure
PAY-MESH-OEM,primary,obstruction_sensitivity_h60_x40,h60_x40,60.0,0.4,0.0,40,60,120.0,False,True,True,-6.085,-4.065,-2.024,False,False,0.2,14.0,False,True,False,False,,,,RELAY_CONNECTIVITY_INFEASIBLE,relay_visibility_restored_but_relay_link_margin_failure
PAY-MESH-OEM,primary,obstruction_sensitivity_h60_x40,h60_x40,60.0,0.4,0.0,60,10,120.0,False,True,True,-9.607,-7.587,-5.545,False,False,0.2,14.0,True,False,True,True,,3.5839,0.4318,RELAY_CONNECTIVITY_INFEASIBLE,relay_visibility_restored_but_relay_link_margin_failure
PAY-MESH-OEM,primary,obstruction_sensitivity_h60_x40,h60_x40,60.0,0.4,0.0,60,20,120.0,False,True,True,-9.607,-7.587,-5.545,False,False,0.2,14.0,True,False,True,True,,3.5839,0.4318,RELAY_CONNECTIVITY_INFEASIBLE,relay_visibility_restored_but_relay_link_margin_failure
PAY-MESH-OEM,primary,obstruction_sensitivity_h60_x40,h60_x40,60.0,0.4,0.0,60,30,120.0,False,True,True,-9.607,-7.587,-5.545,False,False,0.2,14.0,True,False,True,True,,4.7747,0.4984,RELAY_CONNECTIVITY_INFEASIBLE,relay_visibility_restored_but_relay_link_margin_failure
PAY-MESH-OEM,primary,obstruction_sensitivity_h60_x40,h60_x40,60.0,0.4,0.0,60,45,120.0,False,True,True,-9.607,-7.587,-5.545,False,False,0.2,14.0,True,False,True,False,gross_mass|rotor_diameter|vehicle_span,15.1456,0.8877,RELAY_CONNECTIVITY_INFEASIBLE,relay_visibility_restored_but_relay_link_margin_failure
PAY-MESH-OEM,primary,obstruction_sensitivity_h60_x40,h60_x40,60.0,0.4,0.0,60,60,120.0,False,True,True,-9.607,-7.587,-5.545,False,False,0.2,14.0,False,True,False,False,,,,RELAY_CONNECTIVITY_INFEASIBLE,relay_visibility_restored_but_relay_link_margin_failure
PAY-MESH-OEM,primary,obstruction_sensitivity_h60_x40,h60_x40,60.0,0.4,0.0,5,10,240.0,False,True,True,11.975,13.957,16.025,False,True,0.2,14.0,True,False,True,True,,3.5839,0.4318,RELAY_BENEFICIAL_AND_FEASIBLE,direct_visibility_loss_relay_visibility_restoration
PAY-MESH-OEM,primary,obstruction_sensitivity_h60_x40,h60_x40,60.0,0.4,0.0,5,20,240.0,False,True,True,11.975,13.957,16.025,False,True,0.2,14.0,True,False,True,True,,3.5839,0.4318,RELAY_BENEFICIAL_AND_FEASIBLE,direct_visibility_loss_relay_visibility_restoration
PAY-MESH-OEM,primary,obstruction_sensitivity_h60_x40,h60_x40,60.0,0.4,0.0,5,30,240.0,False,True,True,11.975,13.957,16.025,False,True,0.2,14.0,True,False,True,True,,4.7747,0.4984,RELAY_BENEFICIAL_AND_FEASIBLE,direct_visibility_loss_relay_visibility_restoration
PAY-MESH-OEM,primary,obstruction_sensitivity_h60_x40,h60_x40,60.0,0.4,0.0,5,45,240.0,False,True,True,11.975,13.957,16.025,False,True,0.2,14.0,True,False,True,False,gross_mass|rotor_diameter|vehicle_span,15.1456,0.8877,MASS_CLOSED_PRACTICAL_CONSTRAINT_FAILURE,finite_closure_exceeds_practical_analysis_boundary
PAY-MESH-OEM,primary,obstruction_sensitivity_h60_x40,h60_x40,60.0,0.4,0.0,5,60,240.0,False,True,True,11.975,13.957,16.025,False,True,0.2,14.0,False,True,False,False,,,,RELAY_FUNCTIONAL_VEHICLE_RESOURCE_FAILURE,endurance_driven_mathematical_nonclosure
PAY-MESH-OEM,primary,obstruction_sensitivity_h60_x40,h60_x40,60.0,0.4,0.0,10,10,240.0,False,True,True,5.955,7.966,10.014,False,True,0.2,14.0,True,False,True,True,,3.5839,0.4318,RELAY_BENEFICIAL_AND_FEASIBLE,direct_visibility_loss_relay_visibility_restoration
PAY-MESH-OEM,primary,obstruction_sensitivity_h60_x40,h60_x40,60.0,0.4,0.0,10,20,240.0,False,True,True,5.955,7.966,10.014,False,True,0.2,14.0,True,False,True,True,,3.5839,0.4318,RELAY_BENEFICIAL_AND_FEASIBLE,direct_visibility_loss_relay_visibility_restoration
PAY-MESH-OEM,primary,obstruction_sensitivity_h60_x40,h60_x40,60.0,0.4,0.0,10,30,240.0,False,True,True,5.955,7.966,10.014,False,True,0.2,14.0,True,False,True,True,,4.7747,0.4984,RELAY_BENEFICIAL_AND_FEASIBLE,direct_visibility_loss_relay_visibility_restoration
PAY-MESH-OEM,primary,obstruction_sensitivity_h60_x40,h60_x40,60.0,0.4,0.0,10,45,240.0,False,True,True,5.955,7.966,10.014,False,True,0.2,14.0,True,False,True,False,gross_mass|rotor_diameter|vehicle_span,15.1456,0.8877,MASS_CLOSED_PRACTICAL_CONSTRAINT_FAILURE,finite_closure_exceeds_practical_analysis_boundary
PAY-MESH-OEM,primary,obstruction_sensitivity_h60_x40,h60_x40,60.0,0.4,0.0,10,60,240.0,False,True,True,5.955,7.966,10.014,False,True,0.2,14.0,False,True,False,False,,,,RELAY_FUNCTIONAL_VEHICLE_RESOURCE_FAILURE,endurance_driven_mathematical_nonclosure
PAY-MESH-OEM,primary,obstruction_sensitivity_h60_x40,h60_x40,60.0,0.4,0.0,20,10,240.0,False,True,True,-0.065,1.953,3.996,False,True,0.2,14.0,True,False,True,True,,3.5839,0.4318,RELAY_BENEFICIAL_AND_FEASIBLE,direct_visibility_loss_relay_visibility_restoration
PAY-MESH-OEM,primary,obstruction_sensitivity_h60_x40,h60_x40,60.0,0.4,0.0,20,20,240.0,False,True,True,-0.065,1.953,3.996,False,True,0.2,14.0,True,False,True,True,,3.5839,0.4318,RELAY_BENEFICIAL_AND_FEASIBLE,direct_visibility_loss_relay_visibility_restoration
PAY-MESH-OEM,primary,obstruction_sensitivity_h60_x40,h60_x40,60.0,0.4,0.0,20,30,240.0,False,True,True,-0.065,1.953,3.996,False,True,0.2,14.0,True,False,True,True,,4.7747,0.4984,RELAY_BENEFICIAL_AND_FEASIBLE,direct_visibility_loss_relay_visibility_restoration
PAY-MESH-OEM,primary,obstruction_sensitivity_h60_x40,h60_x40,60.0,0.4,0.0,20,45,240.0,False,True,True,-0.065,1.953,3.996,False,True,0.2,14.0,True,False,True,False,gross_mass|rotor_diameter|vehicle_span,15.1456,0.8877,MASS_CLOSED_PRACTICAL_CONSTRAINT_FAILURE,finite_closure_exceeds_practical_analysis_boundary
PAY-MESH-OEM,primary,obstruction_sensitivity_h60_x40,h60_x40,60.0,0.4,0.0,20,60,240.0,False,True,True,-0.065,1.953,3.996,False,True,0.2,14.0,False,True,False,False,,,,RELAY_FUNCTIONAL_VEHICLE_RESOURCE_FAILURE,endurance_driven_mathematical_nonclosure
PAY-MESH-OEM,primary,obstruction_sensitivity_h60_x40,h60_x40,60.0,0.4,0.0,30,10,240.0,False,True,True,-3.587,-1.567,0.475,False,False,0.2,14.0,True,False,True,True,,3.5839,0.4318,RELAY_CONNECTIVITY_INFEASIBLE,relay_visibility_restored_but_relay_link_margin_failure
PAY-MESH-OEM,primary,obstruction_sensitivity_h60_x40,h60_x40,60.0,0.4,0.0,30,20,240.0,False,True,True,-3.587,-1.567,0.475,False,False,0.2,14.0,True,False,True,True,,3.5839,0.4318,RELAY_CONNECTIVITY_INFEASIBLE,relay_visibility_restored_but_relay_link_margin_failure
PAY-MESH-OEM,primary,obstruction_sensitivity_h60_x40,h60_x40,60.0,0.4,0.0,30,30,240.0,False,True,True,-3.587,-1.567,0.475,False,False,0.2,14.0,True,False,True,True,,4.7747,0.4984,RELAY_CONNECTIVITY_INFEASIBLE,relay_visibility_restored_but_relay_link_margin_failure
PAY-MESH-OEM,primary,obstruction_sensitivity_h60_x40,h60_x40,60.0,0.4,0.0,30,45,240.0,False,True,True,-3.587,-1.567,0.475,False,False,0.2,14.0,True,False,True,False,gross_mass|rotor_diameter|vehicle_span,15.1456,0.8877,RELAY_CONNECTIVITY_INFEASIBLE,relay_visibility_restored_but_relay_link_margin_failure
PAY-MESH-OEM,primary,obstruction_sensitivity_h60_x40,h60_x40,60.0,0.4,0.0,30,60,240.0,False,True,True,-3.587,-1.567,0.475,False,False,0.2,14.0,False,True,False,False,,,,RELAY_CONNECTIVITY_INFEASIBLE,relay_visibility_restored_but_relay_link_margin_failure
PAY-MESH-OEM,primary,obstruction_sensitivity_h60_x40,h60_x40,60.0,0.4,0.0,40,10,240.0,False,True,True,-6.085,-4.065,-2.024,False,False,0.2,14.0,True,False,True,True,,3.5839,0.4318,RELAY_CONNECTIVITY_INFEASIBLE,relay_visibility_restored_but_relay_link_margin_failure
PAY-MESH-OEM,primary,obstruction_sensitivity_h60_x40,h60_x40,60.0,0.4,0.0,40,20,240.0,False,True,True,-6.085,-4.065,-2.024,False,False,0.2,14.0,True,False,True,True,,3.5839,0.4318,RELAY_CONNECTIVITY_INFEASIBLE,relay_visibility_restored_but_relay_link_margin_failure
PAY-MESH-OEM,primary,obstruction_sensitivity_h60_x40,h60_x40,60.0,0.4,0.0,40,30,240.0,False,True,True,-6.085,-4.065,-2.024,False,False,0.2,14.0,True,False,True,True,,4.7747,0.4984,RELAY_CONNECTIVITY_INFEASIBLE,relay_visibility_restored_but_relay_link_margin_failure
PAY-MESH-OEM,primary,obstruction_sensitivity_h60_x40,h60_x40,60.0,0.4,0.0,40,45,240.0,False,True,True,-6.085,-4.065,-2.024,False,False,0.2,14.0,True,False,True,False,gross_mass|rotor_diameter|vehicle_span,15.1456,0.8877,RELAY_CONNECTIVITY_INFEASIBLE,relay_visibility_restored_but_relay_link_margin_failure
PAY-MESH-OEM,primary,obstruction_sensitivity_h60_x40,h60_x40,60.0,0.4,0.0,40,60,240.0,False,True,True,-6.085,-4.065,-2.024,False,False,0.2,14.0,False,True,False,False,,,,RELAY_CONNECTIVITY_INFEASIBLE,relay_visibility_restored_but_relay_link_margin_failure
PAY-MESH-OEM,primary,obstruction_sensitivity_h60_x40,h60_x40,60.0,0.4,0.0,60,10,240.0,False,True,True,-9.607,-7.587,-5.546,False,False,0.2,14.0,True,False,True,True,,3.5839,0.4318,RELAY_CONNECTIVITY_INFEASIBLE,relay_visibility_restored_but_relay_link_margin_failure
PAY-MESH-OEM,primary,obstruction_sensitivity_h60_x40,h60_x40,60.0,0.4,0.0,60,20,240.0,False,True,True,-9.607,-7.587,-5.546,False,False,0.2,14.0,True,False,True,True,,3.5839,0.4318,RELAY_CONNECTIVITY_INFEASIBLE,relay_visibility_restored_but_relay_link_margin_failure
PAY-MESH-OEM,primary,obstruction_sensitivity_h60_x40,h60_x40,60.0,0.4,0.0,60,30,240.0,False,True,True,-9.607,-7.587,-5.546,False,False,0.2,14.0,True,False,True,True,,4.7747,0.4984,RELAY_CONNECTIVITY_INFEASIBLE,relay_visibility_restored_but_relay_link_margin_failure
PAY-MESH-OEM,primary,obstruction_sensitivity_h60_x40,h60_x40,60.0,0.4,0.0,60,45,240.0,False,True,True,-9.607,-7.587,-5.546,False,False,0.2,14.0,True,False,True,False,gross_mass|rotor_diameter|vehicle_span,15.1456,0.8877,RELAY_CONNECTIVITY_INFEASIBLE,relay_visibility_restored_but_relay_link_margin_failure
PAY-MESH-OEM,primary,obstruction_sensitivity_h60_x40,h60_x40,60.0,0.4,0.0,60,60,240.0,False,True,True,-9.607,-7.587,-5.546,False,False,0.2,14.0,False,True,False,False,,,,RELAY_CONNECTIVITY_INFEASIBLE,relay_visibility_restored_but_relay_link_margin_failure
PAY-MESH-OEM,primary,obstruction_sensitivity_h100_x40,h100_x40,100.0,0.4,0.0,5,10,60.0,False,False,True,11.975,13.994,16.037,False,False,0.2,14.0,True,False,True,True,,3.5839,0.4318,RELAY_CONNECTIVITY_INFEASIBLE,relay_visibility_failure
PAY-MESH-OEM,primary,obstruction_sensitivity_h100_x40,h100_x40,100.0,0.4,0.0,5,20,60.0,False,False,True,11.975,13.994,16.037,False,False,0.2,14.0,True,False,True,True,,3.5839,0.4318,RELAY_CONNECTIVITY_INFEASIBLE,relay_visibility_failure
PAY-MESH-OEM,primary,obstruction_sensitivity_h100_x40,h100_x40,100.0,0.4,0.0,5,30,60.0,False,False,True,11.975,13.994,16.037,False,False,0.2,14.0,True,False,True,True,,4.7747,0.4984,RELAY_CONNECTIVITY_INFEASIBLE,relay_visibility_failure
PAY-MESH-OEM,primary,obstruction_sensitivity_h100_x40,h100_x40,100.0,0.4,0.0,5,45,60.0,False,False,True,11.975,13.994,16.037,False,False,0.2,14.0,True,False,True,False,gross_mass|rotor_diameter|vehicle_span,15.1456,0.8877,RELAY_CONNECTIVITY_INFEASIBLE,relay_visibility_failure
PAY-MESH-OEM,primary,obstruction_sensitivity_h100_x40,h100_x40,100.0,0.4,0.0,5,60,60.0,False,False,True,11.975,13.994,16.037,False,False,0.2,14.0,False,True,False,False,,,,RELAY_CONNECTIVITY_INFEASIBLE,relay_visibility_failure
PAY-MESH-OEM,primary,obstruction_sensitivity_h100_x40,h100_x40,100.0,0.4,0.0,10,10,60.0,False,False,True,5.955,7.976,10.017,False,False,0.2,14.0,True,False,True,True,,3.5839,0.4318,RELAY_CONNECTIVITY_INFEASIBLE,relay_visibility_failure
PAY-MESH-OEM,primary,obstruction_sensitivity_h100_x40,h100_x40,100.0,0.4,0.0,10,20,60.0,False,False,True,5.955,7.976,10.017,False,False,0.2,14.0,True,False,True,True,,3.5839,0.4318,RELAY_CONNECTIVITY_INFEASIBLE,relay_visibility_failure
PAY-MESH-OEM,primary,obstruction_sensitivity_h100_x40,h100_x40,100.0,0.4,0.0,10,30,60.0,False,False,True,5.955,7.976,10.017,False,False,0.2,14.0,True,False,True,True,,4.7747,0.4984,RELAY_CONNECTIVITY_INFEASIBLE,relay_visibility_failure
PAY-MESH-OEM,primary,obstruction_sensitivity_h100_x40,h100_x40,100.0,0.4,0.0,10,45,60.0,False,False,True,5.955,7.976,10.017,False,False,0.2,14.0,True,False,True,False,gross_mass|rotor_diameter|vehicle_span,15.1456,0.8877,RELAY_CONNECTIVITY_INFEASIBLE,relay_visibility_failure
PAY-MESH-OEM,primary,obstruction_sensitivity_h100_x40,h100_x40,100.0,0.4,0.0,10,60,60.0,False,False,True,5.955,7.976,10.017,False,False,0.2,14.0,False,True,False,False,,,,RELAY_CONNECTIVITY_INFEASIBLE,relay_visibility_failure
PAY-MESH-OEM,primary,obstruction_sensitivity_h100_x40,h100_x40,100.0,0.4,0.0,20,10,60.0,False,False,True,-0.065,1.956,3.997,False,False,0.2,14.0,True,False,True,True,,3.5839,0.4318,RELAY_CONNECTIVITY_INFEASIBLE,relay_visibility_failure
PAY-MESH-OEM,primary,obstruction_sensitivity_h100_x40,h100_x40,100.0,0.4,0.0,20,20,60.0,False,False,True,-0.065,1.956,3.997,False,False,0.2,14.0,True,False,True,True,,3.5839,0.4318,RELAY_CONNECTIVITY_INFEASIBLE,relay_visibility_failure
PAY-MESH-OEM,primary,obstruction_sensitivity_h100_x40,h100_x40,100.0,0.4,0.0,20,30,60.0,False,False,True,-0.065,1.956,3.997,False,False,0.2,14.0,True,False,True,True,,4.7747,0.4984,RELAY_CONNECTIVITY_INFEASIBLE,relay_visibility_failure
PAY-MESH-OEM,primary,obstruction_sensitivity_h100_x40,h100_x40,100.0,0.4,0.0,20,45,60.0,False,False,True,-0.065,1.956,3.997,False,False,0.2,14.0,True,False,True,False,gross_mass|rotor_diameter|vehicle_span,15.1456,0.8877,RELAY_CONNECTIVITY_INFEASIBLE,relay_visibility_failure
PAY-MESH-OEM,primary,obstruction_sensitivity_h100_x40,h100_x40,100.0,0.4,0.0,20,60,60.0,False,False,True,-0.065,1.956,3.997,False,False,0.2,14.0,False,True,False,False,,,,RELAY_CONNECTIVITY_INFEASIBLE,relay_visibility_failure
PAY-MESH-OEM,primary,obstruction_sensitivity_h100_x40,h100_x40,100.0,0.4,0.0,30,10,60.0,False,False,True,-3.587,-1.566,0.475,False,False,0.2,14.0,True,False,True,True,,3.5839,0.4318,RELAY_CONNECTIVITY_INFEASIBLE,relay_visibility_failure
PAY-MESH-OEM,primary,obstruction_sensitivity_h100_x40,h100_x40,100.0,0.4,0.0,30,20,60.0,False,False,True,-3.587,-1.566,0.475,False,False,0.2,14.0,True,False,True,True,,3.5839,0.4318,RELAY_CONNECTIVITY_INFEASIBLE,relay_visibility_failure
PAY-MESH-OEM,primary,obstruction_sensitivity_h100_x40,h100_x40,100.0,0.4,0.0,30,30,60.0,False,False,True,-3.587,-1.566,0.475,False,False,0.2,14.0,True,False,True,True,,4.7747,0.4984,RELAY_CONNECTIVITY_INFEASIBLE,relay_visibility_failure
PAY-MESH-OEM,primary,obstruction_sensitivity_h100_x40,h100_x40,100.0,0.4,0.0,30,45,60.0,False,False,True,-3.587,-1.566,0.475,False,False,0.2,14.0,True,False,True,False,gross_mass|rotor_diameter|vehicle_span,15.1456,0.8877,RELAY_CONNECTIVITY_INFEASIBLE,relay_visibility_failure
PAY-MESH-OEM,primary,obstruction_sensitivity_h100_x40,h100_x40,100.0,0.4,0.0,30,60,60.0,False,False,True,-3.587,-1.566,0.475,False,False,0.2,14.0,False,True,False,False,,,,RELAY_CONNECTIVITY_INFEASIBLE,relay_visibility_failure
PAY-MESH-OEM,primary,obstruction_sensitivity_h100_x40,h100_x40,100.0,0.4,0.0,40,10,60.0,False,False,True,-6.085,-4.065,-2.024,False,False,0.2,14.0,True,False,True,True,,3.5839,0.4318,RELAY_CONNECTIVITY_INFEASIBLE,relay_visibility_failure
PAY-MESH-OEM,primary,obstruction_sensitivity_h100_x40,h100_x40,100.0,0.4,0.0,40,20,60.0,False,False,True,-6.085,-4.065,-2.024,False,False,0.2,14.0,True,False,True,True,,3.5839,0.4318,RELAY_CONNECTIVITY_INFEASIBLE,relay_visibility_failure
PAY-MESH-OEM,primary,obstruction_sensitivity_h100_x40,h100_x40,100.0,0.4,0.0,40,30,60.0,False,False,True,-6.085,-4.065,-2.024,False,False,0.2,14.0,True,False,True,True,,4.7747,0.4984,RELAY_CONNECTIVITY_INFEASIBLE,relay_visibility_failure
PAY-MESH-OEM,primary,obstruction_sensitivity_h100_x40,h100_x40,100.0,0.4,0.0,40,45,60.0,False,False,True,-6.085,-4.065,-2.024,False,False,0.2,14.0,True,False,True,False,gross_mass|rotor_diameter|vehicle_span,15.1456,0.8877,RELAY_CONNECTIVITY_INFEASIBLE,relay_visibility_failure
PAY-MESH-OEM,primary,obstruction_sensitivity_h100_x40,h100_x40,100.0,0.4,0.0,40,60,60.0,False,False,True,-6.085,-4.065,-2.024,False,False,0.2,14.0,False,True,False,False,,,,RELAY_CONNECTIVITY_INFEASIBLE,relay_visibility_failure
PAY-MESH-OEM,primary,obstruction_sensitivity_h100_x40,h100_x40,100.0,0.4,0.0,60,10,60.0,False,False,True,-9.607,-7.587,-5.545,False,False,0.2,14.0,True,False,True,True,,3.5839,0.4318,RELAY_CONNECTIVITY_INFEASIBLE,relay_visibility_failure
PAY-MESH-OEM,primary,obstruction_sensitivity_h100_x40,h100_x40,100.0,0.4,0.0,60,20,60.0,False,False,True,-9.607,-7.587,-5.545,False,False,0.2,14.0,True,False,True,True,,3.5839,0.4318,RELAY_CONNECTIVITY_INFEASIBLE,relay_visibility_failure
PAY-MESH-OEM,primary,obstruction_sensitivity_h100_x40,h100_x40,100.0,0.4,0.0,60,30,60.0,False,False,True,-9.607,-7.587,-5.545,False,False,0.2,14.0,True,False,True,True,,4.7747,0.4984,RELAY_CONNECTIVITY_INFEASIBLE,relay_visibility_failure
PAY-MESH-OEM,primary,obstruction_sensitivity_h100_x40,h100_x40,100.0,0.4,0.0,60,45,60.0,False,False,True,-9.607,-7.587,-5.545,False,False,0.2,14.0,True,False,True,False,gross_mass|rotor_diameter|vehicle_span,15.1456,0.8877,RELAY_CONNECTIVITY_INFEASIBLE,relay_visibility_failure
PAY-MESH-OEM,primary,obstruction_sensitivity_h100_x40,h100_x40,100.0,0.4,0.0,60,60,60.0,False,False,True,-9.607,-7.587,-5.545,False,False,0.2,14.0,False,True,False,False,,,,RELAY_CONNECTIVITY_INFEASIBLE,relay_visibility_failure
PAY-MESH-OEM,primary,obstruction_sensitivity_h100_x40,h100_x40,100.0,0.4,0.0,5,10,120.0,False,False,True,11.975,13.987,16.038,False,False,0.2,14.0,True,False,True,True,,3.5839,0.4318,RELAY_CONNECTIVITY_INFEASIBLE,relay_visibility_failure
PAY-MESH-OEM,primary,obstruction_sensitivity_h100_x40,h100_x40,100.0,0.4,0.0,5,20,120.0,False,False,True,11.975,13.987,16.038,False,False,0.2,14.0,True,False,True,True,,3.5839,0.4318,RELAY_CONNECTIVITY_INFEASIBLE,relay_visibility_failure
PAY-MESH-OEM,primary,obstruction_sensitivity_h100_x40,h100_x40,100.0,0.4,0.0,5,30,120.0,False,False,True,11.975,13.987,16.038,False,False,0.2,14.0,True,False,True,True,,4.7747,0.4984,RELAY_CONNECTIVITY_INFEASIBLE,relay_visibility_failure
PAY-MESH-OEM,primary,obstruction_sensitivity_h100_x40,h100_x40,100.0,0.4,0.0,5,45,120.0,False,False,True,11.975,13.987,16.038,False,False,0.2,14.0,True,False,True,False,gross_mass|rotor_diameter|vehicle_span,15.1456,0.8877,RELAY_CONNECTIVITY_INFEASIBLE,relay_visibility_failure
PAY-MESH-OEM,primary,obstruction_sensitivity_h100_x40,h100_x40,100.0,0.4,0.0,5,60,120.0,False,False,True,11.975,13.987,16.038,False,False,0.2,14.0,False,True,False,False,,,,RELAY_CONNECTIVITY_INFEASIBLE,relay_visibility_failure
PAY-MESH-OEM,primary,obstruction_sensitivity_h100_x40,h100_x40,100.0,0.4,0.0,10,10,120.0,False,False,True,5.955,7.974,10.018,False,False,0.2,14.0,True,False,True,True,,3.5839,0.4318,RELAY_CONNECTIVITY_INFEASIBLE,relay_visibility_failure
PAY-MESH-OEM,primary,obstruction_sensitivity_h100_x40,h100_x40,100.0,0.4,0.0,10,20,120.0,False,False,True,5.955,7.974,10.018,False,False,0.2,14.0,True,False,True,True,,3.5839,0.4318,RELAY_CONNECTIVITY_INFEASIBLE,relay_visibility_failure
PAY-MESH-OEM,primary,obstruction_sensitivity_h100_x40,h100_x40,100.0,0.4,0.0,10,30,120.0,False,False,True,5.955,7.974,10.018,False,False,0.2,14.0,True,False,True,True,,4.7747,0.4984,RELAY_CONNECTIVITY_INFEASIBLE,relay_visibility_failure
PAY-MESH-OEM,primary,obstruction_sensitivity_h100_x40,h100_x40,100.0,0.4,0.0,10,45,120.0,False,False,True,5.955,7.974,10.018,False,False,0.2,14.0,True,False,True,False,gross_mass|rotor_diameter|vehicle_span,15.1456,0.8877,RELAY_CONNECTIVITY_INFEASIBLE,relay_visibility_failure
PAY-MESH-OEM,primary,obstruction_sensitivity_h100_x40,h100_x40,100.0,0.4,0.0,10,60,120.0,False,False,True,5.955,7.974,10.018,False,False,0.2,14.0,False,True,False,False,,,,RELAY_CONNECTIVITY_INFEASIBLE,relay_visibility_failure
PAY-MESH-OEM,primary,obstruction_sensitivity_h100_x40,h100_x40,100.0,0.4,0.0,20,10,120.0,False,False,True,-0.065,1.955,3.997,False,False,0.2,14.0,True,False,True,True,,3.5839,0.4318,RELAY_CONNECTIVITY_INFEASIBLE,relay_visibility_failure
PAY-MESH-OEM,primary,obstruction_sensitivity_h100_x40,h100_x40,100.0,0.4,0.0,20,20,120.0,False,False,True,-0.065,1.955,3.997,False,False,0.2,14.0,True,False,True,True,,3.5839,0.4318,RELAY_CONNECTIVITY_INFEASIBLE,relay_visibility_failure
PAY-MESH-OEM,primary,obstruction_sensitivity_h100_x40,h100_x40,100.0,0.4,0.0,20,30,120.0,False,False,True,-0.065,1.955,3.997,False,False,0.2,14.0,True,False,True,True,,4.7747,0.4984,RELAY_CONNECTIVITY_INFEASIBLE,relay_visibility_failure
PAY-MESH-OEM,primary,obstruction_sensitivity_h100_x40,h100_x40,100.0,0.4,0.0,20,45,120.0,False,False,True,-0.065,1.955,3.997,False,False,0.2,14.0,True,False,True,False,gross_mass|rotor_diameter|vehicle_span,15.1456,0.8877,RELAY_CONNECTIVITY_INFEASIBLE,relay_visibility_failure
PAY-MESH-OEM,primary,obstruction_sensitivity_h100_x40,h100_x40,100.0,0.4,0.0,20,60,120.0,False,False,True,-0.065,1.955,3.997,False,False,0.2,14.0,False,True,False,False,,,,RELAY_CONNECTIVITY_INFEASIBLE,relay_visibility_failure
PAY-MESH-OEM,primary,obstruction_sensitivity_h100_x40,h100_x40,100.0,0.4,0.0,30,10,120.0,False,False,True,-3.587,-1.566,0.475,False,False,0.2,14.0,True,False,True,True,,3.5839,0.4318,RELAY_CONNECTIVITY_INFEASIBLE,relay_visibility_failure
PAY-MESH-OEM,primary,obstruction_sensitivity_h100_x40,h100_x40,100.0,0.4,0.0,30,20,120.0,False,False,True,-3.587,-1.566,0.475,False,False,0.2,14.0,True,False,True,True,,3.5839,0.4318,RELAY_CONNECTIVITY_INFEASIBLE,relay_visibility_failure
PAY-MESH-OEM,primary,obstruction_sensitivity_h100_x40,h100_x40,100.0,0.4,0.0,30,30,120.0,False,False,True,-3.587,-1.566,0.475,False,False,0.2,14.0,True,False,True,True,,4.7747,0.4984,RELAY_CONNECTIVITY_INFEASIBLE,relay_visibility_failure
PAY-MESH-OEM,primary,obstruction_sensitivity_h100_x40,h100_x40,100.0,0.4,0.0,30,45,120.0,False,False,True,-3.587,-1.566,0.475,False,False,0.2,14.0,True,False,True,False,gross_mass|rotor_diameter|vehicle_span,15.1456,0.8877,RELAY_CONNECTIVITY_INFEASIBLE,relay_visibility_failure
PAY-MESH-OEM,primary,obstruction_sensitivity_h100_x40,h100_x40,100.0,0.4,0.0,30,60,120.0,False,False,True,-3.587,-1.566,0.475,False,False,0.2,14.0,False,True,False,False,,,,RELAY_CONNECTIVITY_INFEASIBLE,relay_visibility_failure
PAY-MESH-OEM,primary,obstruction_sensitivity_h100_x40,h100_x40,100.0,0.4,0.0,40,10,120.0,False,False,True,-6.085,-4.065,-2.024,False,False,0.2,14.0,True,False,True,True,,3.5839,0.4318,RELAY_CONNECTIVITY_INFEASIBLE,relay_visibility_failure
PAY-MESH-OEM,primary,obstruction_sensitivity_h100_x40,h100_x40,100.0,0.4,0.0,40,20,120.0,False,False,True,-6.085,-4.065,-2.024,False,False,0.2,14.0,True,False,True,True,,3.5839,0.4318,RELAY_CONNECTIVITY_INFEASIBLE,relay_visibility_failure
PAY-MESH-OEM,primary,obstruction_sensitivity_h100_x40,h100_x40,100.0,0.4,0.0,40,30,120.0,False,False,True,-6.085,-4.065,-2.024,False,False,0.2,14.0,True,False,True,True,,4.7747,0.4984,RELAY_CONNECTIVITY_INFEASIBLE,relay_visibility_failure
PAY-MESH-OEM,primary,obstruction_sensitivity_h100_x40,h100_x40,100.0,0.4,0.0,40,45,120.0,False,False,True,-6.085,-4.065,-2.024,False,False,0.2,14.0,True,False,True,False,gross_mass|rotor_diameter|vehicle_span,15.1456,0.8877,RELAY_CONNECTIVITY_INFEASIBLE,relay_visibility_failure
PAY-MESH-OEM,primary,obstruction_sensitivity_h100_x40,h100_x40,100.0,0.4,0.0,40,60,120.0,False,False,True,-6.085,-4.065,-2.024,False,False,0.2,14.0,False,True,False,False,,,,RELAY_CONNECTIVITY_INFEASIBLE,relay_visibility_failure
PAY-MESH-OEM,primary,obstruction_sensitivity_h100_x40,h100_x40,100.0,0.4,0.0,60,10,120.0,False,False,True,-9.607,-7.587,-5.545,False,False,0.2,14.0,True,False,True,True,,3.5839,0.4318,RELAY_CONNECTIVITY_INFEASIBLE,relay_visibility_failure
PAY-MESH-OEM,primary,obstruction_sensitivity_h100_x40,h100_x40,100.0,0.4,0.0,60,20,120.0,False,False,True,-9.607,-7.587,-5.545,False,False,0.2,14.0,True,False,True,True,,3.5839,0.4318,RELAY_CONNECTIVITY_INFEASIBLE,relay_visibility_failure
PAY-MESH-OEM,primary,obstruction_sensitivity_h100_x40,h100_x40,100.0,0.4,0.0,60,30,120.0,False,False,True,-9.607,-7.587,-5.545,False,False,0.2,14.0,True,False,True,True,,4.7747,0.4984,RELAY_CONNECTIVITY_INFEASIBLE,relay_visibility_failure
PAY-MESH-OEM,primary,obstruction_sensitivity_h100_x40,h100_x40,100.0,0.4,0.0,60,45,120.0,False,False,True,-9.607,-7.587,-5.545,False,False,0.2,14.0,True,False,True,False,gross_mass|rotor_diameter|vehicle_span,15.1456,0.8877,RELAY_CONNECTIVITY_INFEASIBLE,relay_visibility_failure
PAY-MESH-OEM,primary,obstruction_sensitivity_h100_x40,h100_x40,100.0,0.4,0.0,60,60,120.0,False,False,True,-9.607,-7.587,-5.545,False,False,0.2,14.0,False,True,False,False,,,,RELAY_CONNECTIVITY_INFEASIBLE,relay_visibility_failure
PAY-MESH-OEM,primary,obstruction_sensitivity_h100_x40,h100_x40,100.0,0.4,0.0,5,10,240.0,False,True,True,11.975,13.957,16.025,False,True,0.2,14.0,True,False,True,True,,3.5839,0.4318,RELAY_BENEFICIAL_AND_FEASIBLE,direct_visibility_loss_relay_visibility_restoration
PAY-MESH-OEM,primary,obstruction_sensitivity_h100_x40,h100_x40,100.0,0.4,0.0,5,20,240.0,False,True,True,11.975,13.957,16.025,False,True,0.2,14.0,True,False,True,True,,3.5839,0.4318,RELAY_BENEFICIAL_AND_FEASIBLE,direct_visibility_loss_relay_visibility_restoration
PAY-MESH-OEM,primary,obstruction_sensitivity_h100_x40,h100_x40,100.0,0.4,0.0,5,30,240.0,False,True,True,11.975,13.957,16.025,False,True,0.2,14.0,True,False,True,True,,4.7747,0.4984,RELAY_BENEFICIAL_AND_FEASIBLE,direct_visibility_loss_relay_visibility_restoration
PAY-MESH-OEM,primary,obstruction_sensitivity_h100_x40,h100_x40,100.0,0.4,0.0,5,45,240.0,False,True,True,11.975,13.957,16.025,False,True,0.2,14.0,True,False,True,False,gross_mass|rotor_diameter|vehicle_span,15.1456,0.8877,MASS_CLOSED_PRACTICAL_CONSTRAINT_FAILURE,finite_closure_exceeds_practical_analysis_boundary
PAY-MESH-OEM,primary,obstruction_sensitivity_h100_x40,h100_x40,100.0,0.4,0.0,5,60,240.0,False,True,True,11.975,13.957,16.025,False,True,0.2,14.0,False,True,False,False,,,,RELAY_FUNCTIONAL_VEHICLE_RESOURCE_FAILURE,endurance_driven_mathematical_nonclosure
PAY-MESH-OEM,primary,obstruction_sensitivity_h100_x40,h100_x40,100.0,0.4,0.0,10,10,240.0,False,True,True,5.955,7.966,10.014,False,True,0.2,14.0,True,False,True,True,,3.5839,0.4318,RELAY_BENEFICIAL_AND_FEASIBLE,direct_visibility_loss_relay_visibility_restoration
PAY-MESH-OEM,primary,obstruction_sensitivity_h100_x40,h100_x40,100.0,0.4,0.0,10,20,240.0,False,True,True,5.955,7.966,10.014,False,True,0.2,14.0,True,False,True,True,,3.5839,0.4318,RELAY_BENEFICIAL_AND_FEASIBLE,direct_visibility_loss_relay_visibility_restoration
PAY-MESH-OEM,primary,obstruction_sensitivity_h100_x40,h100_x40,100.0,0.4,0.0,10,30,240.0,False,True,True,5.955,7.966,10.014,False,True,0.2,14.0,True,False,True,True,,4.7747,0.4984,RELAY_BENEFICIAL_AND_FEASIBLE,direct_visibility_loss_relay_visibility_restoration
PAY-MESH-OEM,primary,obstruction_sensitivity_h100_x40,h100_x40,100.0,0.4,0.0,10,45,240.0,False,True,True,5.955,7.966,10.014,False,True,0.2,14.0,True,False,True,False,gross_mass|rotor_diameter|vehicle_span,15.1456,0.8877,MASS_CLOSED_PRACTICAL_CONSTRAINT_FAILURE,finite_closure_exceeds_practical_analysis_boundary
PAY-MESH-OEM,primary,obstruction_sensitivity_h100_x40,h100_x40,100.0,0.4,0.0,10,60,240.0,False,True,True,5.955,7.966,10.014,False,True,0.2,14.0,False,True,False,False,,,,RELAY_FUNCTIONAL_VEHICLE_RESOURCE_FAILURE,endurance_driven_mathematical_nonclosure
PAY-MESH-OEM,primary,obstruction_sensitivity_h100_x40,h100_x40,100.0,0.4,0.0,20,10,240.0,False,True,True,-0.065,1.953,3.996,False,True,0.2,14.0,True,False,True,True,,3.5839,0.4318,RELAY_BENEFICIAL_AND_FEASIBLE,direct_visibility_loss_relay_visibility_restoration
PAY-MESH-OEM,primary,obstruction_sensitivity_h100_x40,h100_x40,100.0,0.4,0.0,20,20,240.0,False,True,True,-0.065,1.953,3.996,False,True,0.2,14.0,True,False,True,True,,3.5839,0.4318,RELAY_BENEFICIAL_AND_FEASIBLE,direct_visibility_loss_relay_visibility_restoration
PAY-MESH-OEM,primary,obstruction_sensitivity_h100_x40,h100_x40,100.0,0.4,0.0,20,30,240.0,False,True,True,-0.065,1.953,3.996,False,True,0.2,14.0,True,False,True,True,,4.7747,0.4984,RELAY_BENEFICIAL_AND_FEASIBLE,direct_visibility_loss_relay_visibility_restoration
PAY-MESH-OEM,primary,obstruction_sensitivity_h100_x40,h100_x40,100.0,0.4,0.0,20,45,240.0,False,True,True,-0.065,1.953,3.996,False,True,0.2,14.0,True,False,True,False,gross_mass|rotor_diameter|vehicle_span,15.1456,0.8877,MASS_CLOSED_PRACTICAL_CONSTRAINT_FAILURE,finite_closure_exceeds_practical_analysis_boundary
PAY-MESH-OEM,primary,obstruction_sensitivity_h100_x40,h100_x40,100.0,0.4,0.0,20,60,240.0,False,True,True,-0.065,1.953,3.996,False,True,0.2,14.0,False,True,False,False,,,,RELAY_FUNCTIONAL_VEHICLE_RESOURCE_FAILURE,endurance_driven_mathematical_nonclosure
PAY-MESH-OEM,primary,obstruction_sensitivity_h100_x40,h100_x40,100.0,0.4,0.0,30,10,240.0,False,True,True,-3.587,-1.567,0.475,False,False,0.2,14.0,True,False,True,True,,3.5839,0.4318,RELAY_CONNECTIVITY_INFEASIBLE,relay_visibility_restored_but_relay_link_margin_failure
PAY-MESH-OEM,primary,obstruction_sensitivity_h100_x40,h100_x40,100.0,0.4,0.0,30,20,240.0,False,True,True,-3.587,-1.567,0.475,False,False,0.2,14.0,True,False,True,True,,3.5839,0.4318,RELAY_CONNECTIVITY_INFEASIBLE,relay_visibility_restored_but_relay_link_margin_failure
PAY-MESH-OEM,primary,obstruction_sensitivity_h100_x40,h100_x40,100.0,0.4,0.0,30,30,240.0,False,True,True,-3.587,-1.567,0.475,False,False,0.2,14.0,True,False,True,True,,4.7747,0.4984,RELAY_CONNECTIVITY_INFEASIBLE,relay_visibility_restored_but_relay_link_margin_failure
PAY-MESH-OEM,primary,obstruction_sensitivity_h100_x40,h100_x40,100.0,0.4,0.0,30,45,240.0,False,True,True,-3.587,-1.567,0.475,False,False,0.2,14.0,True,False,True,False,gross_mass|rotor_diameter|vehicle_span,15.1456,0.8877,RELAY_CONNECTIVITY_INFEASIBLE,relay_visibility_restored_but_relay_link_margin_failure
PAY-MESH-OEM,primary,obstruction_sensitivity_h100_x40,h100_x40,100.0,0.4,0.0,30,60,240.0,False,True,True,-3.587,-1.567,0.475,False,False,0.2,14.0,False,True,False,False,,,,RELAY_CONNECTIVITY_INFEASIBLE,relay_visibility_restored_but_relay_link_margin_failure
PAY-MESH-OEM,primary,obstruction_sensitivity_h100_x40,h100_x40,100.0,0.4,0.0,40,10,240.0,False,True,True,-6.085,-4.065,-2.024,False,False,0.2,14.0,True,False,True,True,,3.5839,0.4318,RELAY_CONNECTIVITY_INFEASIBLE,relay_visibility_restored_but_relay_link_margin_failure
PAY-MESH-OEM,primary,obstruction_sensitivity_h100_x40,h100_x40,100.0,0.4,0.0,40,20,240.0,False,True,True,-6.085,-4.065,-2.024,False,False,0.2,14.0,True,False,True,True,,3.5839,0.4318,RELAY_CONNECTIVITY_INFEASIBLE,relay_visibility_restored_but_relay_link_margin_failure
PAY-MESH-OEM,primary,obstruction_sensitivity_h100_x40,h100_x40,100.0,0.4,0.0,40,30,240.0,False,True,True,-6.085,-4.065,-2.024,False,False,0.2,14.0,True,False,True,True,,4.7747,0.4984,RELAY_CONNECTIVITY_INFEASIBLE,relay_visibility_restored_but_relay_link_margin_failure
PAY-MESH-OEM,primary,obstruction_sensitivity_h100_x40,h100_x40,100.0,0.4,0.0,40,45,240.0,False,True,True,-6.085,-4.065,-2.024,False,False,0.2,14.0,True,False,True,False,gross_mass|rotor_diameter|vehicle_span,15.1456,0.8877,RELAY_CONNECTIVITY_INFEASIBLE,relay_visibility_restored_but_relay_link_margin_failure
PAY-MESH-OEM,primary,obstruction_sensitivity_h100_x40,h100_x40,100.0,0.4,0.0,40,60,240.0,False,True,True,-6.085,-4.065,-2.024,False,False,0.2,14.0,False,True,False,False,,,,RELAY_CONNECTIVITY_INFEASIBLE,relay_visibility_restored_but_relay_link_margin_failure
PAY-MESH-OEM,primary,obstruction_sensitivity_h100_x40,h100_x40,100.0,0.4,0.0,60,10,240.0,False,True,True,-9.607,-7.587,-5.546,False,False,0.2,14.0,True,False,True,True,,3.5839,0.4318,RELAY_CONNECTIVITY_INFEASIBLE,relay_visibility_restored_but_relay_link_margin_failure
PAY-MESH-OEM,primary,obstruction_sensitivity_h100_x40,h100_x40,100.0,0.4,0.0,60,20,240.0,False,True,True,-9.607,-7.587,-5.546,False,False,0.2,14.0,True,False,True,True,,3.5839,0.4318,RELAY_CONNECTIVITY_INFEASIBLE,relay_visibility_restored_but_relay_link_margin_failure
PAY-MESH-OEM,primary,obstruction_sensitivity_h100_x40,h100_x40,100.0,0.4,0.0,60,30,240.0,False,True,True,-9.607,-7.587,-5.546,False,False,0.2,14.0,True,False,True,True,,4.7747,0.4984,RELAY_CONNECTIVITY_INFEASIBLE,relay_visibility_restored_but_relay_link_margin_failure
PAY-MESH-OEM,primary,obstruction_sensitivity_h100_x40,h100_x40,100.0,0.4,0.0,60,45,240.0,False,True,True,-9.607,-7.587,-5.546,False,False,0.2,14.0,True,False,True,False,gross_mass|rotor_diameter|vehicle_span,15.1456,0.8877,RELAY_CONNECTIVITY_INFEASIBLE,relay_visibility_restored_but_relay_link_margin_failure
PAY-MESH-OEM,primary,obstruction_sensitivity_h100_x40,h100_x40,100.0,0.4,0.0,60,60,240.0,False,True,True,-9.607,-7.587,-5.546,False,False,0.2,14.0,False,True,False,False,,,,RELAY_CONNECTIVITY_INFEASIBLE,relay_visibility_restored_but_relay_link_margin_failure
PAY-MESH-OEM,primary,obstruction_sensitivity_h80_x30,h80_x30,80.0,0.3,0.0,5,10,60.0,False,False,True,11.975,13.994,16.037,False,False,0.2,14.0,True,False,True,True,,3.5839,0.4318,RELAY_CONNECTIVITY_INFEASIBLE,relay_visibility_failure
PAY-MESH-OEM,primary,obstruction_sensitivity_h80_x30,h80_x30,80.0,0.3,0.0,5,20,60.0,False,False,True,11.975,13.994,16.037,False,False,0.2,14.0,True,False,True,True,,3.5839,0.4318,RELAY_CONNECTIVITY_INFEASIBLE,relay_visibility_failure
PAY-MESH-OEM,primary,obstruction_sensitivity_h80_x30,h80_x30,80.0,0.3,0.0,5,30,60.0,False,False,True,11.975,13.994,16.037,False,False,0.2,14.0,True,False,True,True,,4.7747,0.4984,RELAY_CONNECTIVITY_INFEASIBLE,relay_visibility_failure
PAY-MESH-OEM,primary,obstruction_sensitivity_h80_x30,h80_x30,80.0,0.3,0.0,5,45,60.0,False,False,True,11.975,13.994,16.037,False,False,0.2,14.0,True,False,True,False,gross_mass|rotor_diameter|vehicle_span,15.1456,0.8877,RELAY_CONNECTIVITY_INFEASIBLE,relay_visibility_failure
PAY-MESH-OEM,primary,obstruction_sensitivity_h80_x30,h80_x30,80.0,0.3,0.0,5,60,60.0,False,False,True,11.975,13.994,16.037,False,False,0.2,14.0,False,True,False,False,,,,RELAY_CONNECTIVITY_INFEASIBLE,relay_visibility_failure
PAY-MESH-OEM,primary,obstruction_sensitivity_h80_x30,h80_x30,80.0,0.3,0.0,10,10,60.0,False,False,True,5.955,7.976,10.017,False,False,0.2,14.0,True,False,True,True,,3.5839,0.4318,RELAY_CONNECTIVITY_INFEASIBLE,relay_visibility_failure
PAY-MESH-OEM,primary,obstruction_sensitivity_h80_x30,h80_x30,80.0,0.3,0.0,10,20,60.0,False,False,True,5.955,7.976,10.017,False,False,0.2,14.0,True,False,True,True,,3.5839,0.4318,RELAY_CONNECTIVITY_INFEASIBLE,relay_visibility_failure
PAY-MESH-OEM,primary,obstruction_sensitivity_h80_x30,h80_x30,80.0,0.3,0.0,10,30,60.0,False,False,True,5.955,7.976,10.017,False,False,0.2,14.0,True,False,True,True,,4.7747,0.4984,RELAY_CONNECTIVITY_INFEASIBLE,relay_visibility_failure
PAY-MESH-OEM,primary,obstruction_sensitivity_h80_x30,h80_x30,80.0,0.3,0.0,10,45,60.0,False,False,True,5.955,7.976,10.017,False,False,0.2,14.0,True,False,True,False,gross_mass|rotor_diameter|vehicle_span,15.1456,0.8877,RELAY_CONNECTIVITY_INFEASIBLE,relay_visibility_failure
PAY-MESH-OEM,primary,obstruction_sensitivity_h80_x30,h80_x30,80.0,0.3,0.0,10,60,60.0,False,False,True,5.955,7.976,10.017,False,False,0.2,14.0,False,True,False,False,,,,RELAY_CONNECTIVITY_INFEASIBLE,relay_visibility_failure
PAY-MESH-OEM,primary,obstruction_sensitivity_h80_x30,h80_x30,80.0,0.3,0.0,20,10,60.0,False,False,True,-0.065,1.956,3.997,False,False,0.2,14.0,True,False,True,True,,3.5839,0.4318,RELAY_CONNECTIVITY_INFEASIBLE,relay_visibility_failure
PAY-MESH-OEM,primary,obstruction_sensitivity_h80_x30,h80_x30,80.0,0.3,0.0,20,20,60.0,False,False,True,-0.065,1.956,3.997,False,False,0.2,14.0,True,False,True,True,,3.5839,0.4318,RELAY_CONNECTIVITY_INFEASIBLE,relay_visibility_failure
PAY-MESH-OEM,primary,obstruction_sensitivity_h80_x30,h80_x30,80.0,0.3,0.0,20,30,60.0,False,False,True,-0.065,1.956,3.997,False,False,0.2,14.0,True,False,True,True,,4.7747,0.4984,RELAY_CONNECTIVITY_INFEASIBLE,relay_visibility_failure
PAY-MESH-OEM,primary,obstruction_sensitivity_h80_x30,h80_x30,80.0,0.3,0.0,20,45,60.0,False,False,True,-0.065,1.956,3.997,False,False,0.2,14.0,True,False,True,False,gross_mass|rotor_diameter|vehicle_span,15.1456,0.8877,RELAY_CONNECTIVITY_INFEASIBLE,relay_visibility_failure
PAY-MESH-OEM,primary,obstruction_sensitivity_h80_x30,h80_x30,80.0,0.3,0.0,20,60,60.0,False,False,True,-0.065,1.956,3.997,False,False,0.2,14.0,False,True,False,False,,,,RELAY_CONNECTIVITY_INFEASIBLE,relay_visibility_failure
PAY-MESH-OEM,primary,obstruction_sensitivity_h80_x30,h80_x30,80.0,0.3,0.0,30,10,60.0,False,False,True,-3.587,-1.566,0.475,False,False,0.2,14.0,True,False,True,True,,3.5839,0.4318,RELAY_CONNECTIVITY_INFEASIBLE,relay_visibility_failure
PAY-MESH-OEM,primary,obstruction_sensitivity_h80_x30,h80_x30,80.0,0.3,0.0,30,20,60.0,False,False,True,-3.587,-1.566,0.475,False,False,0.2,14.0,True,False,True,True,,3.5839,0.4318,RELAY_CONNECTIVITY_INFEASIBLE,relay_visibility_failure
PAY-MESH-OEM,primary,obstruction_sensitivity_h80_x30,h80_x30,80.0,0.3,0.0,30,30,60.0,False,False,True,-3.587,-1.566,0.475,False,False,0.2,14.0,True,False,True,True,,4.7747,0.4984,RELAY_CONNECTIVITY_INFEASIBLE,relay_visibility_failure
PAY-MESH-OEM,primary,obstruction_sensitivity_h80_x30,h80_x30,80.0,0.3,0.0,30,45,60.0,False,False,True,-3.587,-1.566,0.475,False,False,0.2,14.0,True,False,True,False,gross_mass|rotor_diameter|vehicle_span,15.1456,0.8877,RELAY_CONNECTIVITY_INFEASIBLE,relay_visibility_failure
PAY-MESH-OEM,primary,obstruction_sensitivity_h80_x30,h80_x30,80.0,0.3,0.0,30,60,60.0,False,False,True,-3.587,-1.566,0.475,False,False,0.2,14.0,False,True,False,False,,,,RELAY_CONNECTIVITY_INFEASIBLE,relay_visibility_failure
PAY-MESH-OEM,primary,obstruction_sensitivity_h80_x30,h80_x30,80.0,0.3,0.0,40,10,60.0,False,False,True,-6.085,-4.065,-2.024,False,False,0.2,14.0,True,False,True,True,,3.5839,0.4318,RELAY_CONNECTIVITY_INFEASIBLE,relay_visibility_failure
PAY-MESH-OEM,primary,obstruction_sensitivity_h80_x30,h80_x30,80.0,0.3,0.0,40,20,60.0,False,False,True,-6.085,-4.065,-2.024,False,False,0.2,14.0,True,False,True,True,,3.5839,0.4318,RELAY_CONNECTIVITY_INFEASIBLE,relay_visibility_failure
PAY-MESH-OEM,primary,obstruction_sensitivity_h80_x30,h80_x30,80.0,0.3,0.0,40,30,60.0,False,False,True,-6.085,-4.065,-2.024,False,False,0.2,14.0,True,False,True,True,,4.7747,0.4984,RELAY_CONNECTIVITY_INFEASIBLE,relay_visibility_failure
PAY-MESH-OEM,primary,obstruction_sensitivity_h80_x30,h80_x30,80.0,0.3,0.0,40,45,60.0,False,False,True,-6.085,-4.065,-2.024,False,False,0.2,14.0,True,False,True,False,gross_mass|rotor_diameter|vehicle_span,15.1456,0.8877,RELAY_CONNECTIVITY_INFEASIBLE,relay_visibility_failure
PAY-MESH-OEM,primary,obstruction_sensitivity_h80_x30,h80_x30,80.0,0.3,0.0,40,60,60.0,False,False,True,-6.085,-4.065,-2.024,False,False,0.2,14.0,False,True,False,False,,,,RELAY_CONNECTIVITY_INFEASIBLE,relay_visibility_failure
PAY-MESH-OEM,primary,obstruction_sensitivity_h80_x30,h80_x30,80.0,0.3,0.0,60,10,60.0,False,False,True,-9.607,-7.587,-5.545,False,False,0.2,14.0,True,False,True,True,,3.5839,0.4318,RELAY_CONNECTIVITY_INFEASIBLE,relay_visibility_failure
PAY-MESH-OEM,primary,obstruction_sensitivity_h80_x30,h80_x30,80.0,0.3,0.0,60,20,60.0,False,False,True,-9.607,-7.587,-5.545,False,False,0.2,14.0,True,False,True,True,,3.5839,0.4318,RELAY_CONNECTIVITY_INFEASIBLE,relay_visibility_failure
PAY-MESH-OEM,primary,obstruction_sensitivity_h80_x30,h80_x30,80.0,0.3,0.0,60,30,60.0,False,False,True,-9.607,-7.587,-5.545,False,False,0.2,14.0,True,False,True,True,,4.7747,0.4984,RELAY_CONNECTIVITY_INFEASIBLE,relay_visibility_failure
PAY-MESH-OEM,primary,obstruction_sensitivity_h80_x30,h80_x30,80.0,0.3,0.0,60,45,60.0,False,False,True,-9.607,-7.587,-5.545,False,False,0.2,14.0,True,False,True,False,gross_mass|rotor_diameter|vehicle_span,15.1456,0.8877,RELAY_CONNECTIVITY_INFEASIBLE,relay_visibility_failure
PAY-MESH-OEM,primary,obstruction_sensitivity_h80_x30,h80_x30,80.0,0.3,0.0,60,60,60.0,False,False,True,-9.607,-7.587,-5.545,False,False,0.2,14.0,False,True,False,False,,,,RELAY_CONNECTIVITY_INFEASIBLE,relay_visibility_failure
PAY-MESH-OEM,primary,obstruction_sensitivity_h80_x30,h80_x30,80.0,0.3,0.0,5,10,120.0,False,False,True,11.975,13.987,16.038,False,False,0.2,14.0,True,False,True,True,,3.5839,0.4318,RELAY_CONNECTIVITY_INFEASIBLE,relay_visibility_failure
PAY-MESH-OEM,primary,obstruction_sensitivity_h80_x30,h80_x30,80.0,0.3,0.0,5,20,120.0,False,False,True,11.975,13.987,16.038,False,False,0.2,14.0,True,False,True,True,,3.5839,0.4318,RELAY_CONNECTIVITY_INFEASIBLE,relay_visibility_failure
PAY-MESH-OEM,primary,obstruction_sensitivity_h80_x30,h80_x30,80.0,0.3,0.0,5,30,120.0,False,False,True,11.975,13.987,16.038,False,False,0.2,14.0,True,False,True,True,,4.7747,0.4984,RELAY_CONNECTIVITY_INFEASIBLE,relay_visibility_failure
PAY-MESH-OEM,primary,obstruction_sensitivity_h80_x30,h80_x30,80.0,0.3,0.0,5,45,120.0,False,False,True,11.975,13.987,16.038,False,False,0.2,14.0,True,False,True,False,gross_mass|rotor_diameter|vehicle_span,15.1456,0.8877,RELAY_CONNECTIVITY_INFEASIBLE,relay_visibility_failure
PAY-MESH-OEM,primary,obstruction_sensitivity_h80_x30,h80_x30,80.0,0.3,0.0,5,60,120.0,False,False,True,11.975,13.987,16.038,False,False,0.2,14.0,False,True,False,False,,,,RELAY_CONNECTIVITY_INFEASIBLE,relay_visibility_failure
PAY-MESH-OEM,primary,obstruction_sensitivity_h80_x30,h80_x30,80.0,0.3,0.0,10,10,120.0,False,False,True,5.955,7.974,10.018,False,False,0.2,14.0,True,False,True,True,,3.5839,0.4318,RELAY_CONNECTIVITY_INFEASIBLE,relay_visibility_failure
PAY-MESH-OEM,primary,obstruction_sensitivity_h80_x30,h80_x30,80.0,0.3,0.0,10,20,120.0,False,False,True,5.955,7.974,10.018,False,False,0.2,14.0,True,False,True,True,,3.5839,0.4318,RELAY_CONNECTIVITY_INFEASIBLE,relay_visibility_failure
PAY-MESH-OEM,primary,obstruction_sensitivity_h80_x30,h80_x30,80.0,0.3,0.0,10,30,120.0,False,False,True,5.955,7.974,10.018,False,False,0.2,14.0,True,False,True,True,,4.7747,0.4984,RELAY_CONNECTIVITY_INFEASIBLE,relay_visibility_failure
PAY-MESH-OEM,primary,obstruction_sensitivity_h80_x30,h80_x30,80.0,0.3,0.0,10,45,120.0,False,False,True,5.955,7.974,10.018,False,False,0.2,14.0,True,False,True,False,gross_mass|rotor_diameter|vehicle_span,15.1456,0.8877,RELAY_CONNECTIVITY_INFEASIBLE,relay_visibility_failure
PAY-MESH-OEM,primary,obstruction_sensitivity_h80_x30,h80_x30,80.0,0.3,0.0,10,60,120.0,False,False,True,5.955,7.974,10.018,False,False,0.2,14.0,False,True,False,False,,,,RELAY_CONNECTIVITY_INFEASIBLE,relay_visibility_failure
PAY-MESH-OEM,primary,obstruction_sensitivity_h80_x30,h80_x30,80.0,0.3,0.0,20,10,120.0,False,False,True,-0.065,1.955,3.997,False,False,0.2,14.0,True,False,True,True,,3.5839,0.4318,RELAY_CONNECTIVITY_INFEASIBLE,relay_visibility_failure
PAY-MESH-OEM,primary,obstruction_sensitivity_h80_x30,h80_x30,80.0,0.3,0.0,20,20,120.0,False,False,True,-0.065,1.955,3.997,False,False,0.2,14.0,True,False,True,True,,3.5839,0.4318,RELAY_CONNECTIVITY_INFEASIBLE,relay_visibility_failure
PAY-MESH-OEM,primary,obstruction_sensitivity_h80_x30,h80_x30,80.0,0.3,0.0,20,30,120.0,False,False,True,-0.065,1.955,3.997,False,False,0.2,14.0,True,False,True,True,,4.7747,0.4984,RELAY_CONNECTIVITY_INFEASIBLE,relay_visibility_failure
PAY-MESH-OEM,primary,obstruction_sensitivity_h80_x30,h80_x30,80.0,0.3,0.0,20,45,120.0,False,False,True,-0.065,1.955,3.997,False,False,0.2,14.0,True,False,True,False,gross_mass|rotor_diameter|vehicle_span,15.1456,0.8877,RELAY_CONNECTIVITY_INFEASIBLE,relay_visibility_failure
PAY-MESH-OEM,primary,obstruction_sensitivity_h80_x30,h80_x30,80.0,0.3,0.0,20,60,120.0,False,False,True,-0.065,1.955,3.997,False,False,0.2,14.0,False,True,False,False,,,,RELAY_CONNECTIVITY_INFEASIBLE,relay_visibility_failure
PAY-MESH-OEM,primary,obstruction_sensitivity_h80_x30,h80_x30,80.0,0.3,0.0,30,10,120.0,False,False,True,-3.587,-1.566,0.475,False,False,0.2,14.0,True,False,True,True,,3.5839,0.4318,RELAY_CONNECTIVITY_INFEASIBLE,relay_visibility_failure
PAY-MESH-OEM,primary,obstruction_sensitivity_h80_x30,h80_x30,80.0,0.3,0.0,30,20,120.0,False,False,True,-3.587,-1.566,0.475,False,False,0.2,14.0,True,False,True,True,,3.5839,0.4318,RELAY_CONNECTIVITY_INFEASIBLE,relay_visibility_failure
PAY-MESH-OEM,primary,obstruction_sensitivity_h80_x30,h80_x30,80.0,0.3,0.0,30,30,120.0,False,False,True,-3.587,-1.566,0.475,False,False,0.2,14.0,True,False,True,True,,4.7747,0.4984,RELAY_CONNECTIVITY_INFEASIBLE,relay_visibility_failure
PAY-MESH-OEM,primary,obstruction_sensitivity_h80_x30,h80_x30,80.0,0.3,0.0,30,45,120.0,False,False,True,-3.587,-1.566,0.475,False,False,0.2,14.0,True,False,True,False,gross_mass|rotor_diameter|vehicle_span,15.1456,0.8877,RELAY_CONNECTIVITY_INFEASIBLE,relay_visibility_failure
PAY-MESH-OEM,primary,obstruction_sensitivity_h80_x30,h80_x30,80.0,0.3,0.0,30,60,120.0,False,False,True,-3.587,-1.566,0.475,False,False,0.2,14.0,False,True,False,False,,,,RELAY_CONNECTIVITY_INFEASIBLE,relay_visibility_failure
PAY-MESH-OEM,primary,obstruction_sensitivity_h80_x30,h80_x30,80.0,0.3,0.0,40,10,120.0,False,False,True,-6.085,-4.065,-2.024,False,False,0.2,14.0,True,False,True,True,,3.5839,0.4318,RELAY_CONNECTIVITY_INFEASIBLE,relay_visibility_failure
PAY-MESH-OEM,primary,obstruction_sensitivity_h80_x30,h80_x30,80.0,0.3,0.0,40,20,120.0,False,False,True,-6.085,-4.065,-2.024,False,False,0.2,14.0,True,False,True,True,,3.5839,0.4318,RELAY_CONNECTIVITY_INFEASIBLE,relay_visibility_failure
PAY-MESH-OEM,primary,obstruction_sensitivity_h80_x30,h80_x30,80.0,0.3,0.0,40,30,120.0,False,False,True,-6.085,-4.065,-2.024,False,False,0.2,14.0,True,False,True,True,,4.7747,0.4984,RELAY_CONNECTIVITY_INFEASIBLE,relay_visibility_failure
PAY-MESH-OEM,primary,obstruction_sensitivity_h80_x30,h80_x30,80.0,0.3,0.0,40,45,120.0,False,False,True,-6.085,-4.065,-2.024,False,False,0.2,14.0,True,False,True,False,gross_mass|rotor_diameter|vehicle_span,15.1456,0.8877,RELAY_CONNECTIVITY_INFEASIBLE,relay_visibility_failure
PAY-MESH-OEM,primary,obstruction_sensitivity_h80_x30,h80_x30,80.0,0.3,0.0,40,60,120.0,False,False,True,-6.085,-4.065,-2.024,False,False,0.2,14.0,False,True,False,False,,,,RELAY_CONNECTIVITY_INFEASIBLE,relay_visibility_failure
PAY-MESH-OEM,primary,obstruction_sensitivity_h80_x30,h80_x30,80.0,0.3,0.0,60,10,120.0,False,False,True,-9.607,-7.587,-5.545,False,False,0.2,14.0,True,False,True,True,,3.5839,0.4318,RELAY_CONNECTIVITY_INFEASIBLE,relay_visibility_failure
PAY-MESH-OEM,primary,obstruction_sensitivity_h80_x30,h80_x30,80.0,0.3,0.0,60,20,120.0,False,False,True,-9.607,-7.587,-5.545,False,False,0.2,14.0,True,False,True,True,,3.5839,0.4318,RELAY_CONNECTIVITY_INFEASIBLE,relay_visibility_failure
PAY-MESH-OEM,primary,obstruction_sensitivity_h80_x30,h80_x30,80.0,0.3,0.0,60,30,120.0,False,False,True,-9.607,-7.587,-5.545,False,False,0.2,14.0,True,False,True,True,,4.7747,0.4984,RELAY_CONNECTIVITY_INFEASIBLE,relay_visibility_failure
PAY-MESH-OEM,primary,obstruction_sensitivity_h80_x30,h80_x30,80.0,0.3,0.0,60,45,120.0,False,False,True,-9.607,-7.587,-5.545,False,False,0.2,14.0,True,False,True,False,gross_mass|rotor_diameter|vehicle_span,15.1456,0.8877,RELAY_CONNECTIVITY_INFEASIBLE,relay_visibility_failure
PAY-MESH-OEM,primary,obstruction_sensitivity_h80_x30,h80_x30,80.0,0.3,0.0,60,60,120.0,False,False,True,-9.607,-7.587,-5.545,False,False,0.2,14.0,False,True,False,False,,,,RELAY_CONNECTIVITY_INFEASIBLE,relay_visibility_failure
PAY-MESH-OEM,primary,obstruction_sensitivity_h80_x30,h80_x30,80.0,0.3,0.0,5,10,240.0,False,True,True,11.975,13.957,16.025,False,True,0.2,14.0,True,False,True,True,,3.5839,0.4318,RELAY_BENEFICIAL_AND_FEASIBLE,direct_visibility_loss_relay_visibility_restoration
PAY-MESH-OEM,primary,obstruction_sensitivity_h80_x30,h80_x30,80.0,0.3,0.0,5,20,240.0,False,True,True,11.975,13.957,16.025,False,True,0.2,14.0,True,False,True,True,,3.5839,0.4318,RELAY_BENEFICIAL_AND_FEASIBLE,direct_visibility_loss_relay_visibility_restoration
PAY-MESH-OEM,primary,obstruction_sensitivity_h80_x30,h80_x30,80.0,0.3,0.0,5,30,240.0,False,True,True,11.975,13.957,16.025,False,True,0.2,14.0,True,False,True,True,,4.7747,0.4984,RELAY_BENEFICIAL_AND_FEASIBLE,direct_visibility_loss_relay_visibility_restoration
PAY-MESH-OEM,primary,obstruction_sensitivity_h80_x30,h80_x30,80.0,0.3,0.0,5,45,240.0,False,True,True,11.975,13.957,16.025,False,True,0.2,14.0,True,False,True,False,gross_mass|rotor_diameter|vehicle_span,15.1456,0.8877,MASS_CLOSED_PRACTICAL_CONSTRAINT_FAILURE,finite_closure_exceeds_practical_analysis_boundary
PAY-MESH-OEM,primary,obstruction_sensitivity_h80_x30,h80_x30,80.0,0.3,0.0,5,60,240.0,False,True,True,11.975,13.957,16.025,False,True,0.2,14.0,False,True,False,False,,,,RELAY_FUNCTIONAL_VEHICLE_RESOURCE_FAILURE,endurance_driven_mathematical_nonclosure
PAY-MESH-OEM,primary,obstruction_sensitivity_h80_x30,h80_x30,80.0,0.3,0.0,10,10,240.0,False,True,True,5.955,7.966,10.014,False,True,0.2,14.0,True,False,True,True,,3.5839,0.4318,RELAY_BENEFICIAL_AND_FEASIBLE,direct_visibility_loss_relay_visibility_restoration
PAY-MESH-OEM,primary,obstruction_sensitivity_h80_x30,h80_x30,80.0,0.3,0.0,10,20,240.0,False,True,True,5.955,7.966,10.014,False,True,0.2,14.0,True,False,True,True,,3.5839,0.4318,RELAY_BENEFICIAL_AND_FEASIBLE,direct_visibility_loss_relay_visibility_restoration
PAY-MESH-OEM,primary,obstruction_sensitivity_h80_x30,h80_x30,80.0,0.3,0.0,10,30,240.0,False,True,True,5.955,7.966,10.014,False,True,0.2,14.0,True,False,True,True,,4.7747,0.4984,RELAY_BENEFICIAL_AND_FEASIBLE,direct_visibility_loss_relay_visibility_restoration
PAY-MESH-OEM,primary,obstruction_sensitivity_h80_x30,h80_x30,80.0,0.3,0.0,10,45,240.0,False,True,True,5.955,7.966,10.014,False,True,0.2,14.0,True,False,True,False,gross_mass|rotor_diameter|vehicle_span,15.1456,0.8877,MASS_CLOSED_PRACTICAL_CONSTRAINT_FAILURE,finite_closure_exceeds_practical_analysis_boundary
PAY-MESH-OEM,primary,obstruction_sensitivity_h80_x30,h80_x30,80.0,0.3,0.0,10,60,240.0,False,True,True,5.955,7.966,10.014,False,True,0.2,14.0,False,True,False,False,,,,RELAY_FUNCTIONAL_VEHICLE_RESOURCE_FAILURE,endurance_driven_mathematical_nonclosure
PAY-MESH-OEM,primary,obstruction_sensitivity_h80_x30,h80_x30,80.0,0.3,0.0,20,10,240.0,False,True,True,-0.065,1.953,3.996,False,True,0.2,14.0,True,False,True,True,,3.5839,0.4318,RELAY_BENEFICIAL_AND_FEASIBLE,direct_visibility_loss_relay_visibility_restoration
PAY-MESH-OEM,primary,obstruction_sensitivity_h80_x30,h80_x30,80.0,0.3,0.0,20,20,240.0,False,True,True,-0.065,1.953,3.996,False,True,0.2,14.0,True,False,True,True,,3.5839,0.4318,RELAY_BENEFICIAL_AND_FEASIBLE,direct_visibility_loss_relay_visibility_restoration
PAY-MESH-OEM,primary,obstruction_sensitivity_h80_x30,h80_x30,80.0,0.3,0.0,20,30,240.0,False,True,True,-0.065,1.953,3.996,False,True,0.2,14.0,True,False,True,True,,4.7747,0.4984,RELAY_BENEFICIAL_AND_FEASIBLE,direct_visibility_loss_relay_visibility_restoration
PAY-MESH-OEM,primary,obstruction_sensitivity_h80_x30,h80_x30,80.0,0.3,0.0,20,45,240.0,False,True,True,-0.065,1.953,3.996,False,True,0.2,14.0,True,False,True,False,gross_mass|rotor_diameter|vehicle_span,15.1456,0.8877,MASS_CLOSED_PRACTICAL_CONSTRAINT_FAILURE,finite_closure_exceeds_practical_analysis_boundary
PAY-MESH-OEM,primary,obstruction_sensitivity_h80_x30,h80_x30,80.0,0.3,0.0,20,60,240.0,False,True,True,-0.065,1.953,3.996,False,True,0.2,14.0,False,True,False,False,,,,RELAY_FUNCTIONAL_VEHICLE_RESOURCE_FAILURE,endurance_driven_mathematical_nonclosure
PAY-MESH-OEM,primary,obstruction_sensitivity_h80_x30,h80_x30,80.0,0.3,0.0,30,10,240.0,False,True,True,-3.587,-1.567,0.475,False,False,0.2,14.0,True,False,True,True,,3.5839,0.4318,RELAY_CONNECTIVITY_INFEASIBLE,relay_visibility_restored_but_relay_link_margin_failure
PAY-MESH-OEM,primary,obstruction_sensitivity_h80_x30,h80_x30,80.0,0.3,0.0,30,20,240.0,False,True,True,-3.587,-1.567,0.475,False,False,0.2,14.0,True,False,True,True,,3.5839,0.4318,RELAY_CONNECTIVITY_INFEASIBLE,relay_visibility_restored_but_relay_link_margin_failure
PAY-MESH-OEM,primary,obstruction_sensitivity_h80_x30,h80_x30,80.0,0.3,0.0,30,30,240.0,False,True,True,-3.587,-1.567,0.475,False,False,0.2,14.0,True,False,True,True,,4.7747,0.4984,RELAY_CONNECTIVITY_INFEASIBLE,relay_visibility_restored_but_relay_link_margin_failure
PAY-MESH-OEM,primary,obstruction_sensitivity_h80_x30,h80_x30,80.0,0.3,0.0,30,45,240.0,False,True,True,-3.587,-1.567,0.475,False,False,0.2,14.0,True,False,True,False,gross_mass|rotor_diameter|vehicle_span,15.1456,0.8877,RELAY_CONNECTIVITY_INFEASIBLE,relay_visibility_restored_but_relay_link_margin_failure
PAY-MESH-OEM,primary,obstruction_sensitivity_h80_x30,h80_x30,80.0,0.3,0.0,30,60,240.0,False,True,True,-3.587,-1.567,0.475,False,False,0.2,14.0,False,True,False,False,,,,RELAY_CONNECTIVITY_INFEASIBLE,relay_visibility_restored_but_relay_link_margin_failure
PAY-MESH-OEM,primary,obstruction_sensitivity_h80_x30,h80_x30,80.0,0.3,0.0,40,10,240.0,False,True,True,-6.085,-4.065,-2.024,False,False,0.2,14.0,True,False,True,True,,3.5839,0.4318,RELAY_CONNECTIVITY_INFEASIBLE,relay_visibility_restored_but_relay_link_margin_failure
PAY-MESH-OEM,primary,obstruction_sensitivity_h80_x30,h80_x30,80.0,0.3,0.0,40,20,240.0,False,True,True,-6.085,-4.065,-2.024,False,False,0.2,14.0,True,False,True,True,,3.5839,0.4318,RELAY_CONNECTIVITY_INFEASIBLE,relay_visibility_restored_but_relay_link_margin_failure
PAY-MESH-OEM,primary,obstruction_sensitivity_h80_x30,h80_x30,80.0,0.3,0.0,40,30,240.0,False,True,True,-6.085,-4.065,-2.024,False,False,0.2,14.0,True,False,True,True,,4.7747,0.4984,RELAY_CONNECTIVITY_INFEASIBLE,relay_visibility_restored_but_relay_link_margin_failure
PAY-MESH-OEM,primary,obstruction_sensitivity_h80_x30,h80_x30,80.0,0.3,0.0,40,45,240.0,False,True,True,-6.085,-4.065,-2.024,False,False,0.2,14.0,True,False,True,False,gross_mass|rotor_diameter|vehicle_span,15.1456,0.8877,RELAY_CONNECTIVITY_INFEASIBLE,relay_visibility_restored_but_relay_link_margin_failure
PAY-MESH-OEM,primary,obstruction_sensitivity_h80_x30,h80_x30,80.0,0.3,0.0,40,60,240.0,False,True,True,-6.085,-4.065,-2.024,False,False,0.2,14.0,False,True,False,False,,,,RELAY_CONNECTIVITY_INFEASIBLE,relay_visibility_restored_but_relay_link_margin_failure
PAY-MESH-OEM,primary,obstruction_sensitivity_h80_x30,h80_x30,80.0,0.3,0.0,60,10,240.0,False,True,True,-9.607,-7.587,-5.546,False,False,0.2,14.0,True,False,True,True,,3.5839,0.4318,RELAY_CONNECTIVITY_INFEASIBLE,relay_visibility_restored_but_relay_link_margin_failure
PAY-MESH-OEM,primary,obstruction_sensitivity_h80_x30,h80_x30,80.0,0.3,0.0,60,20,240.0,False,True,True,-9.607,-7.587,-5.546,False,False,0.2,14.0,True,False,True,True,,3.5839,0.4318,RELAY_CONNECTIVITY_INFEASIBLE,relay_visibility_restored_but_relay_link_margin_failure
PAY-MESH-OEM,primary,obstruction_sensitivity_h80_x30,h80_x30,80.0,0.3,0.0,60,30,240.0,False,True,True,-9.607,-7.587,-5.546,False,False,0.2,14.0,True,False,True,True,,4.7747,0.4984,RELAY_CONNECTIVITY_INFEASIBLE,relay_visibility_restored_but_relay_link_margin_failure
PAY-MESH-OEM,primary,obstruction_sensitivity_h80_x30,h80_x30,80.0,0.3,0.0,60,45,240.0,False,True,True,-9.607,-7.587,-5.546,False,False,0.2,14.0,True,False,True,False,gross_mass|rotor_diameter|vehicle_span,15.1456,0.8877,RELAY_CONNECTIVITY_INFEASIBLE,relay_visibility_restored_but_relay_link_margin_failure
PAY-MESH-OEM,primary,obstruction_sensitivity_h80_x30,h80_x30,80.0,0.3,0.0,60,60,240.0,False,True,True,-9.607,-7.587,-5.546,False,False,0.2,14.0,False,True,False,False,,,,RELAY_CONNECTIVITY_INFEASIBLE,relay_visibility_restored_but_relay_link_margin_failure
PAY-MESH-OEM,primary,obstruction_sensitivity_h80_x45,h80_x45,80.0,0.45,0.0,5,10,60.0,False,False,True,11.975,13.994,16.037,False,False,0.2,14.0,True,False,True,True,,3.5839,0.4318,RELAY_CONNECTIVITY_INFEASIBLE,relay_visibility_failure
PAY-MESH-OEM,primary,obstruction_sensitivity_h80_x45,h80_x45,80.0,0.45,0.0,5,20,60.0,False,False,True,11.975,13.994,16.037,False,False,0.2,14.0,True,False,True,True,,3.5839,0.4318,RELAY_CONNECTIVITY_INFEASIBLE,relay_visibility_failure
PAY-MESH-OEM,primary,obstruction_sensitivity_h80_x45,h80_x45,80.0,0.45,0.0,5,30,60.0,False,False,True,11.975,13.994,16.037,False,False,0.2,14.0,True,False,True,True,,4.7747,0.4984,RELAY_CONNECTIVITY_INFEASIBLE,relay_visibility_failure
PAY-MESH-OEM,primary,obstruction_sensitivity_h80_x45,h80_x45,80.0,0.45,0.0,5,45,60.0,False,False,True,11.975,13.994,16.037,False,False,0.2,14.0,True,False,True,False,gross_mass|rotor_diameter|vehicle_span,15.1456,0.8877,RELAY_CONNECTIVITY_INFEASIBLE,relay_visibility_failure
PAY-MESH-OEM,primary,obstruction_sensitivity_h80_x45,h80_x45,80.0,0.45,0.0,5,60,60.0,False,False,True,11.975,13.994,16.037,False,False,0.2,14.0,False,True,False,False,,,,RELAY_CONNECTIVITY_INFEASIBLE,relay_visibility_failure
PAY-MESH-OEM,primary,obstruction_sensitivity_h80_x45,h80_x45,80.0,0.45,0.0,10,10,60.0,False,False,True,5.955,7.976,10.017,False,False,0.2,14.0,True,False,True,True,,3.5839,0.4318,RELAY_CONNECTIVITY_INFEASIBLE,relay_visibility_failure
PAY-MESH-OEM,primary,obstruction_sensitivity_h80_x45,h80_x45,80.0,0.45,0.0,10,20,60.0,False,False,True,5.955,7.976,10.017,False,False,0.2,14.0,True,False,True,True,,3.5839,0.4318,RELAY_CONNECTIVITY_INFEASIBLE,relay_visibility_failure
PAY-MESH-OEM,primary,obstruction_sensitivity_h80_x45,h80_x45,80.0,0.45,0.0,10,30,60.0,False,False,True,5.955,7.976,10.017,False,False,0.2,14.0,True,False,True,True,,4.7747,0.4984,RELAY_CONNECTIVITY_INFEASIBLE,relay_visibility_failure
PAY-MESH-OEM,primary,obstruction_sensitivity_h80_x45,h80_x45,80.0,0.45,0.0,10,45,60.0,False,False,True,5.955,7.976,10.017,False,False,0.2,14.0,True,False,True,False,gross_mass|rotor_diameter|vehicle_span,15.1456,0.8877,RELAY_CONNECTIVITY_INFEASIBLE,relay_visibility_failure
PAY-MESH-OEM,primary,obstruction_sensitivity_h80_x45,h80_x45,80.0,0.45,0.0,10,60,60.0,False,False,True,5.955,7.976,10.017,False,False,0.2,14.0,False,True,False,False,,,,RELAY_CONNECTIVITY_INFEASIBLE,relay_visibility_failure
PAY-MESH-OEM,primary,obstruction_sensitivity_h80_x45,h80_x45,80.0,0.45,0.0,20,10,60.0,False,False,True,-0.065,1.956,3.997,False,False,0.2,14.0,True,False,True,True,,3.5839,0.4318,RELAY_CONNECTIVITY_INFEASIBLE,relay_visibility_failure
PAY-MESH-OEM,primary,obstruction_sensitivity_h80_x45,h80_x45,80.0,0.45,0.0,20,20,60.0,False,False,True,-0.065,1.956,3.997,False,False,0.2,14.0,True,False,True,True,,3.5839,0.4318,RELAY_CONNECTIVITY_INFEASIBLE,relay_visibility_failure
PAY-MESH-OEM,primary,obstruction_sensitivity_h80_x45,h80_x45,80.0,0.45,0.0,20,30,60.0,False,False,True,-0.065,1.956,3.997,False,False,0.2,14.0,True,False,True,True,,4.7747,0.4984,RELAY_CONNECTIVITY_INFEASIBLE,relay_visibility_failure
PAY-MESH-OEM,primary,obstruction_sensitivity_h80_x45,h80_x45,80.0,0.45,0.0,20,45,60.0,False,False,True,-0.065,1.956,3.997,False,False,0.2,14.0,True,False,True,False,gross_mass|rotor_diameter|vehicle_span,15.1456,0.8877,RELAY_CONNECTIVITY_INFEASIBLE,relay_visibility_failure
PAY-MESH-OEM,primary,obstruction_sensitivity_h80_x45,h80_x45,80.0,0.45,0.0,20,60,60.0,False,False,True,-0.065,1.956,3.997,False,False,0.2,14.0,False,True,False,False,,,,RELAY_CONNECTIVITY_INFEASIBLE,relay_visibility_failure
PAY-MESH-OEM,primary,obstruction_sensitivity_h80_x45,h80_x45,80.0,0.45,0.0,30,10,60.0,False,False,True,-3.587,-1.566,0.475,False,False,0.2,14.0,True,False,True,True,,3.5839,0.4318,RELAY_CONNECTIVITY_INFEASIBLE,relay_visibility_failure
PAY-MESH-OEM,primary,obstruction_sensitivity_h80_x45,h80_x45,80.0,0.45,0.0,30,20,60.0,False,False,True,-3.587,-1.566,0.475,False,False,0.2,14.0,True,False,True,True,,3.5839,0.4318,RELAY_CONNECTIVITY_INFEASIBLE,relay_visibility_failure
PAY-MESH-OEM,primary,obstruction_sensitivity_h80_x45,h80_x45,80.0,0.45,0.0,30,30,60.0,False,False,True,-3.587,-1.566,0.475,False,False,0.2,14.0,True,False,True,True,,4.7747,0.4984,RELAY_CONNECTIVITY_INFEASIBLE,relay_visibility_failure
PAY-MESH-OEM,primary,obstruction_sensitivity_h80_x45,h80_x45,80.0,0.45,0.0,30,45,60.0,False,False,True,-3.587,-1.566,0.475,False,False,0.2,14.0,True,False,True,False,gross_mass|rotor_diameter|vehicle_span,15.1456,0.8877,RELAY_CONNECTIVITY_INFEASIBLE,relay_visibility_failure
PAY-MESH-OEM,primary,obstruction_sensitivity_h80_x45,h80_x45,80.0,0.45,0.0,30,60,60.0,False,False,True,-3.587,-1.566,0.475,False,False,0.2,14.0,False,True,False,False,,,,RELAY_CONNECTIVITY_INFEASIBLE,relay_visibility_failure
PAY-MESH-OEM,primary,obstruction_sensitivity_h80_x45,h80_x45,80.0,0.45,0.0,40,10,60.0,False,False,True,-6.085,-4.065,-2.024,False,False,0.2,14.0,True,False,True,True,,3.5839,0.4318,RELAY_CONNECTIVITY_INFEASIBLE,relay_visibility_failure
PAY-MESH-OEM,primary,obstruction_sensitivity_h80_x45,h80_x45,80.0,0.45,0.0,40,20,60.0,False,False,True,-6.085,-4.065,-2.024,False,False,0.2,14.0,True,False,True,True,,3.5839,0.4318,RELAY_CONNECTIVITY_INFEASIBLE,relay_visibility_failure
PAY-MESH-OEM,primary,obstruction_sensitivity_h80_x45,h80_x45,80.0,0.45,0.0,40,30,60.0,False,False,True,-6.085,-4.065,-2.024,False,False,0.2,14.0,True,False,True,True,,4.7747,0.4984,RELAY_CONNECTIVITY_INFEASIBLE,relay_visibility_failure
PAY-MESH-OEM,primary,obstruction_sensitivity_h80_x45,h80_x45,80.0,0.45,0.0,40,45,60.0,False,False,True,-6.085,-4.065,-2.024,False,False,0.2,14.0,True,False,True,False,gross_mass|rotor_diameter|vehicle_span,15.1456,0.8877,RELAY_CONNECTIVITY_INFEASIBLE,relay_visibility_failure
PAY-MESH-OEM,primary,obstruction_sensitivity_h80_x45,h80_x45,80.0,0.45,0.0,40,60,60.0,False,False,True,-6.085,-4.065,-2.024,False,False,0.2,14.0,False,True,False,False,,,,RELAY_CONNECTIVITY_INFEASIBLE,relay_visibility_failure
PAY-MESH-OEM,primary,obstruction_sensitivity_h80_x45,h80_x45,80.0,0.45,0.0,60,10,60.0,False,False,True,-9.607,-7.587,-5.545,False,False,0.2,14.0,True,False,True,True,,3.5839,0.4318,RELAY_CONNECTIVITY_INFEASIBLE,relay_visibility_failure
PAY-MESH-OEM,primary,obstruction_sensitivity_h80_x45,h80_x45,80.0,0.45,0.0,60,20,60.0,False,False,True,-9.607,-7.587,-5.545,False,False,0.2,14.0,True,False,True,True,,3.5839,0.4318,RELAY_CONNECTIVITY_INFEASIBLE,relay_visibility_failure
PAY-MESH-OEM,primary,obstruction_sensitivity_h80_x45,h80_x45,80.0,0.45,0.0,60,30,60.0,False,False,True,-9.607,-7.587,-5.545,False,False,0.2,14.0,True,False,True,True,,4.7747,0.4984,RELAY_CONNECTIVITY_INFEASIBLE,relay_visibility_failure
PAY-MESH-OEM,primary,obstruction_sensitivity_h80_x45,h80_x45,80.0,0.45,0.0,60,45,60.0,False,False,True,-9.607,-7.587,-5.545,False,False,0.2,14.0,True,False,True,False,gross_mass|rotor_diameter|vehicle_span,15.1456,0.8877,RELAY_CONNECTIVITY_INFEASIBLE,relay_visibility_failure
PAY-MESH-OEM,primary,obstruction_sensitivity_h80_x45,h80_x45,80.0,0.45,0.0,60,60,60.0,False,False,True,-9.607,-7.587,-5.545,False,False,0.2,14.0,False,True,False,False,,,,RELAY_CONNECTIVITY_INFEASIBLE,relay_visibility_failure
PAY-MESH-OEM,primary,obstruction_sensitivity_h80_x45,h80_x45,80.0,0.45,0.0,5,10,120.0,False,True,True,11.975,13.987,16.038,False,True,0.2,14.0,True,False,True,True,,3.5839,0.4318,RELAY_BENEFICIAL_AND_FEASIBLE,direct_visibility_loss_relay_visibility_restoration
PAY-MESH-OEM,primary,obstruction_sensitivity_h80_x45,h80_x45,80.0,0.45,0.0,5,20,120.0,False,True,True,11.975,13.987,16.038,False,True,0.2,14.0,True,False,True,True,,3.5839,0.4318,RELAY_BENEFICIAL_AND_FEASIBLE,direct_visibility_loss_relay_visibility_restoration
PAY-MESH-OEM,primary,obstruction_sensitivity_h80_x45,h80_x45,80.0,0.45,0.0,5,30,120.0,False,True,True,11.975,13.987,16.038,False,True,0.2,14.0,True,False,True,True,,4.7747,0.4984,RELAY_BENEFICIAL_AND_FEASIBLE,direct_visibility_loss_relay_visibility_restoration
PAY-MESH-OEM,primary,obstruction_sensitivity_h80_x45,h80_x45,80.0,0.45,0.0,5,45,120.0,False,True,True,11.975,13.987,16.038,False,True,0.2,14.0,True,False,True,False,gross_mass|rotor_diameter|vehicle_span,15.1456,0.8877,MASS_CLOSED_PRACTICAL_CONSTRAINT_FAILURE,finite_closure_exceeds_practical_analysis_boundary
PAY-MESH-OEM,primary,obstruction_sensitivity_h80_x45,h80_x45,80.0,0.45,0.0,5,60,120.0,False,True,True,11.975,13.987,16.038,False,True,0.2,14.0,False,True,False,False,,,,RELAY_FUNCTIONAL_VEHICLE_RESOURCE_FAILURE,endurance_driven_mathematical_nonclosure
PAY-MESH-OEM,primary,obstruction_sensitivity_h80_x45,h80_x45,80.0,0.45,0.0,10,10,120.0,False,True,True,5.955,7.974,10.018,False,True,0.2,14.0,True,False,True,True,,3.5839,0.4318,RELAY_BENEFICIAL_AND_FEASIBLE,direct_visibility_loss_relay_visibility_restoration
PAY-MESH-OEM,primary,obstruction_sensitivity_h80_x45,h80_x45,80.0,0.45,0.0,10,20,120.0,False,True,True,5.955,7.974,10.018,False,True,0.2,14.0,True,False,True,True,,3.5839,0.4318,RELAY_BENEFICIAL_AND_FEASIBLE,direct_visibility_loss_relay_visibility_restoration
PAY-MESH-OEM,primary,obstruction_sensitivity_h80_x45,h80_x45,80.0,0.45,0.0,10,30,120.0,False,True,True,5.955,7.974,10.018,False,True,0.2,14.0,True,False,True,True,,4.7747,0.4984,RELAY_BENEFICIAL_AND_FEASIBLE,direct_visibility_loss_relay_visibility_restoration
PAY-MESH-OEM,primary,obstruction_sensitivity_h80_x45,h80_x45,80.0,0.45,0.0,10,45,120.0,False,True,True,5.955,7.974,10.018,False,True,0.2,14.0,True,False,True,False,gross_mass|rotor_diameter|vehicle_span,15.1456,0.8877,MASS_CLOSED_PRACTICAL_CONSTRAINT_FAILURE,finite_closure_exceeds_practical_analysis_boundary
PAY-MESH-OEM,primary,obstruction_sensitivity_h80_x45,h80_x45,80.0,0.45,0.0,10,60,120.0,False,True,True,5.955,7.974,10.018,False,True,0.2,14.0,False,True,False,False,,,,RELAY_FUNCTIONAL_VEHICLE_RESOURCE_FAILURE,endurance_driven_mathematical_nonclosure
PAY-MESH-OEM,primary,obstruction_sensitivity_h80_x45,h80_x45,80.0,0.45,0.0,20,10,120.0,False,True,True,-0.065,1.955,3.997,False,True,0.2,14.0,True,False,True,True,,3.5839,0.4318,RELAY_BENEFICIAL_AND_FEASIBLE,direct_visibility_loss_relay_visibility_restoration
PAY-MESH-OEM,primary,obstruction_sensitivity_h80_x45,h80_x45,80.0,0.45,0.0,20,20,120.0,False,True,True,-0.065,1.955,3.997,False,True,0.2,14.0,True,False,True,True,,3.5839,0.4318,RELAY_BENEFICIAL_AND_FEASIBLE,direct_visibility_loss_relay_visibility_restoration
PAY-MESH-OEM,primary,obstruction_sensitivity_h80_x45,h80_x45,80.0,0.45,0.0,20,30,120.0,False,True,True,-0.065,1.955,3.997,False,True,0.2,14.0,True,False,True,True,,4.7747,0.4984,RELAY_BENEFICIAL_AND_FEASIBLE,direct_visibility_loss_relay_visibility_restoration
PAY-MESH-OEM,primary,obstruction_sensitivity_h80_x45,h80_x45,80.0,0.45,0.0,20,45,120.0,False,True,True,-0.065,1.955,3.997,False,True,0.2,14.0,True,False,True,False,gross_mass|rotor_diameter|vehicle_span,15.1456,0.8877,MASS_CLOSED_PRACTICAL_CONSTRAINT_FAILURE,finite_closure_exceeds_practical_analysis_boundary
PAY-MESH-OEM,primary,obstruction_sensitivity_h80_x45,h80_x45,80.0,0.45,0.0,20,60,120.0,False,True,True,-0.065,1.955,3.997,False,True,0.2,14.0,False,True,False,False,,,,RELAY_FUNCTIONAL_VEHICLE_RESOURCE_FAILURE,endurance_driven_mathematical_nonclosure
PAY-MESH-OEM,primary,obstruction_sensitivity_h80_x45,h80_x45,80.0,0.45,0.0,30,10,120.0,False,True,True,-3.587,-1.566,0.475,False,False,0.2,14.0,True,False,True,True,,3.5839,0.4318,RELAY_CONNECTIVITY_INFEASIBLE,relay_visibility_restored_but_relay_link_margin_failure
PAY-MESH-OEM,primary,obstruction_sensitivity_h80_x45,h80_x45,80.0,0.45,0.0,30,20,120.0,False,True,True,-3.587,-1.566,0.475,False,False,0.2,14.0,True,False,True,True,,3.5839,0.4318,RELAY_CONNECTIVITY_INFEASIBLE,relay_visibility_restored_but_relay_link_margin_failure
PAY-MESH-OEM,primary,obstruction_sensitivity_h80_x45,h80_x45,80.0,0.45,0.0,30,30,120.0,False,True,True,-3.587,-1.566,0.475,False,False,0.2,14.0,True,False,True,True,,4.7747,0.4984,RELAY_CONNECTIVITY_INFEASIBLE,relay_visibility_restored_but_relay_link_margin_failure
PAY-MESH-OEM,primary,obstruction_sensitivity_h80_x45,h80_x45,80.0,0.45,0.0,30,45,120.0,False,True,True,-3.587,-1.566,0.475,False,False,0.2,14.0,True,False,True,False,gross_mass|rotor_diameter|vehicle_span,15.1456,0.8877,RELAY_CONNECTIVITY_INFEASIBLE,relay_visibility_restored_but_relay_link_margin_failure
PAY-MESH-OEM,primary,obstruction_sensitivity_h80_x45,h80_x45,80.0,0.45,0.0,30,60,120.0,False,True,True,-3.587,-1.566,0.475,False,False,0.2,14.0,False,True,False,False,,,,RELAY_CONNECTIVITY_INFEASIBLE,relay_visibility_restored_but_relay_link_margin_failure
PAY-MESH-OEM,primary,obstruction_sensitivity_h80_x45,h80_x45,80.0,0.45,0.0,40,10,120.0,False,True,True,-6.085,-4.065,-2.024,False,False,0.2,14.0,True,False,True,True,,3.5839,0.4318,RELAY_CONNECTIVITY_INFEASIBLE,relay_visibility_restored_but_relay_link_margin_failure
PAY-MESH-OEM,primary,obstruction_sensitivity_h80_x45,h80_x45,80.0,0.45,0.0,40,20,120.0,False,True,True,-6.085,-4.065,-2.024,False,False,0.2,14.0,True,False,True,True,,3.5839,0.4318,RELAY_CONNECTIVITY_INFEASIBLE,relay_visibility_restored_but_relay_link_margin_failure
PAY-MESH-OEM,primary,obstruction_sensitivity_h80_x45,h80_x45,80.0,0.45,0.0,40,30,120.0,False,True,True,-6.085,-4.065,-2.024,False,False,0.2,14.0,True,False,True,True,,4.7747,0.4984,RELAY_CONNECTIVITY_INFEASIBLE,relay_visibility_restored_but_relay_link_margin_failure
PAY-MESH-OEM,primary,obstruction_sensitivity_h80_x45,h80_x45,80.0,0.45,0.0,40,45,120.0,False,True,True,-6.085,-4.065,-2.024,False,False,0.2,14.0,True,False,True,False,gross_mass|rotor_diameter|vehicle_span,15.1456,0.8877,RELAY_CONNECTIVITY_INFEASIBLE,relay_visibility_restored_but_relay_link_margin_failure
PAY-MESH-OEM,primary,obstruction_sensitivity_h80_x45,h80_x45,80.0,0.45,0.0,40,60,120.0,False,True,True,-6.085,-4.065,-2.024,False,False,0.2,14.0,False,True,False,False,,,,RELAY_CONNECTIVITY_INFEASIBLE,relay_visibility_restored_but_relay_link_margin_failure
PAY-MESH-OEM,primary,obstruction_sensitivity_h80_x45,h80_x45,80.0,0.45,0.0,60,10,120.0,False,True,True,-9.607,-7.587,-5.545,False,False,0.2,14.0,True,False,True,True,,3.5839,0.4318,RELAY_CONNECTIVITY_INFEASIBLE,relay_visibility_restored_but_relay_link_margin_failure
PAY-MESH-OEM,primary,obstruction_sensitivity_h80_x45,h80_x45,80.0,0.45,0.0,60,20,120.0,False,True,True,-9.607,-7.587,-5.545,False,False,0.2,14.0,True,False,True,True,,3.5839,0.4318,RELAY_CONNECTIVITY_INFEASIBLE,relay_visibility_restored_but_relay_link_margin_failure
PAY-MESH-OEM,primary,obstruction_sensitivity_h80_x45,h80_x45,80.0,0.45,0.0,60,30,120.0,False,True,True,-9.607,-7.587,-5.545,False,False,0.2,14.0,True,False,True,True,,4.7747,0.4984,RELAY_CONNECTIVITY_INFEASIBLE,relay_visibility_restored_but_relay_link_margin_failure
PAY-MESH-OEM,primary,obstruction_sensitivity_h80_x45,h80_x45,80.0,0.45,0.0,60,45,120.0,False,True,True,-9.607,-7.587,-5.545,False,False,0.2,14.0,True,False,True,False,gross_mass|rotor_diameter|vehicle_span,15.1456,0.8877,RELAY_CONNECTIVITY_INFEASIBLE,relay_visibility_restored_but_relay_link_margin_failure
PAY-MESH-OEM,primary,obstruction_sensitivity_h80_x45,h80_x45,80.0,0.45,0.0,60,60,120.0,False,True,True,-9.607,-7.587,-5.545,False,False,0.2,14.0,False,True,False,False,,,,RELAY_CONNECTIVITY_INFEASIBLE,relay_visibility_restored_but_relay_link_margin_failure
PAY-MESH-OEM,primary,obstruction_sensitivity_h80_x45,h80_x45,80.0,0.45,0.0,5,10,240.0,False,True,True,11.975,13.957,16.025,False,True,0.2,14.0,True,False,True,True,,3.5839,0.4318,RELAY_BENEFICIAL_AND_FEASIBLE,direct_visibility_loss_relay_visibility_restoration
PAY-MESH-OEM,primary,obstruction_sensitivity_h80_x45,h80_x45,80.0,0.45,0.0,5,20,240.0,False,True,True,11.975,13.957,16.025,False,True,0.2,14.0,True,False,True,True,,3.5839,0.4318,RELAY_BENEFICIAL_AND_FEASIBLE,direct_visibility_loss_relay_visibility_restoration
PAY-MESH-OEM,primary,obstruction_sensitivity_h80_x45,h80_x45,80.0,0.45,0.0,5,30,240.0,False,True,True,11.975,13.957,16.025,False,True,0.2,14.0,True,False,True,True,,4.7747,0.4984,RELAY_BENEFICIAL_AND_FEASIBLE,direct_visibility_loss_relay_visibility_restoration
PAY-MESH-OEM,primary,obstruction_sensitivity_h80_x45,h80_x45,80.0,0.45,0.0,5,45,240.0,False,True,True,11.975,13.957,16.025,False,True,0.2,14.0,True,False,True,False,gross_mass|rotor_diameter|vehicle_span,15.1456,0.8877,MASS_CLOSED_PRACTICAL_CONSTRAINT_FAILURE,finite_closure_exceeds_practical_analysis_boundary
PAY-MESH-OEM,primary,obstruction_sensitivity_h80_x45,h80_x45,80.0,0.45,0.0,5,60,240.0,False,True,True,11.975,13.957,16.025,False,True,0.2,14.0,False,True,False,False,,,,RELAY_FUNCTIONAL_VEHICLE_RESOURCE_FAILURE,endurance_driven_mathematical_nonclosure
PAY-MESH-OEM,primary,obstruction_sensitivity_h80_x45,h80_x45,80.0,0.45,0.0,10,10,240.0,False,True,True,5.955,7.966,10.014,False,True,0.2,14.0,True,False,True,True,,3.5839,0.4318,RELAY_BENEFICIAL_AND_FEASIBLE,direct_visibility_loss_relay_visibility_restoration
PAY-MESH-OEM,primary,obstruction_sensitivity_h80_x45,h80_x45,80.0,0.45,0.0,10,20,240.0,False,True,True,5.955,7.966,10.014,False,True,0.2,14.0,True,False,True,True,,3.5839,0.4318,RELAY_BENEFICIAL_AND_FEASIBLE,direct_visibility_loss_relay_visibility_restoration
PAY-MESH-OEM,primary,obstruction_sensitivity_h80_x45,h80_x45,80.0,0.45,0.0,10,30,240.0,False,True,True,5.955,7.966,10.014,False,True,0.2,14.0,True,False,True,True,,4.7747,0.4984,RELAY_BENEFICIAL_AND_FEASIBLE,direct_visibility_loss_relay_visibility_restoration
PAY-MESH-OEM,primary,obstruction_sensitivity_h80_x45,h80_x45,80.0,0.45,0.0,10,45,240.0,False,True,True,5.955,7.966,10.014,False,True,0.2,14.0,True,False,True,False,gross_mass|rotor_diameter|vehicle_span,15.1456,0.8877,MASS_CLOSED_PRACTICAL_CONSTRAINT_FAILURE,finite_closure_exceeds_practical_analysis_boundary
PAY-MESH-OEM,primary,obstruction_sensitivity_h80_x45,h80_x45,80.0,0.45,0.0,10,60,240.0,False,True,True,5.955,7.966,10.014,False,True,0.2,14.0,False,True,False,False,,,,RELAY_FUNCTIONAL_VEHICLE_RESOURCE_FAILURE,endurance_driven_mathematical_nonclosure
PAY-MESH-OEM,primary,obstruction_sensitivity_h80_x45,h80_x45,80.0,0.45,0.0,20,10,240.0,False,True,True,-0.065,1.953,3.996,False,True,0.2,14.0,True,False,True,True,,3.5839,0.4318,RELAY_BENEFICIAL_AND_FEASIBLE,direct_visibility_loss_relay_visibility_restoration
PAY-MESH-OEM,primary,obstruction_sensitivity_h80_x45,h80_x45,80.0,0.45,0.0,20,20,240.0,False,True,True,-0.065,1.953,3.996,False,True,0.2,14.0,True,False,True,True,,3.5839,0.4318,RELAY_BENEFICIAL_AND_FEASIBLE,direct_visibility_loss_relay_visibility_restoration
PAY-MESH-OEM,primary,obstruction_sensitivity_h80_x45,h80_x45,80.0,0.45,0.0,20,30,240.0,False,True,True,-0.065,1.953,3.996,False,True,0.2,14.0,True,False,True,True,,4.7747,0.4984,RELAY_BENEFICIAL_AND_FEASIBLE,direct_visibility_loss_relay_visibility_restoration
PAY-MESH-OEM,primary,obstruction_sensitivity_h80_x45,h80_x45,80.0,0.45,0.0,20,45,240.0,False,True,True,-0.065,1.953,3.996,False,True,0.2,14.0,True,False,True,False,gross_mass|rotor_diameter|vehicle_span,15.1456,0.8877,MASS_CLOSED_PRACTICAL_CONSTRAINT_FAILURE,finite_closure_exceeds_practical_analysis_boundary
PAY-MESH-OEM,primary,obstruction_sensitivity_h80_x45,h80_x45,80.0,0.45,0.0,20,60,240.0,False,True,True,-0.065,1.953,3.996,False,True,0.2,14.0,False,True,False,False,,,,RELAY_FUNCTIONAL_VEHICLE_RESOURCE_FAILURE,endurance_driven_mathematical_nonclosure
PAY-MESH-OEM,primary,obstruction_sensitivity_h80_x45,h80_x45,80.0,0.45,0.0,30,10,240.0,False,True,True,-3.587,-1.567,0.475,False,False,0.2,14.0,True,False,True,True,,3.5839,0.4318,RELAY_CONNECTIVITY_INFEASIBLE,relay_visibility_restored_but_relay_link_margin_failure
PAY-MESH-OEM,primary,obstruction_sensitivity_h80_x45,h80_x45,80.0,0.45,0.0,30,20,240.0,False,True,True,-3.587,-1.567,0.475,False,False,0.2,14.0,True,False,True,True,,3.5839,0.4318,RELAY_CONNECTIVITY_INFEASIBLE,relay_visibility_restored_but_relay_link_margin_failure
PAY-MESH-OEM,primary,obstruction_sensitivity_h80_x45,h80_x45,80.0,0.45,0.0,30,30,240.0,False,True,True,-3.587,-1.567,0.475,False,False,0.2,14.0,True,False,True,True,,4.7747,0.4984,RELAY_CONNECTIVITY_INFEASIBLE,relay_visibility_restored_but_relay_link_margin_failure
PAY-MESH-OEM,primary,obstruction_sensitivity_h80_x45,h80_x45,80.0,0.45,0.0,30,45,240.0,False,True,True,-3.587,-1.567,0.475,False,False,0.2,14.0,True,False,True,False,gross_mass|rotor_diameter|vehicle_span,15.1456,0.8877,RELAY_CONNECTIVITY_INFEASIBLE,relay_visibility_restored_but_relay_link_margin_failure
PAY-MESH-OEM,primary,obstruction_sensitivity_h80_x45,h80_x45,80.0,0.45,0.0,30,60,240.0,False,True,True,-3.587,-1.567,0.475,False,False,0.2,14.0,False,True,False,False,,,,RELAY_CONNECTIVITY_INFEASIBLE,relay_visibility_restored_but_relay_link_margin_failure
PAY-MESH-OEM,primary,obstruction_sensitivity_h80_x45,h80_x45,80.0,0.45,0.0,40,10,240.0,False,True,True,-6.085,-4.065,-2.024,False,False,0.2,14.0,True,False,True,True,,3.5839,0.4318,RELAY_CONNECTIVITY_INFEASIBLE,relay_visibility_restored_but_relay_link_margin_failure
PAY-MESH-OEM,primary,obstruction_sensitivity_h80_x45,h80_x45,80.0,0.45,0.0,40,20,240.0,False,True,True,-6.085,-4.065,-2.024,False,False,0.2,14.0,True,False,True,True,,3.5839,0.4318,RELAY_CONNECTIVITY_INFEASIBLE,relay_visibility_restored_but_relay_link_margin_failure
PAY-MESH-OEM,primary,obstruction_sensitivity_h80_x45,h80_x45,80.0,0.45,0.0,40,30,240.0,False,True,True,-6.085,-4.065,-2.024,False,False,0.2,14.0,True,False,True,True,,4.7747,0.4984,RELAY_CONNECTIVITY_INFEASIBLE,relay_visibility_restored_but_relay_link_margin_failure
PAY-MESH-OEM,primary,obstruction_sensitivity_h80_x45,h80_x45,80.0,0.45,0.0,40,45,240.0,False,True,True,-6.085,-4.065,-2.024,False,False,0.2,14.0,True,False,True,False,gross_mass|rotor_diameter|vehicle_span,15.1456,0.8877,RELAY_CONNECTIVITY_INFEASIBLE,relay_visibility_restored_but_relay_link_margin_failure
PAY-MESH-OEM,primary,obstruction_sensitivity_h80_x45,h80_x45,80.0,0.45,0.0,40,60,240.0,False,True,True,-6.085,-4.065,-2.024,False,False,0.2,14.0,False,True,False,False,,,,RELAY_CONNECTIVITY_INFEASIBLE,relay_visibility_restored_but_relay_link_margin_failure
PAY-MESH-OEM,primary,obstruction_sensitivity_h80_x45,h80_x45,80.0,0.45,0.0,60,10,240.0,False,True,True,-9.607,-7.587,-5.546,False,False,0.2,14.0,True,False,True,True,,3.5839,0.4318,RELAY_CONNECTIVITY_INFEASIBLE,relay_visibility_restored_but_relay_link_margin_failure
PAY-MESH-OEM,primary,obstruction_sensitivity_h80_x45,h80_x45,80.0,0.45,0.0,60,20,240.0,False,True,True,-9.607,-7.587,-5.546,False,False,0.2,14.0,True,False,True,True,,3.5839,0.4318,RELAY_CONNECTIVITY_INFEASIBLE,relay_visibility_restored_but_relay_link_margin_failure
PAY-MESH-OEM,primary,obstruction_sensitivity_h80_x45,h80_x45,80.0,0.45,0.0,60,30,240.0,False,True,True,-9.607,-7.587,-5.546,False,False,0.2,14.0,True,False,True,True,,4.7747,0.4984,RELAY_CONNECTIVITY_INFEASIBLE,relay_visibility_restored_but_relay_link_margin_failure
PAY-MESH-OEM,primary,obstruction_sensitivity_h80_x45,h80_x45,80.0,0.45,0.0,60,45,240.0,False,True,True,-9.607,-7.587,-5.546,False,False,0.2,14.0,True,False,True,False,gross_mass|rotor_diameter|vehicle_span,15.1456,0.8877,RELAY_CONNECTIVITY_INFEASIBLE,relay_visibility_restored_but_relay_link_margin_failure
PAY-MESH-OEM,primary,obstruction_sensitivity_h80_x45,h80_x45,80.0,0.45,0.0,60,60,240.0,False,True,True,-9.607,-7.587,-5.546,False,False,0.2,14.0,False,True,False,False,,,,RELAY_CONNECTIVITY_INFEASIBLE,relay_visibility_restored_but_relay_link_margin_failure
PAY-SC4200-PLUS,secondary_sensitivity,clear_reference,none,,,0.0,5,10,60.0,True,True,True,11.975,13.994,23.996,True,True,0.36,24.0,True,False,True,True,,4.1402,0.4641,DIRECT_SUFFICIENT,direct_link_clear_and_margin_nonnegative
PAY-SC4200-PLUS,secondary_sensitivity,clear_reference,none,,,0.0,5,20,60.0,True,True,True,11.975,13.994,23.996,True,True,0.36,24.0,True,False,True,True,,4.1402,0.4641,DIRECT_SUFFICIENT,direct_link_clear_and_margin_nonnegative
PAY-SC4200-PLUS,secondary_sensitivity,clear_reference,none,,,0.0,5,30,60.0,True,True,True,11.975,13.994,23.996,True,True,0.36,24.0,True,False,True,True,,5.5528,0.5375,DIRECT_SUFFICIENT,direct_link_clear_and_margin_nonnegative
PAY-SC4200-PLUS,secondary_sensitivity,clear_reference,none,,,0.0,5,45,60.0,True,True,True,11.975,13.994,23.996,True,True,0.36,24.0,False,False,True,False,gross_mass|rotor_diameter|vehicle_span,17.694,0.9595,DIRECT_SUFFICIENT,direct_link_clear_and_margin_nonnegative
PAY-SC4200-PLUS,secondary_sensitivity,clear_reference,none,,,0.0,5,60,60.0,True,True,True,11.975,13.994,23.996,True,True,0.36,24.0,False,True,False,False,,,,DIRECT_SUFFICIENT,direct_link_clear_and_margin_nonnegative
PAY-SC4200-PLUS,secondary_sensitivity,clear_reference,none,,,0.0,10,10,60.0,True,True,True,5.955,7.976,17.976,True,True,0.36,24.0,True,False,True,True,,4.1402,0.4641,DIRECT_SUFFICIENT,direct_link_clear_and_margin_nonnegative
PAY-SC4200-PLUS,secondary_sensitivity,clear_reference,none,,,0.0,10,20,60.0,True,True,True,5.955,7.976,17.976,True,True,0.36,24.0,True,False,True,True,,4.1402,0.4641,DIRECT_SUFFICIENT,direct_link_clear_and_margin_nonnegative
PAY-SC4200-PLUS,secondary_sensitivity,clear_reference,none,,,0.0,10,30,60.0,True,True,True,5.955,7.976,17.976,True,True,0.36,24.0,True,False,True,True,,5.5528,0.5375,DIRECT_SUFFICIENT,direct_link_clear_and_margin_nonnegative
PAY-SC4200-PLUS,secondary_sensitivity,clear_reference,none,,,0.0,10,45,60.0,True,True,True,5.955,7.976,17.976,True,True,0.36,24.0,False,False,True,False,gross_mass|rotor_diameter|vehicle_span,17.694,0.9595,DIRECT_SUFFICIENT,direct_link_clear_and_margin_nonnegative
PAY-SC4200-PLUS,secondary_sensitivity,clear_reference,none,,,0.0,10,60,60.0,True,True,True,5.955,7.976,17.976,True,True,0.36,24.0,False,True,False,False,,,,DIRECT_SUFFICIENT,direct_link_clear_and_margin_nonnegative
PAY-SC4200-PLUS,secondary_sensitivity,clear_reference,none,,,0.0,20,10,60.0,True,True,True,-0.065,1.956,11.956,False,True,0.36,24.0,True,False,True,True,,4.1402,0.4641,RELAY_BENEFICIAL_AND_FEASIBLE,direct_link_margin_loss_relay_link_margin_extension
PAY-SC4200-PLUS,secondary_sensitivity,clear_reference,none,,,0.0,20,20,60.0,True,True,True,-0.065,1.956,11.956,False,True,0.36,24.0,True,False,True,True,,4.1402,0.4641,RELAY_BENEFICIAL_AND_FEASIBLE,direct_link_margin_loss_relay_link_margin_extension
PAY-SC4200-PLUS,secondary_sensitivity,clear_reference,none,,,0.0,20,30,60.0,True,True,True,-0.065,1.956,11.956,False,True,0.36,24.0,True,False,True,True,,5.5528,0.5375,RELAY_BENEFICIAL_AND_FEASIBLE,direct_link_margin_loss_relay_link_margin_extension
PAY-SC4200-PLUS,secondary_sensitivity,clear_reference,none,,,0.0,20,45,60.0,True,True,True,-0.065,1.956,11.956,False,True,0.36,24.0,False,False,True,False,gross_mass|rotor_diameter|vehicle_span,17.694,0.9595,MASS_CLOSED_PRACTICAL_CONSTRAINT_FAILURE,finite_closure_exceeds_practical_analysis_boundary
PAY-SC4200-PLUS,secondary_sensitivity,clear_reference,none,,,0.0,20,60,60.0,True,True,True,-0.065,1.956,11.956,False,True,0.36,24.0,False,True,False,False,,,,RELAY_FUNCTIONAL_VEHICLE_RESOURCE_FAILURE,endurance_driven_mathematical_nonclosure
PAY-SC4200-PLUS,secondary_sensitivity,clear_reference,none,,,0.0,30,10,60.0,True,True,True,-3.587,-1.566,8.434,False,False,0.36,24.0,True,False,True,True,,4.1402,0.4641,RELAY_CONNECTIVITY_INFEASIBLE,relay_link_margin_failure
PAY-SC4200-PLUS,secondary_sensitivity,clear_reference,none,,,0.0,30,20,60.0,True,True,True,-3.587,-1.566,8.434,False,False,0.36,24.0,True,False,True,True,,4.1402,0.4641,RELAY_CONNECTIVITY_INFEASIBLE,relay_link_margin_failure
PAY-SC4200-PLUS,secondary_sensitivity,clear_reference,none,,,0.0,30,30,60.0,True,True,True,-3.587,-1.566,8.434,False,False,0.36,24.0,True,False,True,True,,5.5528,0.5375,RELAY_CONNECTIVITY_INFEASIBLE,relay_link_margin_failure
PAY-SC4200-PLUS,secondary_sensitivity,clear_reference,none,,,0.0,30,45,60.0,True,True,True,-3.587,-1.566,8.434,False,False,0.36,24.0,False,False,True,False,gross_mass|rotor_diameter|vehicle_span,17.694,0.9595,RELAY_CONNECTIVITY_INFEASIBLE,relay_link_margin_failure
PAY-SC4200-PLUS,secondary_sensitivity,clear_reference,none,,,0.0,30,60,60.0,True,True,True,-3.587,-1.566,8.434,False,False,0.36,24.0,False,True,False,False,,,,RELAY_CONNECTIVITY_INFEASIBLE,relay_link_margin_failure
PAY-SC4200-PLUS,secondary_sensitivity,clear_reference,none,,,0.0,40,10,60.0,True,True,True,-6.085,-4.065,5.935,False,False,0.36,24.0,True,False,True,True,,4.1402,0.4641,RELAY_CONNECTIVITY_INFEASIBLE,relay_link_margin_failure
PAY-SC4200-PLUS,secondary_sensitivity,clear_reference,none,,,0.0,40,20,60.0,True,True,True,-6.085,-4.065,5.935,False,False,0.36,24.0,True,False,True,True,,4.1402,0.4641,RELAY_CONNECTIVITY_INFEASIBLE,relay_link_margin_failure
PAY-SC4200-PLUS,secondary_sensitivity,clear_reference,none,,,0.0,40,30,60.0,True,True,True,-6.085,-4.065,5.935,False,False,0.36,24.0,True,False,True,True,,5.5528,0.5375,RELAY_CONNECTIVITY_INFEASIBLE,relay_link_margin_failure
PAY-SC4200-PLUS,secondary_sensitivity,clear_reference,none,,,0.0,40,45,60.0,True,True,True,-6.085,-4.065,5.935,False,False,0.36,24.0,False,False,True,False,gross_mass|rotor_diameter|vehicle_span,17.694,0.9595,RELAY_CONNECTIVITY_INFEASIBLE,relay_link_margin_failure
PAY-SC4200-PLUS,secondary_sensitivity,clear_reference,none,,,0.0,40,60,60.0,True,True,True,-6.085,-4.065,5.935,False,False,0.36,24.0,False,True,False,False,,,,RELAY_CONNECTIVITY_INFEASIBLE,relay_link_margin_failure
PAY-SC4200-PLUS,secondary_sensitivity,clear_reference,none,,,0.0,60,10,60.0,True,True,True,-9.607,-7.587,2.413,False,False,0.36,24.0,True,False,True,True,,4.1402,0.4641,RELAY_CONNECTIVITY_INFEASIBLE,relay_link_margin_failure
PAY-SC4200-PLUS,secondary_sensitivity,clear_reference,none,,,0.0,60,20,60.0,True,True,True,-9.607,-7.587,2.413,False,False,0.36,24.0,True,False,True,True,,4.1402,0.4641,RELAY_CONNECTIVITY_INFEASIBLE,relay_link_margin_failure
PAY-SC4200-PLUS,secondary_sensitivity,clear_reference,none,,,0.0,60,30,60.0,True,True,True,-9.607,-7.587,2.413,False,False,0.36,24.0,True,False,True,True,,5.5528,0.5375,RELAY_CONNECTIVITY_INFEASIBLE,relay_link_margin_failure
PAY-SC4200-PLUS,secondary_sensitivity,clear_reference,none,,,0.0,60,45,60.0,True,True,True,-9.607,-7.587,2.413,False,False,0.36,24.0,False,False,True,False,gross_mass|rotor_diameter|vehicle_span,17.694,0.9595,RELAY_CONNECTIVITY_INFEASIBLE,relay_link_margin_failure
PAY-SC4200-PLUS,secondary_sensitivity,clear_reference,none,,,0.0,60,60,60.0,True,True,True,-9.607,-7.587,2.413,False,False,0.36,24.0,False,True,False,False,,,,RELAY_CONNECTIVITY_INFEASIBLE,relay_link_margin_failure
PAY-SC4200-PLUS,secondary_sensitivity,clear_reference,none,,,0.0,5,10,120.0,True,True,True,11.975,13.987,23.997,True,True,0.36,24.0,True,False,True,True,,4.1402,0.4641,DIRECT_SUFFICIENT,direct_link_clear_and_margin_nonnegative
PAY-SC4200-PLUS,secondary_sensitivity,clear_reference,none,,,0.0,5,20,120.0,True,True,True,11.975,13.987,23.997,True,True,0.36,24.0,True,False,True,True,,4.1402,0.4641,DIRECT_SUFFICIENT,direct_link_clear_and_margin_nonnegative
PAY-SC4200-PLUS,secondary_sensitivity,clear_reference,none,,,0.0,5,30,120.0,True,True,True,11.975,13.987,23.997,True,True,0.36,24.0,True,False,True,True,,5.5528,0.5375,DIRECT_SUFFICIENT,direct_link_clear_and_margin_nonnegative
PAY-SC4200-PLUS,secondary_sensitivity,clear_reference,none,,,0.0,5,45,120.0,True,True,True,11.975,13.987,23.997,True,True,0.36,24.0,False,False,True,False,gross_mass|rotor_diameter|vehicle_span,17.694,0.9595,DIRECT_SUFFICIENT,direct_link_clear_and_margin_nonnegative
PAY-SC4200-PLUS,secondary_sensitivity,clear_reference,none,,,0.0,5,60,120.0,True,True,True,11.975,13.987,23.997,True,True,0.36,24.0,False,True,False,False,,,,DIRECT_SUFFICIENT,direct_link_clear_and_margin_nonnegative
PAY-SC4200-PLUS,secondary_sensitivity,clear_reference,none,,,0.0,10,10,120.0,True,True,True,5.955,7.974,17.976,True,True,0.36,24.0,True,False,True,True,,4.1402,0.4641,DIRECT_SUFFICIENT,direct_link_clear_and_margin_nonnegative
PAY-SC4200-PLUS,secondary_sensitivity,clear_reference,none,,,0.0,10,20,120.0,True,True,True,5.955,7.974,17.976,True,True,0.36,24.0,True,False,True,True,,4.1402,0.4641,DIRECT_SUFFICIENT,direct_link_clear_and_margin_nonnegative
PAY-SC4200-PLUS,secondary_sensitivity,clear_reference,none,,,0.0,10,30,120.0,True,True,True,5.955,7.974,17.976,True,True,0.36,24.0,True,False,True,True,,5.5528,0.5375,DIRECT_SUFFICIENT,direct_link_clear_and_margin_nonnegative
PAY-SC4200-PLUS,secondary_sensitivity,clear_reference,none,,,0.0,10,45,120.0,True,True,True,5.955,7.974,17.976,True,True,0.36,24.0,False,False,True,False,gross_mass|rotor_diameter|vehicle_span,17.694,0.9595,DIRECT_SUFFICIENT,direct_link_clear_and_margin_nonnegative
PAY-SC4200-PLUS,secondary_sensitivity,clear_reference,none,,,0.0,10,60,120.0,True,True,True,5.955,7.974,17.976,True,True,0.36,24.0,False,True,False,False,,,,DIRECT_SUFFICIENT,direct_link_clear_and_margin_nonnegative
PAY-SC4200-PLUS,secondary_sensitivity,clear_reference,none,,,0.0,20,10,120.0,True,True,True,-0.065,1.955,11.956,False,True,0.36,24.0,True,False,True,True,,4.1402,0.4641,RELAY_BENEFICIAL_AND_FEASIBLE,direct_link_margin_loss_relay_link_margin_extension
PAY-SC4200-PLUS,secondary_sensitivity,clear_reference,none,,,0.0,20,20,120.0,True,True,True,-0.065,1.955,11.956,False,True,0.36,24.0,True,False,True,True,,4.1402,0.4641,RELAY_BENEFICIAL_AND_FEASIBLE,direct_link_margin_loss_relay_link_margin_extension
PAY-SC4200-PLUS,secondary_sensitivity,clear_reference,none,,,0.0,20,30,120.0,True,True,True,-0.065,1.955,11.956,False,True,0.36,24.0,True,False,True,True,,5.5528,0.5375,RELAY_BENEFICIAL_AND_FEASIBLE,direct_link_margin_loss_relay_link_margin_extension
PAY-SC4200-PLUS,secondary_sensitivity,clear_reference,none,,,0.0,20,45,120.0,True,True,True,-0.065,1.955,11.956,False,True,0.36,24.0,False,False,True,False,gross_mass|rotor_diameter|vehicle_span,17.694,0.9595,MASS_CLOSED_PRACTICAL_CONSTRAINT_FAILURE,finite_closure_exceeds_practical_analysis_boundary
PAY-SC4200-PLUS,secondary_sensitivity,clear_reference,none,,,0.0,20,60,120.0,True,True,True,-0.065,1.955,11.956,False,True,0.36,24.0,False,True,False,False,,,,RELAY_FUNCTIONAL_VEHICLE_RESOURCE_FAILURE,endurance_driven_mathematical_nonclosure
PAY-SC4200-PLUS,secondary_sensitivity,clear_reference,none,,,0.0,30,10,120.0,True,True,True,-3.587,-1.566,8.434,False,False,0.36,24.0,True,False,True,True,,4.1402,0.4641,RELAY_CONNECTIVITY_INFEASIBLE,relay_link_margin_failure
PAY-SC4200-PLUS,secondary_sensitivity,clear_reference,none,,,0.0,30,20,120.0,True,True,True,-3.587,-1.566,8.434,False,False,0.36,24.0,True,False,True,True,,4.1402,0.4641,RELAY_CONNECTIVITY_INFEASIBLE,relay_link_margin_failure
PAY-SC4200-PLUS,secondary_sensitivity,clear_reference,none,,,0.0,30,30,120.0,True,True,True,-3.587,-1.566,8.434,False,False,0.36,24.0,True,False,True,True,,5.5528,0.5375,RELAY_CONNECTIVITY_INFEASIBLE,relay_link_margin_failure
PAY-SC4200-PLUS,secondary_sensitivity,clear_reference,none,,,0.0,30,45,120.0,True,True,True,-3.587,-1.566,8.434,False,False,0.36,24.0,False,False,True,False,gross_mass|rotor_diameter|vehicle_span,17.694,0.9595,RELAY_CONNECTIVITY_INFEASIBLE,relay_link_margin_failure
PAY-SC4200-PLUS,secondary_sensitivity,clear_reference,none,,,0.0,30,60,120.0,True,True,True,-3.587,-1.566,8.434,False,False,0.36,24.0,False,True,False,False,,,,RELAY_CONNECTIVITY_INFEASIBLE,relay_link_margin_failure
PAY-SC4200-PLUS,secondary_sensitivity,clear_reference,none,,,0.0,40,10,120.0,True,True,True,-6.085,-4.065,5.935,False,False,0.36,24.0,True,False,True,True,,4.1402,0.4641,RELAY_CONNECTIVITY_INFEASIBLE,relay_link_margin_failure
PAY-SC4200-PLUS,secondary_sensitivity,clear_reference,none,,,0.0,40,20,120.0,True,True,True,-6.085,-4.065,5.935,False,False,0.36,24.0,True,False,True,True,,4.1402,0.4641,RELAY_CONNECTIVITY_INFEASIBLE,relay_link_margin_failure
PAY-SC4200-PLUS,secondary_sensitivity,clear_reference,none,,,0.0,40,30,120.0,True,True,True,-6.085,-4.065,5.935,False,False,0.36,24.0,True,False,True,True,,5.5528,0.5375,RELAY_CONNECTIVITY_INFEASIBLE,relay_link_margin_failure
PAY-SC4200-PLUS,secondary_sensitivity,clear_reference,none,,,0.0,40,45,120.0,True,True,True,-6.085,-4.065,5.935,False,False,0.36,24.0,False,False,True,False,gross_mass|rotor_diameter|vehicle_span,17.694,0.9595,RELAY_CONNECTIVITY_INFEASIBLE,relay_link_margin_failure
PAY-SC4200-PLUS,secondary_sensitivity,clear_reference,none,,,0.0,40,60,120.0,True,True,True,-6.085,-4.065,5.935,False,False,0.36,24.0,False,True,False,False,,,,RELAY_CONNECTIVITY_INFEASIBLE,relay_link_margin_failure
PAY-SC4200-PLUS,secondary_sensitivity,clear_reference,none,,,0.0,60,10,120.0,True,True,True,-9.607,-7.587,2.413,False,False,0.36,24.0,True,False,True,True,,4.1402,0.4641,RELAY_CONNECTIVITY_INFEASIBLE,relay_link_margin_failure
PAY-SC4200-PLUS,secondary_sensitivity,clear_reference,none,,,0.0,60,20,120.0,True,True,True,-9.607,-7.587,2.413,False,False,0.36,24.0,True,False,True,True,,4.1402,0.4641,RELAY_CONNECTIVITY_INFEASIBLE,relay_link_margin_failure
PAY-SC4200-PLUS,secondary_sensitivity,clear_reference,none,,,0.0,60,30,120.0,True,True,True,-9.607,-7.587,2.413,False,False,0.36,24.0,True,False,True,True,,5.5528,0.5375,RELAY_CONNECTIVITY_INFEASIBLE,relay_link_margin_failure
PAY-SC4200-PLUS,secondary_sensitivity,clear_reference,none,,,0.0,60,45,120.0,True,True,True,-9.607,-7.587,2.413,False,False,0.36,24.0,False,False,True,False,gross_mass|rotor_diameter|vehicle_span,17.694,0.9595,RELAY_CONNECTIVITY_INFEASIBLE,relay_link_margin_failure
PAY-SC4200-PLUS,secondary_sensitivity,clear_reference,none,,,0.0,60,60,120.0,True,True,True,-9.607,-7.587,2.413,False,False,0.36,24.0,False,True,False,False,,,,RELAY_CONNECTIVITY_INFEASIBLE,relay_link_margin_failure
PAY-SC4200-PLUS,secondary_sensitivity,clear_reference,none,,,0.0,5,10,240.0,True,True,True,11.975,13.957,23.983,True,True,0.36,24.0,True,False,True,True,,4.1402,0.4641,DIRECT_SUFFICIENT,direct_link_clear_and_margin_nonnegative
PAY-SC4200-PLUS,secondary_sensitivity,clear_reference,none,,,0.0,5,20,240.0,True,True,True,11.975,13.957,23.983,True,True,0.36,24.0,True,False,True,True,,4.1402,0.4641,DIRECT_SUFFICIENT,direct_link_clear_and_margin_nonnegative
PAY-SC4200-PLUS,secondary_sensitivity,clear_reference,none,,,0.0,5,30,240.0,True,True,True,11.975,13.957,23.983,True,True,0.36,24.0,True,False,True,True,,5.5528,0.5375,DIRECT_SUFFICIENT,direct_link_clear_and_margin_nonnegative
PAY-SC4200-PLUS,secondary_sensitivity,clear_reference,none,,,0.0,5,45,240.0,True,True,True,11.975,13.957,23.983,True,True,0.36,24.0,False,False,True,False,gross_mass|rotor_diameter|vehicle_span,17.694,0.9595,DIRECT_SUFFICIENT,direct_link_clear_and_margin_nonnegative
PAY-SC4200-PLUS,secondary_sensitivity,clear_reference,none,,,0.0,5,60,240.0,True,True,True,11.975,13.957,23.983,True,True,0.36,24.0,False,True,False,False,,,,DIRECT_SUFFICIENT,direct_link_clear_and_margin_nonnegative
PAY-SC4200-PLUS,secondary_sensitivity,clear_reference,none,,,0.0,10,10,240.0,True,True,True,5.955,7.966,17.973,True,True,0.36,24.0,True,False,True,True,,4.1402,0.4641,DIRECT_SUFFICIENT,direct_link_clear_and_margin_nonnegative
PAY-SC4200-PLUS,secondary_sensitivity,clear_reference,none,,,0.0,10,20,240.0,True,True,True,5.955,7.966,17.973,True,True,0.36,24.0,True,False,True,True,,4.1402,0.4641,DIRECT_SUFFICIENT,direct_link_clear_and_margin_nonnegative
PAY-SC4200-PLUS,secondary_sensitivity,clear_reference,none,,,0.0,10,30,240.0,True,True,True,5.955,7.966,17.973,True,True,0.36,24.0,True,False,True,True,,5.5528,0.5375,DIRECT_SUFFICIENT,direct_link_clear_and_margin_nonnegative
PAY-SC4200-PLUS,secondary_sensitivity,clear_reference,none,,,0.0,10,45,240.0,True,True,True,5.955,7.966,17.973,True,True,0.36,24.0,False,False,True,False,gross_mass|rotor_diameter|vehicle_span,17.694,0.9595,DIRECT_SUFFICIENT,direct_link_clear_and_margin_nonnegative
PAY-SC4200-PLUS,secondary_sensitivity,clear_reference,none,,,0.0,10,60,240.0,True,True,True,5.955,7.966,17.973,True,True,0.36,24.0,False,True,False,False,,,,DIRECT_SUFFICIENT,direct_link_clear_and_margin_nonnegative
PAY-SC4200-PLUS,secondary_sensitivity,clear_reference,none,,,0.0,20,10,240.0,True,True,True,-0.065,1.953,11.955,False,True,0.36,24.0,True,False,True,True,,4.1402,0.4641,RELAY_BENEFICIAL_AND_FEASIBLE,direct_link_margin_loss_relay_link_margin_extension
PAY-SC4200-PLUS,secondary_sensitivity,clear_reference,none,,,0.0,20,20,240.0,True,True,True,-0.065,1.953,11.955,False,True,0.36,24.0,True,False,True,True,,4.1402,0.4641,RELAY_BENEFICIAL_AND_FEASIBLE,direct_link_margin_loss_relay_link_margin_extension
PAY-SC4200-PLUS,secondary_sensitivity,clear_reference,none,,,0.0,20,30,240.0,True,True,True,-0.065,1.953,11.955,False,True,0.36,24.0,True,False,True,True,,5.5528,0.5375,RELAY_BENEFICIAL_AND_FEASIBLE,direct_link_margin_loss_relay_link_margin_extension
PAY-SC4200-PLUS,secondary_sensitivity,clear_reference,none,,,0.0,20,45,240.0,True,True,True,-0.065,1.953,11.955,False,True,0.36,24.0,False,False,True,False,gross_mass|rotor_diameter|vehicle_span,17.694,0.9595,MASS_CLOSED_PRACTICAL_CONSTRAINT_FAILURE,finite_closure_exceeds_practical_analysis_boundary
PAY-SC4200-PLUS,secondary_sensitivity,clear_reference,none,,,0.0,20,60,240.0,True,True,True,-0.065,1.953,11.955,False,True,0.36,24.0,False,True,False,False,,,,RELAY_FUNCTIONAL_VEHICLE_RESOURCE_FAILURE,endurance_driven_mathematical_nonclosure
PAY-SC4200-PLUS,secondary_sensitivity,clear_reference,none,,,0.0,30,10,240.0,True,True,True,-3.587,-1.567,8.434,False,False,0.36,24.0,True,False,True,True,,4.1402,0.4641,RELAY_CONNECTIVITY_INFEASIBLE,relay_link_margin_failure
PAY-SC4200-PLUS,secondary_sensitivity,clear_reference,none,,,0.0,30,20,240.0,True,True,True,-3.587,-1.567,8.434,False,False,0.36,24.0,True,False,True,True,,4.1402,0.4641,RELAY_CONNECTIVITY_INFEASIBLE,relay_link_margin_failure
PAY-SC4200-PLUS,secondary_sensitivity,clear_reference,none,,,0.0,30,30,240.0,True,True,True,-3.587,-1.567,8.434,False,False,0.36,24.0,True,False,True,True,,5.5528,0.5375,RELAY_CONNECTIVITY_INFEASIBLE,relay_link_margin_failure
PAY-SC4200-PLUS,secondary_sensitivity,clear_reference,none,,,0.0,30,45,240.0,True,True,True,-3.587,-1.567,8.434,False,False,0.36,24.0,False,False,True,False,gross_mass|rotor_diameter|vehicle_span,17.694,0.9595,RELAY_CONNECTIVITY_INFEASIBLE,relay_link_margin_failure
PAY-SC4200-PLUS,secondary_sensitivity,clear_reference,none,,,0.0,30,60,240.0,True,True,True,-3.587,-1.567,8.434,False,False,0.36,24.0,False,True,False,False,,,,RELAY_CONNECTIVITY_INFEASIBLE,relay_link_margin_failure
PAY-SC4200-PLUS,secondary_sensitivity,clear_reference,none,,,0.0,40,10,240.0,True,True,True,-6.085,-4.065,5.935,False,False,0.36,24.0,True,False,True,True,,4.1402,0.4641,RELAY_CONNECTIVITY_INFEASIBLE,relay_link_margin_failure
PAY-SC4200-PLUS,secondary_sensitivity,clear_reference,none,,,0.0,40,20,240.0,True,True,True,-6.085,-4.065,5.935,False,False,0.36,24.0,True,False,True,True,,4.1402,0.4641,RELAY_CONNECTIVITY_INFEASIBLE,relay_link_margin_failure
PAY-SC4200-PLUS,secondary_sensitivity,clear_reference,none,,,0.0,40,30,240.0,True,True,True,-6.085,-4.065,5.935,False,False,0.36,24.0,True,False,True,True,,5.5528,0.5375,RELAY_CONNECTIVITY_INFEASIBLE,relay_link_margin_failure
PAY-SC4200-PLUS,secondary_sensitivity,clear_reference,none,,,0.0,40,45,240.0,True,True,True,-6.085,-4.065,5.935,False,False,0.36,24.0,False,False,True,False,gross_mass|rotor_diameter|vehicle_span,17.694,0.9595,RELAY_CONNECTIVITY_INFEASIBLE,relay_link_margin_failure
PAY-SC4200-PLUS,secondary_sensitivity,clear_reference,none,,,0.0,40,60,240.0,True,True,True,-6.085,-4.065,5.935,False,False,0.36,24.0,False,True,False,False,,,,RELAY_CONNECTIVITY_INFEASIBLE,relay_link_margin_failure
PAY-SC4200-PLUS,secondary_sensitivity,clear_reference,none,,,0.0,60,10,240.0,True,True,True,-9.607,-7.587,2.413,False,False,0.36,24.0,True,False,True,True,,4.1402,0.4641,RELAY_CONNECTIVITY_INFEASIBLE,relay_link_margin_failure
PAY-SC4200-PLUS,secondary_sensitivity,clear_reference,none,,,0.0,60,20,240.0,True,True,True,-9.607,-7.587,2.413,False,False,0.36,24.0,True,False,True,True,,4.1402,0.4641,RELAY_CONNECTIVITY_INFEASIBLE,relay_link_margin_failure
PAY-SC4200-PLUS,secondary_sensitivity,clear_reference,none,,,0.0,60,30,240.0,True,True,True,-9.607,-7.587,2.413,False,False,0.36,24.0,True,False,True,True,,5.5528,0.5375,RELAY_CONNECTIVITY_INFEASIBLE,relay_link_margin_failure
PAY-SC4200-PLUS,secondary_sensitivity,clear_reference,none,,,0.0,60,45,240.0,True,True,True,-9.607,-7.587,2.413,False,False,0.36,24.0,False,False,True,False,gross_mass|rotor_diameter|vehicle_span,17.694,0.9595,RELAY_CONNECTIVITY_INFEASIBLE,relay_link_margin_failure
PAY-SC4200-PLUS,secondary_sensitivity,clear_reference,none,,,0.0,60,60,240.0,True,True,True,-9.607,-7.587,2.413,False,False,0.36,24.0,False,True,False,False,,,,RELAY_CONNECTIVITY_INFEASIBLE,relay_link_margin_failure
PAY-SC4200-PLUS,secondary_sensitivity,obstructed_reference,baseline_h80_x40,80.0,0.4,0.0,5,10,60.0,False,False,True,11.975,13.994,23.996,False,False,0.36,24.0,True,False,True,True,,4.1402,0.4641,RELAY_CONNECTIVITY_INFEASIBLE,relay_visibility_failure
PAY-SC4200-PLUS,secondary_sensitivity,obstructed_reference,baseline_h80_x40,80.0,0.4,0.0,5,20,60.0,False,False,True,11.975,13.994,23.996,False,False,0.36,24.0,True,False,True,True,,4.1402,0.4641,RELAY_CONNECTIVITY_INFEASIBLE,relay_visibility_failure
PAY-SC4200-PLUS,secondary_sensitivity,obstructed_reference,baseline_h80_x40,80.0,0.4,0.0,5,30,60.0,False,False,True,11.975,13.994,23.996,False,False,0.36,24.0,True,False,True,True,,5.5528,0.5375,RELAY_CONNECTIVITY_INFEASIBLE,relay_visibility_failure
PAY-SC4200-PLUS,secondary_sensitivity,obstructed_reference,baseline_h80_x40,80.0,0.4,0.0,5,45,60.0,False,False,True,11.975,13.994,23.996,False,False,0.36,24.0,False,False,True,False,gross_mass|rotor_diameter|vehicle_span,17.694,0.9595,RELAY_CONNECTIVITY_INFEASIBLE,relay_visibility_failure
PAY-SC4200-PLUS,secondary_sensitivity,obstructed_reference,baseline_h80_x40,80.0,0.4,0.0,5,60,60.0,False,False,True,11.975,13.994,23.996,False,False,0.36,24.0,False,True,False,False,,,,RELAY_CONNECTIVITY_INFEASIBLE,relay_visibility_failure
PAY-SC4200-PLUS,secondary_sensitivity,obstructed_reference,baseline_h80_x40,80.0,0.4,0.0,10,10,60.0,False,False,True,5.955,7.976,17.976,False,False,0.36,24.0,True,False,True,True,,4.1402,0.4641,RELAY_CONNECTIVITY_INFEASIBLE,relay_visibility_failure
PAY-SC4200-PLUS,secondary_sensitivity,obstructed_reference,baseline_h80_x40,80.0,0.4,0.0,10,20,60.0,False,False,True,5.955,7.976,17.976,False,False,0.36,24.0,True,False,True,True,,4.1402,0.4641,RELAY_CONNECTIVITY_INFEASIBLE,relay_visibility_failure
PAY-SC4200-PLUS,secondary_sensitivity,obstructed_reference,baseline_h80_x40,80.0,0.4,0.0,10,30,60.0,False,False,True,5.955,7.976,17.976,False,False,0.36,24.0,True,False,True,True,,5.5528,0.5375,RELAY_CONNECTIVITY_INFEASIBLE,relay_visibility_failure
PAY-SC4200-PLUS,secondary_sensitivity,obstructed_reference,baseline_h80_x40,80.0,0.4,0.0,10,45,60.0,False,False,True,5.955,7.976,17.976,False,False,0.36,24.0,False,False,True,False,gross_mass|rotor_diameter|vehicle_span,17.694,0.9595,RELAY_CONNECTIVITY_INFEASIBLE,relay_visibility_failure
PAY-SC4200-PLUS,secondary_sensitivity,obstructed_reference,baseline_h80_x40,80.0,0.4,0.0,10,60,60.0,False,False,True,5.955,7.976,17.976,False,False,0.36,24.0,False,True,False,False,,,,RELAY_CONNECTIVITY_INFEASIBLE,relay_visibility_failure
PAY-SC4200-PLUS,secondary_sensitivity,obstructed_reference,baseline_h80_x40,80.0,0.4,0.0,20,10,60.0,False,False,True,-0.065,1.956,11.956,False,False,0.36,24.0,True,False,True,True,,4.1402,0.4641,RELAY_CONNECTIVITY_INFEASIBLE,relay_visibility_failure
PAY-SC4200-PLUS,secondary_sensitivity,obstructed_reference,baseline_h80_x40,80.0,0.4,0.0,20,20,60.0,False,False,True,-0.065,1.956,11.956,False,False,0.36,24.0,True,False,True,True,,4.1402,0.4641,RELAY_CONNECTIVITY_INFEASIBLE,relay_visibility_failure
PAY-SC4200-PLUS,secondary_sensitivity,obstructed_reference,baseline_h80_x40,80.0,0.4,0.0,20,30,60.0,False,False,True,-0.065,1.956,11.956,False,False,0.36,24.0,True,False,True,True,,5.5528,0.5375,RELAY_CONNECTIVITY_INFEASIBLE,relay_visibility_failure
PAY-SC4200-PLUS,secondary_sensitivity,obstructed_reference,baseline_h80_x40,80.0,0.4,0.0,20,45,60.0,False,False,True,-0.065,1.956,11.956,False,False,0.36,24.0,False,False,True,False,gross_mass|rotor_diameter|vehicle_span,17.694,0.9595,RELAY_CONNECTIVITY_INFEASIBLE,relay_visibility_failure
PAY-SC4200-PLUS,secondary_sensitivity,obstructed_reference,baseline_h80_x40,80.0,0.4,0.0,20,60,60.0,False,False,True,-0.065,1.956,11.956,False,False,0.36,24.0,False,True,False,False,,,,RELAY_CONNECTIVITY_INFEASIBLE,relay_visibility_failure
PAY-SC4200-PLUS,secondary_sensitivity,obstructed_reference,baseline_h80_x40,80.0,0.4,0.0,30,10,60.0,False,False,True,-3.587,-1.566,8.434,False,False,0.36,24.0,True,False,True,True,,4.1402,0.4641,RELAY_CONNECTIVITY_INFEASIBLE,relay_visibility_failure
PAY-SC4200-PLUS,secondary_sensitivity,obstructed_reference,baseline_h80_x40,80.0,0.4,0.0,30,20,60.0,False,False,True,-3.587,-1.566,8.434,False,False,0.36,24.0,True,False,True,True,,4.1402,0.4641,RELAY_CONNECTIVITY_INFEASIBLE,relay_visibility_failure
PAY-SC4200-PLUS,secondary_sensitivity,obstructed_reference,baseline_h80_x40,80.0,0.4,0.0,30,30,60.0,False,False,True,-3.587,-1.566,8.434,False,False,0.36,24.0,True,False,True,True,,5.5528,0.5375,RELAY_CONNECTIVITY_INFEASIBLE,relay_visibility_failure
PAY-SC4200-PLUS,secondary_sensitivity,obstructed_reference,baseline_h80_x40,80.0,0.4,0.0,30,45,60.0,False,False,True,-3.587,-1.566,8.434,False,False,0.36,24.0,False,False,True,False,gross_mass|rotor_diameter|vehicle_span,17.694,0.9595,RELAY_CONNECTIVITY_INFEASIBLE,relay_visibility_failure
PAY-SC4200-PLUS,secondary_sensitivity,obstructed_reference,baseline_h80_x40,80.0,0.4,0.0,30,60,60.0,False,False,True,-3.587,-1.566,8.434,False,False,0.36,24.0,False,True,False,False,,,,RELAY_CONNECTIVITY_INFEASIBLE,relay_visibility_failure
PAY-SC4200-PLUS,secondary_sensitivity,obstructed_reference,baseline_h80_x40,80.0,0.4,0.0,40,10,60.0,False,False,True,-6.085,-4.065,5.935,False,False,0.36,24.0,True,False,True,True,,4.1402,0.4641,RELAY_CONNECTIVITY_INFEASIBLE,relay_visibility_failure
PAY-SC4200-PLUS,secondary_sensitivity,obstructed_reference,baseline_h80_x40,80.0,0.4,0.0,40,20,60.0,False,False,True,-6.085,-4.065,5.935,False,False,0.36,24.0,True,False,True,True,,4.1402,0.4641,RELAY_CONNECTIVITY_INFEASIBLE,relay_visibility_failure
PAY-SC4200-PLUS,secondary_sensitivity,obstructed_reference,baseline_h80_x40,80.0,0.4,0.0,40,30,60.0,False,False,True,-6.085,-4.065,5.935,False,False,0.36,24.0,True,False,True,True,,5.5528,0.5375,RELAY_CONNECTIVITY_INFEASIBLE,relay_visibility_failure
PAY-SC4200-PLUS,secondary_sensitivity,obstructed_reference,baseline_h80_x40,80.0,0.4,0.0,40,45,60.0,False,False,True,-6.085,-4.065,5.935,False,False,0.36,24.0,False,False,True,False,gross_mass|rotor_diameter|vehicle_span,17.694,0.9595,RELAY_CONNECTIVITY_INFEASIBLE,relay_visibility_failure
PAY-SC4200-PLUS,secondary_sensitivity,obstructed_reference,baseline_h80_x40,80.0,0.4,0.0,40,60,60.0,False,False,True,-6.085,-4.065,5.935,False,False,0.36,24.0,False,True,False,False,,,,RELAY_CONNECTIVITY_INFEASIBLE,relay_visibility_failure
PAY-SC4200-PLUS,secondary_sensitivity,obstructed_reference,baseline_h80_x40,80.0,0.4,0.0,60,10,60.0,False,False,True,-9.607,-7.587,2.413,False,False,0.36,24.0,True,False,True,True,,4.1402,0.4641,RELAY_CONNECTIVITY_INFEASIBLE,relay_visibility_failure
PAY-SC4200-PLUS,secondary_sensitivity,obstructed_reference,baseline_h80_x40,80.0,0.4,0.0,60,20,60.0,False,False,True,-9.607,-7.587,2.413,False,False,0.36,24.0,True,False,True,True,,4.1402,0.4641,RELAY_CONNECTIVITY_INFEASIBLE,relay_visibility_failure
PAY-SC4200-PLUS,secondary_sensitivity,obstructed_reference,baseline_h80_x40,80.0,0.4,0.0,60,30,60.0,False,False,True,-9.607,-7.587,2.413,False,False,0.36,24.0,True,False,True,True,,5.5528,0.5375,RELAY_CONNECTIVITY_INFEASIBLE,relay_visibility_failure
PAY-SC4200-PLUS,secondary_sensitivity,obstructed_reference,baseline_h80_x40,80.0,0.4,0.0,60,45,60.0,False,False,True,-9.607,-7.587,2.413,False,False,0.36,24.0,False,False,True,False,gross_mass|rotor_diameter|vehicle_span,17.694,0.9595,RELAY_CONNECTIVITY_INFEASIBLE,relay_visibility_failure
PAY-SC4200-PLUS,secondary_sensitivity,obstructed_reference,baseline_h80_x40,80.0,0.4,0.0,60,60,60.0,False,False,True,-9.607,-7.587,2.413,False,False,0.36,24.0,False,True,False,False,,,,RELAY_CONNECTIVITY_INFEASIBLE,relay_visibility_failure
PAY-SC4200-PLUS,secondary_sensitivity,obstructed_reference,baseline_h80_x40,80.0,0.4,0.0,5,10,120.0,False,True,True,11.975,13.987,23.997,False,True,0.36,24.0,True,False,True,True,,4.1402,0.4641,RELAY_BENEFICIAL_AND_FEASIBLE,direct_visibility_loss_relay_visibility_restoration
PAY-SC4200-PLUS,secondary_sensitivity,obstructed_reference,baseline_h80_x40,80.0,0.4,0.0,5,20,120.0,False,True,True,11.975,13.987,23.997,False,True,0.36,24.0,True,False,True,True,,4.1402,0.4641,RELAY_BENEFICIAL_AND_FEASIBLE,direct_visibility_loss_relay_visibility_restoration
PAY-SC4200-PLUS,secondary_sensitivity,obstructed_reference,baseline_h80_x40,80.0,0.4,0.0,5,30,120.0,False,True,True,11.975,13.987,23.997,False,True,0.36,24.0,True,False,True,True,,5.5528,0.5375,RELAY_BENEFICIAL_AND_FEASIBLE,direct_visibility_loss_relay_visibility_restoration
PAY-SC4200-PLUS,secondary_sensitivity,obstructed_reference,baseline_h80_x40,80.0,0.4,0.0,5,45,120.0,False,True,True,11.975,13.987,23.997,False,True,0.36,24.0,False,False,True,False,gross_mass|rotor_diameter|vehicle_span,17.694,0.9595,MASS_CLOSED_PRACTICAL_CONSTRAINT_FAILURE,finite_closure_exceeds_practical_analysis_boundary
PAY-SC4200-PLUS,secondary_sensitivity,obstructed_reference,baseline_h80_x40,80.0,0.4,0.0,5,60,120.0,False,True,True,11.975,13.987,23.997,False,True,0.36,24.0,False,True,False,False,,,,RELAY_FUNCTIONAL_VEHICLE_RESOURCE_FAILURE,endurance_driven_mathematical_nonclosure
PAY-SC4200-PLUS,secondary_sensitivity,obstructed_reference,baseline_h80_x40,80.0,0.4,0.0,10,10,120.0,False,True,True,5.955,7.974,17.976,False,True,0.36,24.0,True,False,True,True,,4.1402,0.4641,RELAY_BENEFICIAL_AND_FEASIBLE,direct_visibility_loss_relay_visibility_restoration
PAY-SC4200-PLUS,secondary_sensitivity,obstructed_reference,baseline_h80_x40,80.0,0.4,0.0,10,20,120.0,False,True,True,5.955,7.974,17.976,False,True,0.36,24.0,True,False,True,True,,4.1402,0.4641,RELAY_BENEFICIAL_AND_FEASIBLE,direct_visibility_loss_relay_visibility_restoration
PAY-SC4200-PLUS,secondary_sensitivity,obstructed_reference,baseline_h80_x40,80.0,0.4,0.0,10,30,120.0,False,True,True,5.955,7.974,17.976,False,True,0.36,24.0,True,False,True,True,,5.5528,0.5375,RELAY_BENEFICIAL_AND_FEASIBLE,direct_visibility_loss_relay_visibility_restoration
PAY-SC4200-PLUS,secondary_sensitivity,obstructed_reference,baseline_h80_x40,80.0,0.4,0.0,10,45,120.0,False,True,True,5.955,7.974,17.976,False,True,0.36,24.0,False,False,True,False,gross_mass|rotor_diameter|vehicle_span,17.694,0.9595,MASS_CLOSED_PRACTICAL_CONSTRAINT_FAILURE,finite_closure_exceeds_practical_analysis_boundary
PAY-SC4200-PLUS,secondary_sensitivity,obstructed_reference,baseline_h80_x40,80.0,0.4,0.0,10,60,120.0,False,True,True,5.955,7.974,17.976,False,True,0.36,24.0,False,True,False,False,,,,RELAY_FUNCTIONAL_VEHICLE_RESOURCE_FAILURE,endurance_driven_mathematical_nonclosure
PAY-SC4200-PLUS,secondary_sensitivity,obstructed_reference,baseline_h80_x40,80.0,0.4,0.0,20,10,120.0,False,True,True,-0.065,1.955,11.956,False,True,0.36,24.0,True,False,True,True,,4.1402,0.4641,RELAY_BENEFICIAL_AND_FEASIBLE,direct_visibility_loss_relay_visibility_restoration
PAY-SC4200-PLUS,secondary_sensitivity,obstructed_reference,baseline_h80_x40,80.0,0.4,0.0,20,20,120.0,False,True,True,-0.065,1.955,11.956,False,True,0.36,24.0,True,False,True,True,,4.1402,0.4641,RELAY_BENEFICIAL_AND_FEASIBLE,direct_visibility_loss_relay_visibility_restoration
PAY-SC4200-PLUS,secondary_sensitivity,obstructed_reference,baseline_h80_x40,80.0,0.4,0.0,20,30,120.0,False,True,True,-0.065,1.955,11.956,False,True,0.36,24.0,True,False,True,True,,5.5528,0.5375,RELAY_BENEFICIAL_AND_FEASIBLE,direct_visibility_loss_relay_visibility_restoration
PAY-SC4200-PLUS,secondary_sensitivity,obstructed_reference,baseline_h80_x40,80.0,0.4,0.0,20,45,120.0,False,True,True,-0.065,1.955,11.956,False,True,0.36,24.0,False,False,True,False,gross_mass|rotor_diameter|vehicle_span,17.694,0.9595,MASS_CLOSED_PRACTICAL_CONSTRAINT_FAILURE,finite_closure_exceeds_practical_analysis_boundary
PAY-SC4200-PLUS,secondary_sensitivity,obstructed_reference,baseline_h80_x40,80.0,0.4,0.0,20,60,120.0,False,True,True,-0.065,1.955,11.956,False,True,0.36,24.0,False,True,False,False,,,,RELAY_FUNCTIONAL_VEHICLE_RESOURCE_FAILURE,endurance_driven_mathematical_nonclosure
PAY-SC4200-PLUS,secondary_sensitivity,obstructed_reference,baseline_h80_x40,80.0,0.4,0.0,30,10,120.0,False,True,True,-3.587,-1.566,8.434,False,False,0.36,24.0,True,False,True,True,,4.1402,0.4641,RELAY_CONNECTIVITY_INFEASIBLE,relay_visibility_restored_but_relay_link_margin_failure
PAY-SC4200-PLUS,secondary_sensitivity,obstructed_reference,baseline_h80_x40,80.0,0.4,0.0,30,20,120.0,False,True,True,-3.587,-1.566,8.434,False,False,0.36,24.0,True,False,True,True,,4.1402,0.4641,RELAY_CONNECTIVITY_INFEASIBLE,relay_visibility_restored_but_relay_link_margin_failure
PAY-SC4200-PLUS,secondary_sensitivity,obstructed_reference,baseline_h80_x40,80.0,0.4,0.0,30,30,120.0,False,True,True,-3.587,-1.566,8.434,False,False,0.36,24.0,True,False,True,True,,5.5528,0.5375,RELAY_CONNECTIVITY_INFEASIBLE,relay_visibility_restored_but_relay_link_margin_failure
PAY-SC4200-PLUS,secondary_sensitivity,obstructed_reference,baseline_h80_x40,80.0,0.4,0.0,30,45,120.0,False,True,True,-3.587,-1.566,8.434,False,False,0.36,24.0,False,False,True,False,gross_mass|rotor_diameter|vehicle_span,17.694,0.9595,RELAY_CONNECTIVITY_INFEASIBLE,relay_visibility_restored_but_relay_link_margin_failure
PAY-SC4200-PLUS,secondary_sensitivity,obstructed_reference,baseline_h80_x40,80.0,0.4,0.0,30,60,120.0,False,True,True,-3.587,-1.566,8.434,False,False,0.36,24.0,False,True,False,False,,,,RELAY_CONNECTIVITY_INFEASIBLE,relay_visibility_restored_but_relay_link_margin_failure
PAY-SC4200-PLUS,secondary_sensitivity,obstructed_reference,baseline_h80_x40,80.0,0.4,0.0,40,10,120.0,False,True,True,-6.085,-4.065,5.935,False,False,0.36,24.0,True,False,True,True,,4.1402,0.4641,RELAY_CONNECTIVITY_INFEASIBLE,relay_visibility_restored_but_relay_link_margin_failure
PAY-SC4200-PLUS,secondary_sensitivity,obstructed_reference,baseline_h80_x40,80.0,0.4,0.0,40,20,120.0,False,True,True,-6.085,-4.065,5.935,False,False,0.36,24.0,True,False,True,True,,4.1402,0.4641,RELAY_CONNECTIVITY_INFEASIBLE,relay_visibility_restored_but_relay_link_margin_failure
PAY-SC4200-PLUS,secondary_sensitivity,obstructed_reference,baseline_h80_x40,80.0,0.4,0.0,40,30,120.0,False,True,True,-6.085,-4.065,5.935,False,False,0.36,24.0,True,False,True,True,,5.5528,0.5375,RELAY_CONNECTIVITY_INFEASIBLE,relay_visibility_restored_but_relay_link_margin_failure
PAY-SC4200-PLUS,secondary_sensitivity,obstructed_reference,baseline_h80_x40,80.0,0.4,0.0,40,45,120.0,False,True,True,-6.085,-4.065,5.935,False,False,0.36,24.0,False,False,True,False,gross_mass|rotor_diameter|vehicle_span,17.694,0.9595,RELAY_CONNECTIVITY_INFEASIBLE,relay_visibility_restored_but_relay_link_margin_failure
PAY-SC4200-PLUS,secondary_sensitivity,obstructed_reference,baseline_h80_x40,80.0,0.4,0.0,40,60,120.0,False,True,True,-6.085,-4.065,5.935,False,False,0.36,24.0,False,True,False,False,,,,RELAY_CONNECTIVITY_INFEASIBLE,relay_visibility_restored_but_relay_link_margin_failure
PAY-SC4200-PLUS,secondary_sensitivity,obstructed_reference,baseline_h80_x40,80.0,0.4,0.0,60,10,120.0,False,True,True,-9.607,-7.587,2.413,False,False,0.36,24.0,True,False,True,True,,4.1402,0.4641,RELAY_CONNECTIVITY_INFEASIBLE,relay_visibility_restored_but_relay_link_margin_failure
PAY-SC4200-PLUS,secondary_sensitivity,obstructed_reference,baseline_h80_x40,80.0,0.4,0.0,60,20,120.0,False,True,True,-9.607,-7.587,2.413,False,False,0.36,24.0,True,False,True,True,,4.1402,0.4641,RELAY_CONNECTIVITY_INFEASIBLE,relay_visibility_restored_but_relay_link_margin_failure
PAY-SC4200-PLUS,secondary_sensitivity,obstructed_reference,baseline_h80_x40,80.0,0.4,0.0,60,30,120.0,False,True,True,-9.607,-7.587,2.413,False,False,0.36,24.0,True,False,True,True,,5.5528,0.5375,RELAY_CONNECTIVITY_INFEASIBLE,relay_visibility_restored_but_relay_link_margin_failure
PAY-SC4200-PLUS,secondary_sensitivity,obstructed_reference,baseline_h80_x40,80.0,0.4,0.0,60,45,120.0,False,True,True,-9.607,-7.587,2.413,False,False,0.36,24.0,False,False,True,False,gross_mass|rotor_diameter|vehicle_span,17.694,0.9595,RELAY_CONNECTIVITY_INFEASIBLE,relay_visibility_restored_but_relay_link_margin_failure
PAY-SC4200-PLUS,secondary_sensitivity,obstructed_reference,baseline_h80_x40,80.0,0.4,0.0,60,60,120.0,False,True,True,-9.607,-7.587,2.413,False,False,0.36,24.0,False,True,False,False,,,,RELAY_CONNECTIVITY_INFEASIBLE,relay_visibility_restored_but_relay_link_margin_failure
PAY-SC4200-PLUS,secondary_sensitivity,obstructed_reference,baseline_h80_x40,80.0,0.4,0.0,5,10,240.0,False,True,True,11.975,13.957,23.983,False,True,0.36,24.0,True,False,True,True,,4.1402,0.4641,RELAY_BENEFICIAL_AND_FEASIBLE,direct_visibility_loss_relay_visibility_restoration
PAY-SC4200-PLUS,secondary_sensitivity,obstructed_reference,baseline_h80_x40,80.0,0.4,0.0,5,20,240.0,False,True,True,11.975,13.957,23.983,False,True,0.36,24.0,True,False,True,True,,4.1402,0.4641,RELAY_BENEFICIAL_AND_FEASIBLE,direct_visibility_loss_relay_visibility_restoration
PAY-SC4200-PLUS,secondary_sensitivity,obstructed_reference,baseline_h80_x40,80.0,0.4,0.0,5,30,240.0,False,True,True,11.975,13.957,23.983,False,True,0.36,24.0,True,False,True,True,,5.5528,0.5375,RELAY_BENEFICIAL_AND_FEASIBLE,direct_visibility_loss_relay_visibility_restoration
PAY-SC4200-PLUS,secondary_sensitivity,obstructed_reference,baseline_h80_x40,80.0,0.4,0.0,5,45,240.0,False,True,True,11.975,13.957,23.983,False,True,0.36,24.0,False,False,True,False,gross_mass|rotor_diameter|vehicle_span,17.694,0.9595,MASS_CLOSED_PRACTICAL_CONSTRAINT_FAILURE,finite_closure_exceeds_practical_analysis_boundary
PAY-SC4200-PLUS,secondary_sensitivity,obstructed_reference,baseline_h80_x40,80.0,0.4,0.0,5,60,240.0,False,True,True,11.975,13.957,23.983,False,True,0.36,24.0,False,True,False,False,,,,RELAY_FUNCTIONAL_VEHICLE_RESOURCE_FAILURE,endurance_driven_mathematical_nonclosure
PAY-SC4200-PLUS,secondary_sensitivity,obstructed_reference,baseline_h80_x40,80.0,0.4,0.0,10,10,240.0,False,True,True,5.955,7.966,17.973,False,True,0.36,24.0,True,False,True,True,,4.1402,0.4641,RELAY_BENEFICIAL_AND_FEASIBLE,direct_visibility_loss_relay_visibility_restoration
PAY-SC4200-PLUS,secondary_sensitivity,obstructed_reference,baseline_h80_x40,80.0,0.4,0.0,10,20,240.0,False,True,True,5.955,7.966,17.973,False,True,0.36,24.0,True,False,True,True,,4.1402,0.4641,RELAY_BENEFICIAL_AND_FEASIBLE,direct_visibility_loss_relay_visibility_restoration
PAY-SC4200-PLUS,secondary_sensitivity,obstructed_reference,baseline_h80_x40,80.0,0.4,0.0,10,30,240.0,False,True,True,5.955,7.966,17.973,False,True,0.36,24.0,True,False,True,True,,5.5528,0.5375,RELAY_BENEFICIAL_AND_FEASIBLE,direct_visibility_loss_relay_visibility_restoration
PAY-SC4200-PLUS,secondary_sensitivity,obstructed_reference,baseline_h80_x40,80.0,0.4,0.0,10,45,240.0,False,True,True,5.955,7.966,17.973,False,True,0.36,24.0,False,False,True,False,gross_mass|rotor_diameter|vehicle_span,17.694,0.9595,MASS_CLOSED_PRACTICAL_CONSTRAINT_FAILURE,finite_closure_exceeds_practical_analysis_boundary
PAY-SC4200-PLUS,secondary_sensitivity,obstructed_reference,baseline_h80_x40,80.0,0.4,0.0,10,60,240.0,False,True,True,5.955,7.966,17.973,False,True,0.36,24.0,False,True,False,False,,,,RELAY_FUNCTIONAL_VEHICLE_RESOURCE_FAILURE,endurance_driven_mathematical_nonclosure
PAY-SC4200-PLUS,secondary_sensitivity,obstructed_reference,baseline_h80_x40,80.0,0.4,0.0,20,10,240.0,False,True,True,-0.065,1.953,11.955,False,True,0.36,24.0,True,False,True,True,,4.1402,0.4641,RELAY_BENEFICIAL_AND_FEASIBLE,direct_visibility_loss_relay_visibility_restoration
PAY-SC4200-PLUS,secondary_sensitivity,obstructed_reference,baseline_h80_x40,80.0,0.4,0.0,20,20,240.0,False,True,True,-0.065,1.953,11.955,False,True,0.36,24.0,True,False,True,True,,4.1402,0.4641,RELAY_BENEFICIAL_AND_FEASIBLE,direct_visibility_loss_relay_visibility_restoration
PAY-SC4200-PLUS,secondary_sensitivity,obstructed_reference,baseline_h80_x40,80.0,0.4,0.0,20,30,240.0,False,True,True,-0.065,1.953,11.955,False,True,0.36,24.0,True,False,True,True,,5.5528,0.5375,RELAY_BENEFICIAL_AND_FEASIBLE,direct_visibility_loss_relay_visibility_restoration
PAY-SC4200-PLUS,secondary_sensitivity,obstructed_reference,baseline_h80_x40,80.0,0.4,0.0,20,45,240.0,False,True,True,-0.065,1.953,11.955,False,True,0.36,24.0,False,False,True,False,gross_mass|rotor_diameter|vehicle_span,17.694,0.9595,MASS_CLOSED_PRACTICAL_CONSTRAINT_FAILURE,finite_closure_exceeds_practical_analysis_boundary
PAY-SC4200-PLUS,secondary_sensitivity,obstructed_reference,baseline_h80_x40,80.0,0.4,0.0,20,60,240.0,False,True,True,-0.065,1.953,11.955,False,True,0.36,24.0,False,True,False,False,,,,RELAY_FUNCTIONAL_VEHICLE_RESOURCE_FAILURE,endurance_driven_mathematical_nonclosure
PAY-SC4200-PLUS,secondary_sensitivity,obstructed_reference,baseline_h80_x40,80.0,0.4,0.0,30,10,240.0,False,True,True,-3.587,-1.567,8.434,False,False,0.36,24.0,True,False,True,True,,4.1402,0.4641,RELAY_CONNECTIVITY_INFEASIBLE,relay_visibility_restored_but_relay_link_margin_failure
PAY-SC4200-PLUS,secondary_sensitivity,obstructed_reference,baseline_h80_x40,80.0,0.4,0.0,30,20,240.0,False,True,True,-3.587,-1.567,8.434,False,False,0.36,24.0,True,False,True,True,,4.1402,0.4641,RELAY_CONNECTIVITY_INFEASIBLE,relay_visibility_restored_but_relay_link_margin_failure
PAY-SC4200-PLUS,secondary_sensitivity,obstructed_reference,baseline_h80_x40,80.0,0.4,0.0,30,30,240.0,False,True,True,-3.587,-1.567,8.434,False,False,0.36,24.0,True,False,True,True,,5.5528,0.5375,RELAY_CONNECTIVITY_INFEASIBLE,relay_visibility_restored_but_relay_link_margin_failure
PAY-SC4200-PLUS,secondary_sensitivity,obstructed_reference,baseline_h80_x40,80.0,0.4,0.0,30,45,240.0,False,True,True,-3.587,-1.567,8.434,False,False,0.36,24.0,False,False,True,False,gross_mass|rotor_diameter|vehicle_span,17.694,0.9595,RELAY_CONNECTIVITY_INFEASIBLE,relay_visibility_restored_but_relay_link_margin_failure
PAY-SC4200-PLUS,secondary_sensitivity,obstructed_reference,baseline_h80_x40,80.0,0.4,0.0,30,60,240.0,False,True,True,-3.587,-1.567,8.434,False,False,0.36,24.0,False,True,False,False,,,,RELAY_CONNECTIVITY_INFEASIBLE,relay_visibility_restored_but_relay_link_margin_failure
PAY-SC4200-PLUS,secondary_sensitivity,obstructed_reference,baseline_h80_x40,80.0,0.4,0.0,40,10,240.0,False,True,True,-6.085,-4.065,5.935,False,False,0.36,24.0,True,False,True,True,,4.1402,0.4641,RELAY_CONNECTIVITY_INFEASIBLE,relay_visibility_restored_but_relay_link_margin_failure
PAY-SC4200-PLUS,secondary_sensitivity,obstructed_reference,baseline_h80_x40,80.0,0.4,0.0,40,20,240.0,False,True,True,-6.085,-4.065,5.935,False,False,0.36,24.0,True,False,True,True,,4.1402,0.4641,RELAY_CONNECTIVITY_INFEASIBLE,relay_visibility_restored_but_relay_link_margin_failure
PAY-SC4200-PLUS,secondary_sensitivity,obstructed_reference,baseline_h80_x40,80.0,0.4,0.0,40,30,240.0,False,True,True,-6.085,-4.065,5.935,False,False,0.36,24.0,True,False,True,True,,5.5528,0.5375,RELAY_CONNECTIVITY_INFEASIBLE,relay_visibility_restored_but_relay_link_margin_failure
PAY-SC4200-PLUS,secondary_sensitivity,obstructed_reference,baseline_h80_x40,80.0,0.4,0.0,40,45,240.0,False,True,True,-6.085,-4.065,5.935,False,False,0.36,24.0,False,False,True,False,gross_mass|rotor_diameter|vehicle_span,17.694,0.9595,RELAY_CONNECTIVITY_INFEASIBLE,relay_visibility_restored_but_relay_link_margin_failure
PAY-SC4200-PLUS,secondary_sensitivity,obstructed_reference,baseline_h80_x40,80.0,0.4,0.0,40,60,240.0,False,True,True,-6.085,-4.065,5.935,False,False,0.36,24.0,False,True,False,False,,,,RELAY_CONNECTIVITY_INFEASIBLE,relay_visibility_restored_but_relay_link_margin_failure
PAY-SC4200-PLUS,secondary_sensitivity,obstructed_reference,baseline_h80_x40,80.0,0.4,0.0,60,10,240.0,False,True,True,-9.607,-7.587,2.413,False,False,0.36,24.0,True,False,True,True,,4.1402,0.4641,RELAY_CONNECTIVITY_INFEASIBLE,relay_visibility_restored_but_relay_link_margin_failure
PAY-SC4200-PLUS,secondary_sensitivity,obstructed_reference,baseline_h80_x40,80.0,0.4,0.0,60,20,240.0,False,True,True,-9.607,-7.587,2.413,False,False,0.36,24.0,True,False,True,True,,4.1402,0.4641,RELAY_CONNECTIVITY_INFEASIBLE,relay_visibility_restored_but_relay_link_margin_failure
PAY-SC4200-PLUS,secondary_sensitivity,obstructed_reference,baseline_h80_x40,80.0,0.4,0.0,60,30,240.0,False,True,True,-9.607,-7.587,2.413,False,False,0.36,24.0,True,False,True,True,,5.5528,0.5375,RELAY_CONNECTIVITY_INFEASIBLE,relay_visibility_restored_but_relay_link_margin_failure
PAY-SC4200-PLUS,secondary_sensitivity,obstructed_reference,baseline_h80_x40,80.0,0.4,0.0,60,45,240.0,False,True,True,-9.607,-7.587,2.413,False,False,0.36,24.0,False,False,True,False,gross_mass|rotor_diameter|vehicle_span,17.694,0.9595,RELAY_CONNECTIVITY_INFEASIBLE,relay_visibility_restored_but_relay_link_margin_failure
PAY-SC4200-PLUS,secondary_sensitivity,obstructed_reference,baseline_h80_x40,80.0,0.4,0.0,60,60,240.0,False,True,True,-9.607,-7.587,2.413,False,False,0.36,24.0,False,True,False,False,,,,RELAY_CONNECTIVITY_INFEASIBLE,relay_visibility_restored_but_relay_link_margin_failure
PAY-SC4200-PLUS,secondary_sensitivity,obstructed_adverse,baseline_h80_x40,80.0,0.4,12.0,5,10,60.0,False,False,True,-0.025,1.994,11.996,False,False,0.36,24.0,True,False,True,True,,4.1402,0.4641,RELAY_CONNECTIVITY_INFEASIBLE,relay_visibility_failure
PAY-SC4200-PLUS,secondary_sensitivity,obstructed_adverse,baseline_h80_x40,80.0,0.4,12.0,5,20,60.0,False,False,True,-0.025,1.994,11.996,False,False,0.36,24.0,True,False,True,True,,4.1402,0.4641,RELAY_CONNECTIVITY_INFEASIBLE,relay_visibility_failure
PAY-SC4200-PLUS,secondary_sensitivity,obstructed_adverse,baseline_h80_x40,80.0,0.4,12.0,5,30,60.0,False,False,True,-0.025,1.994,11.996,False,False,0.36,24.0,True,False,True,True,,5.5528,0.5375,RELAY_CONNECTIVITY_INFEASIBLE,relay_visibility_failure
PAY-SC4200-PLUS,secondary_sensitivity,obstructed_adverse,baseline_h80_x40,80.0,0.4,12.0,5,45,60.0,False,False,True,-0.025,1.994,11.996,False,False,0.36,24.0,False,False,True,False,gross_mass|rotor_diameter|vehicle_span,17.694,0.9595,RELAY_CONNECTIVITY_INFEASIBLE,relay_visibility_failure
PAY-SC4200-PLUS,secondary_sensitivity,obstructed_adverse,baseline_h80_x40,80.0,0.4,12.0,5,60,60.0,False,False,True,-0.025,1.994,11.996,False,False,0.36,24.0,False,True,False,False,,,,RELAY_CONNECTIVITY_INFEASIBLE,relay_visibility_failure
PAY-SC4200-PLUS,secondary_sensitivity,obstructed_adverse,baseline_h80_x40,80.0,0.4,12.0,10,10,60.0,False,False,True,-6.045,-4.024,5.976,False,False,0.36,24.0,True,False,True,True,,4.1402,0.4641,RELAY_CONNECTIVITY_INFEASIBLE,relay_visibility_failure
PAY-SC4200-PLUS,secondary_sensitivity,obstructed_adverse,baseline_h80_x40,80.0,0.4,12.0,10,20,60.0,False,False,True,-6.045,-4.024,5.976,False,False,0.36,24.0,True,False,True,True,,4.1402,0.4641,RELAY_CONNECTIVITY_INFEASIBLE,relay_visibility_failure
PAY-SC4200-PLUS,secondary_sensitivity,obstructed_adverse,baseline_h80_x40,80.0,0.4,12.0,10,30,60.0,False,False,True,-6.045,-4.024,5.976,False,False,0.36,24.0,True,False,True,True,,5.5528,0.5375,RELAY_CONNECTIVITY_INFEASIBLE,relay_visibility_failure
PAY-SC4200-PLUS,secondary_sensitivity,obstructed_adverse,baseline_h80_x40,80.0,0.4,12.0,10,45,60.0,False,False,True,-6.045,-4.024,5.976,False,False,0.36,24.0,False,False,True,False,gross_mass|rotor_diameter|vehicle_span,17.694,0.9595,RELAY_CONNECTIVITY_INFEASIBLE,relay_visibility_failure
PAY-SC4200-PLUS,secondary_sensitivity,obstructed_adverse,baseline_h80_x40,80.0,0.4,12.0,10,60,60.0,False,False,True,-6.045,-4.024,5.976,False,False,0.36,24.0,False,True,False,False,,,,RELAY_CONNECTIVITY_INFEASIBLE,relay_visibility_failure
PAY-SC4200-PLUS,secondary_sensitivity,obstructed_adverse,baseline_h80_x40,80.0,0.4,12.0,20,10,60.0,False,False,True,-12.065,-10.044,-0.044,False,False,0.36,24.0,True,False,True,True,,4.1402,0.4641,RELAY_CONNECTIVITY_INFEASIBLE,relay_visibility_failure
PAY-SC4200-PLUS,secondary_sensitivity,obstructed_adverse,baseline_h80_x40,80.0,0.4,12.0,20,20,60.0,False,False,True,-12.065,-10.044,-0.044,False,False,0.36,24.0,True,False,True,True,,4.1402,0.4641,RELAY_CONNECTIVITY_INFEASIBLE,relay_visibility_failure
PAY-SC4200-PLUS,secondary_sensitivity,obstructed_adverse,baseline_h80_x40,80.0,0.4,12.0,20,30,60.0,False,False,True,-12.065,-10.044,-0.044,False,False,0.36,24.0,True,False,True,True,,5.5528,0.5375,RELAY_CONNECTIVITY_INFEASIBLE,relay_visibility_failure
PAY-SC4200-PLUS,secondary_sensitivity,obstructed_adverse,baseline_h80_x40,80.0,0.4,12.0,20,45,60.0,False,False,True,-12.065,-10.044,-0.044,False,False,0.36,24.0,False,False,True,False,gross_mass|rotor_diameter|vehicle_span,17.694,0.9595,RELAY_CONNECTIVITY_INFEASIBLE,relay_visibility_failure
PAY-SC4200-PLUS,secondary_sensitivity,obstructed_adverse,baseline_h80_x40,80.0,0.4,12.0,20,60,60.0,False,False,True,-12.065,-10.044,-0.044,False,False,0.36,24.0,False,True,False,False,,,,RELAY_CONNECTIVITY_INFEASIBLE,relay_visibility_failure
PAY-SC4200-PLUS,secondary_sensitivity,obstructed_adverse,baseline_h80_x40,80.0,0.4,12.0,30,10,60.0,False,False,True,-15.587,-13.566,-3.566,False,False,0.36,24.0,True,False,True,True,,4.1402,0.4641,RELAY_CONNECTIVITY_INFEASIBLE,relay_visibility_failure
PAY-SC4200-PLUS,secondary_sensitivity,obstructed_adverse,baseline_h80_x40,80.0,0.4,12.0,30,20,60.0,False,False,True,-15.587,-13.566,-3.566,False,False,0.36,24.0,True,False,True,True,,4.1402,0.4641,RELAY_CONNECTIVITY_INFEASIBLE,relay_visibility_failure
PAY-SC4200-PLUS,secondary_sensitivity,obstructed_adverse,baseline_h80_x40,80.0,0.4,12.0,30,30,60.0,False,False,True,-15.587,-13.566,-3.566,False,False,0.36,24.0,True,False,True,True,,5.5528,0.5375,RELAY_CONNECTIVITY_INFEASIBLE,relay_visibility_failure
PAY-SC4200-PLUS,secondary_sensitivity,obstructed_adverse,baseline_h80_x40,80.0,0.4,12.0,30,45,60.0,False,False,True,-15.587,-13.566,-3.566,False,False,0.36,24.0,False,False,True,False,gross_mass|rotor_diameter|vehicle_span,17.694,0.9595,RELAY_CONNECTIVITY_INFEASIBLE,relay_visibility_failure
PAY-SC4200-PLUS,secondary_sensitivity,obstructed_adverse,baseline_h80_x40,80.0,0.4,12.0,30,60,60.0,False,False,True,-15.587,-13.566,-3.566,False,False,0.36,24.0,False,True,False,False,,,,RELAY_CONNECTIVITY_INFEASIBLE,relay_visibility_failure
PAY-SC4200-PLUS,secondary_sensitivity,obstructed_adverse,baseline_h80_x40,80.0,0.4,12.0,40,10,60.0,False,False,True,-18.085,-16.065,-6.065,False,False,0.36,24.0,True,False,True,True,,4.1402,0.4641,RELAY_CONNECTIVITY_INFEASIBLE,relay_visibility_failure
PAY-SC4200-PLUS,secondary_sensitivity,obstructed_adverse,baseline_h80_x40,80.0,0.4,12.0,40,20,60.0,False,False,True,-18.085,-16.065,-6.065,False,False,0.36,24.0,True,False,True,True,,4.1402,0.4641,RELAY_CONNECTIVITY_INFEASIBLE,relay_visibility_failure
PAY-SC4200-PLUS,secondary_sensitivity,obstructed_adverse,baseline_h80_x40,80.0,0.4,12.0,40,30,60.0,False,False,True,-18.085,-16.065,-6.065,False,False,0.36,24.0,True,False,True,True,,5.5528,0.5375,RELAY_CONNECTIVITY_INFEASIBLE,relay_visibility_failure
PAY-SC4200-PLUS,secondary_sensitivity,obstructed_adverse,baseline_h80_x40,80.0,0.4,12.0,40,45,60.0,False,False,True,-18.085,-16.065,-6.065,False,False,0.36,24.0,False,False,True,False,gross_mass|rotor_diameter|vehicle_span,17.694,0.9595,RELAY_CONNECTIVITY_INFEASIBLE,relay_visibility_failure
PAY-SC4200-PLUS,secondary_sensitivity,obstructed_adverse,baseline_h80_x40,80.0,0.4,12.0,40,60,60.0,False,False,True,-18.085,-16.065,-6.065,False,False,0.36,24.0,False,True,False,False,,,,RELAY_CONNECTIVITY_INFEASIBLE,relay_visibility_failure
PAY-SC4200-PLUS,secondary_sensitivity,obstructed_adverse,baseline_h80_x40,80.0,0.4,12.0,60,10,60.0,False,False,True,-21.607,-19.587,-9.587,False,False,0.36,24.0,True,False,True,True,,4.1402,0.4641,RELAY_CONNECTIVITY_INFEASIBLE,relay_visibility_failure
PAY-SC4200-PLUS,secondary_sensitivity,obstructed_adverse,baseline_h80_x40,80.0,0.4,12.0,60,20,60.0,False,False,True,-21.607,-19.587,-9.587,False,False,0.36,24.0,True,False,True,True,,4.1402,0.4641,RELAY_CONNECTIVITY_INFEASIBLE,relay_visibility_failure
PAY-SC4200-PLUS,secondary_sensitivity,obstructed_adverse,baseline_h80_x40,80.0,0.4,12.0,60,30,60.0,False,False,True,-21.607,-19.587,-9.587,False,False,0.36,24.0,True,False,True,True,,5.5528,0.5375,RELAY_CONNECTIVITY_INFEASIBLE,relay_visibility_failure
PAY-SC4200-PLUS,secondary_sensitivity,obstructed_adverse,baseline_h80_x40,80.0,0.4,12.0,60,45,60.0,False,False,True,-21.607,-19.587,-9.587,False,False,0.36,24.0,False,False,True,False,gross_mass|rotor_diameter|vehicle_span,17.694,0.9595,RELAY_CONNECTIVITY_INFEASIBLE,relay_visibility_failure
PAY-SC4200-PLUS,secondary_sensitivity,obstructed_adverse,baseline_h80_x40,80.0,0.4,12.0,60,60,60.0,False,False,True,-21.607,-19.587,-9.587,False,False,0.36,24.0,False,True,False,False,,,,RELAY_CONNECTIVITY_INFEASIBLE,relay_visibility_failure
PAY-SC4200-PLUS,secondary_sensitivity,obstructed_adverse,baseline_h80_x40,80.0,0.4,12.0,5,10,120.0,False,True,True,-0.025,1.987,11.997,False,True,0.36,24.0,True,False,True,True,,4.1402,0.4641,RELAY_BENEFICIAL_AND_FEASIBLE,direct_visibility_loss_relay_visibility_restoration
PAY-SC4200-PLUS,secondary_sensitivity,obstructed_adverse,baseline_h80_x40,80.0,0.4,12.0,5,20,120.0,False,True,True,-0.025,1.987,11.997,False,True,0.36,24.0,True,False,True,True,,4.1402,0.4641,RELAY_BENEFICIAL_AND_FEASIBLE,direct_visibility_loss_relay_visibility_restoration
PAY-SC4200-PLUS,secondary_sensitivity,obstructed_adverse,baseline_h80_x40,80.0,0.4,12.0,5,30,120.0,False,True,True,-0.025,1.987,11.997,False,True,0.36,24.0,True,False,True,True,,5.5528,0.5375,RELAY_BENEFICIAL_AND_FEASIBLE,direct_visibility_loss_relay_visibility_restoration
PAY-SC4200-PLUS,secondary_sensitivity,obstructed_adverse,baseline_h80_x40,80.0,0.4,12.0,5,45,120.0,False,True,True,-0.025,1.987,11.997,False,True,0.36,24.0,False,False,True,False,gross_mass|rotor_diameter|vehicle_span,17.694,0.9595,MASS_CLOSED_PRACTICAL_CONSTRAINT_FAILURE,finite_closure_exceeds_practical_analysis_boundary
PAY-SC4200-PLUS,secondary_sensitivity,obstructed_adverse,baseline_h80_x40,80.0,0.4,12.0,5,60,120.0,False,True,True,-0.025,1.987,11.997,False,True,0.36,24.0,False,True,False,False,,,,RELAY_FUNCTIONAL_VEHICLE_RESOURCE_FAILURE,endurance_driven_mathematical_nonclosure
PAY-SC4200-PLUS,secondary_sensitivity,obstructed_adverse,baseline_h80_x40,80.0,0.4,12.0,10,10,120.0,False,True,True,-6.045,-4.026,5.976,False,False,0.36,24.0,True,False,True,True,,4.1402,0.4641,RELAY_CONNECTIVITY_INFEASIBLE,relay_visibility_restored_but_relay_link_margin_failure
PAY-SC4200-PLUS,secondary_sensitivity,obstructed_adverse,baseline_h80_x40,80.0,0.4,12.0,10,20,120.0,False,True,True,-6.045,-4.026,5.976,False,False,0.36,24.0,True,False,True,True,,4.1402,0.4641,RELAY_CONNECTIVITY_INFEASIBLE,relay_visibility_restored_but_relay_link_margin_failure
PAY-SC4200-PLUS,secondary_sensitivity,obstructed_adverse,baseline_h80_x40,80.0,0.4,12.0,10,30,120.0,False,True,True,-6.045,-4.026,5.976,False,False,0.36,24.0,True,False,True,True,,5.5528,0.5375,RELAY_CONNECTIVITY_INFEASIBLE,relay_visibility_restored_but_relay_link_margin_failure
PAY-SC4200-PLUS,secondary_sensitivity,obstructed_adverse,baseline_h80_x40,80.0,0.4,12.0,10,45,120.0,False,True,True,-6.045,-4.026,5.976,False,False,0.36,24.0,False,False,True,False,gross_mass|rotor_diameter|vehicle_span,17.694,0.9595,RELAY_CONNECTIVITY_INFEASIBLE,relay_visibility_restored_but_relay_link_margin_failure
PAY-SC4200-PLUS,secondary_sensitivity,obstructed_adverse,baseline_h80_x40,80.0,0.4,12.0,10,60,120.0,False,True,True,-6.045,-4.026,5.976,False,False,0.36,24.0,False,True,False,False,,,,RELAY_CONNECTIVITY_INFEASIBLE,relay_visibility_restored_but_relay_link_margin_failure
PAY-SC4200-PLUS,secondary_sensitivity,obstructed_adverse,baseline_h80_x40,80.0,0.4,12.0,20,10,120.0,False,True,True,-12.065,-10.045,-0.044,False,False,0.36,24.0,True,False,True,True,,4.1402,0.4641,RELAY_CONNECTIVITY_INFEASIBLE,relay_visibility_restored_but_relay_link_margin_failure
PAY-SC4200-PLUS,secondary_sensitivity,obstructed_adverse,baseline_h80_x40,80.0,0.4,12.0,20,20,120.0,False,True,True,-12.065,-10.045,-0.044,False,False,0.36,24.0,True,False,True,True,,4.1402,0.4641,RELAY_CONNECTIVITY_INFEASIBLE,relay_visibility_restored_but_relay_link_margin_failure
PAY-SC4200-PLUS,secondary_sensitivity,obstructed_adverse,baseline_h80_x40,80.0,0.4,12.0,20,30,120.0,False,True,True,-12.065,-10.045,-0.044,False,False,0.36,24.0,True,False,True,True,,5.5528,0.5375,RELAY_CONNECTIVITY_INFEASIBLE,relay_visibility_restored_but_relay_link_margin_failure
PAY-SC4200-PLUS,secondary_sensitivity,obstructed_adverse,baseline_h80_x40,80.0,0.4,12.0,20,45,120.0,False,True,True,-12.065,-10.045,-0.044,False,False,0.36,24.0,False,False,True,False,gross_mass|rotor_diameter|vehicle_span,17.694,0.9595,RELAY_CONNECTIVITY_INFEASIBLE,relay_visibility_restored_but_relay_link_margin_failure
PAY-SC4200-PLUS,secondary_sensitivity,obstructed_adverse,baseline_h80_x40,80.0,0.4,12.0,20,60,120.0,False,True,True,-12.065,-10.045,-0.044,False,False,0.36,24.0,False,True,False,False,,,,RELAY_CONNECTIVITY_INFEASIBLE,relay_visibility_restored_but_relay_link_margin_failure
PAY-SC4200-PLUS,secondary_sensitivity,obstructed_adverse,baseline_h80_x40,80.0,0.4,12.0,30,10,120.0,False,True,True,-15.587,-13.566,-3.566,False,False,0.36,24.0,True,False,True,True,,4.1402,0.4641,RELAY_CONNECTIVITY_INFEASIBLE,relay_visibility_restored_but_relay_link_margin_failure
PAY-SC4200-PLUS,secondary_sensitivity,obstructed_adverse,baseline_h80_x40,80.0,0.4,12.0,30,20,120.0,False,True,True,-15.587,-13.566,-3.566,False,False,0.36,24.0,True,False,True,True,,4.1402,0.4641,RELAY_CONNECTIVITY_INFEASIBLE,relay_visibility_restored_but_relay_link_margin_failure
PAY-SC4200-PLUS,secondary_sensitivity,obstructed_adverse,baseline_h80_x40,80.0,0.4,12.0,30,30,120.0,False,True,True,-15.587,-13.566,-3.566,False,False,0.36,24.0,True,False,True,True,,5.5528,0.5375,RELAY_CONNECTIVITY_INFEASIBLE,relay_visibility_restored_but_relay_link_margin_failure
PAY-SC4200-PLUS,secondary_sensitivity,obstructed_adverse,baseline_h80_x40,80.0,0.4,12.0,30,45,120.0,False,True,True,-15.587,-13.566,-3.566,False,False,0.36,24.0,False,False,True,False,gross_mass|rotor_diameter|vehicle_span,17.694,0.9595,RELAY_CONNECTIVITY_INFEASIBLE,relay_visibility_restored_but_relay_link_margin_failure
PAY-SC4200-PLUS,secondary_sensitivity,obstructed_adverse,baseline_h80_x40,80.0,0.4,12.0,30,60,120.0,False,True,True,-15.587,-13.566,-3.566,False,False,0.36,24.0,False,True,False,False,,,,RELAY_CONNECTIVITY_INFEASIBLE,relay_visibility_restored_but_relay_link_margin_failure
PAY-SC4200-PLUS,secondary_sensitivity,obstructed_adverse,baseline_h80_x40,80.0,0.4,12.0,40,10,120.0,False,True,True,-18.085,-16.065,-6.065,False,False,0.36,24.0,True,False,True,True,,4.1402,0.4641,RELAY_CONNECTIVITY_INFEASIBLE,relay_visibility_restored_but_relay_link_margin_failure
PAY-SC4200-PLUS,secondary_sensitivity,obstructed_adverse,baseline_h80_x40,80.0,0.4,12.0,40,20,120.0,False,True,True,-18.085,-16.065,-6.065,False,False,0.36,24.0,True,False,True,True,,4.1402,0.4641,RELAY_CONNECTIVITY_INFEASIBLE,relay_visibility_restored_but_relay_link_margin_failure
PAY-SC4200-PLUS,secondary_sensitivity,obstructed_adverse,baseline_h80_x40,80.0,0.4,12.0,40,30,120.0,False,True,True,-18.085,-16.065,-6.065,False,False,0.36,24.0,True,False,True,True,,5.5528,0.5375,RELAY_CONNECTIVITY_INFEASIBLE,relay_visibility_restored_but_relay_link_margin_failure
PAY-SC4200-PLUS,secondary_sensitivity,obstructed_adverse,baseline_h80_x40,80.0,0.4,12.0,40,45,120.0,False,True,True,-18.085,-16.065,-6.065,False,False,0.36,24.0,False,False,True,False,gross_mass|rotor_diameter|vehicle_span,17.694,0.9595,RELAY_CONNECTIVITY_INFEASIBLE,relay_visibility_restored_but_relay_link_margin_failure
PAY-SC4200-PLUS,secondary_sensitivity,obstructed_adverse,baseline_h80_x40,80.0,0.4,12.0,40,60,120.0,False,True,True,-18.085,-16.065,-6.065,False,False,0.36,24.0,False,True,False,False,,,,RELAY_CONNECTIVITY_INFEASIBLE,relay_visibility_restored_but_relay_link_margin_failure
PAY-SC4200-PLUS,secondary_sensitivity,obstructed_adverse,baseline_h80_x40,80.0,0.4,12.0,60,10,120.0,False,True,True,-21.607,-19.587,-9.587,False,False,0.36,24.0,True,False,True,True,,4.1402,0.4641,RELAY_CONNECTIVITY_INFEASIBLE,relay_visibility_restored_but_relay_link_margin_failure
PAY-SC4200-PLUS,secondary_sensitivity,obstructed_adverse,baseline_h80_x40,80.0,0.4,12.0,60,20,120.0,False,True,True,-21.607,-19.587,-9.587,False,False,0.36,24.0,True,False,True,True,,4.1402,0.4641,RELAY_CONNECTIVITY_INFEASIBLE,relay_visibility_restored_but_relay_link_margin_failure
PAY-SC4200-PLUS,secondary_sensitivity,obstructed_adverse,baseline_h80_x40,80.0,0.4,12.0,60,30,120.0,False,True,True,-21.607,-19.587,-9.587,False,False,0.36,24.0,True,False,True,True,,5.5528,0.5375,RELAY_CONNECTIVITY_INFEASIBLE,relay_visibility_restored_but_relay_link_margin_failure
PAY-SC4200-PLUS,secondary_sensitivity,obstructed_adverse,baseline_h80_x40,80.0,0.4,12.0,60,45,120.0,False,True,True,-21.607,-19.587,-9.587,False,False,0.36,24.0,False,False,True,False,gross_mass|rotor_diameter|vehicle_span,17.694,0.9595,RELAY_CONNECTIVITY_INFEASIBLE,relay_visibility_restored_but_relay_link_margin_failure
PAY-SC4200-PLUS,secondary_sensitivity,obstructed_adverse,baseline_h80_x40,80.0,0.4,12.0,60,60,120.0,False,True,True,-21.607,-19.587,-9.587,False,False,0.36,24.0,False,True,False,False,,,,RELAY_CONNECTIVITY_INFEASIBLE,relay_visibility_restored_but_relay_link_margin_failure
PAY-SC4200-PLUS,secondary_sensitivity,obstructed_adverse,baseline_h80_x40,80.0,0.4,12.0,5,10,240.0,False,True,True,-0.025,1.957,11.983,False,True,0.36,24.0,True,False,True,True,,4.1402,0.4641,RELAY_BENEFICIAL_AND_FEASIBLE,direct_visibility_loss_relay_visibility_restoration
PAY-SC4200-PLUS,secondary_sensitivity,obstructed_adverse,baseline_h80_x40,80.0,0.4,12.0,5,20,240.0,False,True,True,-0.025,1.957,11.983,False,True,0.36,24.0,True,False,True,True,,4.1402,0.4641,RELAY_BENEFICIAL_AND_FEASIBLE,direct_visibility_loss_relay_visibility_restoration
PAY-SC4200-PLUS,secondary_sensitivity,obstructed_adverse,baseline_h80_x40,80.0,0.4,12.0,5,30,240.0,False,True,True,-0.025,1.957,11.983,False,True,0.36,24.0,True,False,True,True,,5.5528,0.5375,RELAY_BENEFICIAL_AND_FEASIBLE,direct_visibility_loss_relay_visibility_restoration
PAY-SC4200-PLUS,secondary_sensitivity,obstructed_adverse,baseline_h80_x40,80.0,0.4,12.0,5,45,240.0,False,True,True,-0.025,1.957,11.983,False,True,0.36,24.0,False,False,True,False,gross_mass|rotor_diameter|vehicle_span,17.694,0.9595,MASS_CLOSED_PRACTICAL_CONSTRAINT_FAILURE,finite_closure_exceeds_practical_analysis_boundary
PAY-SC4200-PLUS,secondary_sensitivity,obstructed_adverse,baseline_h80_x40,80.0,0.4,12.0,5,60,240.0,False,True,True,-0.025,1.957,11.983,False,True,0.36,24.0,False,True,False,False,,,,RELAY_FUNCTIONAL_VEHICLE_RESOURCE_FAILURE,endurance_driven_mathematical_nonclosure
PAY-SC4200-PLUS,secondary_sensitivity,obstructed_adverse,baseline_h80_x40,80.0,0.4,12.0,10,10,240.0,False,True,True,-6.045,-4.034,5.973,False,False,0.36,24.0,True,False,True,True,,4.1402,0.4641,RELAY_CONNECTIVITY_INFEASIBLE,relay_visibility_restored_but_relay_link_margin_failure
PAY-SC4200-PLUS,secondary_sensitivity,obstructed_adverse,baseline_h80_x40,80.0,0.4,12.0,10,20,240.0,False,True,True,-6.045,-4.034,5.973,False,False,0.36,24.0,True,False,True,True,,4.1402,0.4641,RELAY_CONNECTIVITY_INFEASIBLE,relay_visibility_restored_but_relay_link_margin_failure
PAY-SC4200-PLUS,secondary_sensitivity,obstructed_adverse,baseline_h80_x40,80.0,0.4,12.0,10,30,240.0,False,True,True,-6.045,-4.034,5.973,False,False,0.36,24.0,True,False,True,True,,5.5528,0.5375,RELAY_CONNECTIVITY_INFEASIBLE,relay_visibility_restored_but_relay_link_margin_failure
PAY-SC4200-PLUS,secondary_sensitivity,obstructed_adverse,baseline_h80_x40,80.0,0.4,12.0,10,45,240.0,False,True,True,-6.045,-4.034,5.973,False,False,0.36,24.0,False,False,True,False,gross_mass|rotor_diameter|vehicle_span,17.694,0.9595,RELAY_CONNECTIVITY_INFEASIBLE,relay_visibility_restored_but_relay_link_margin_failure
PAY-SC4200-PLUS,secondary_sensitivity,obstructed_adverse,baseline_h80_x40,80.0,0.4,12.0,10,60,240.0,False,True,True,-6.045,-4.034,5.973,False,False,0.36,24.0,False,True,False,False,,,,RELAY_CONNECTIVITY_INFEASIBLE,relay_visibility_restored_but_relay_link_margin_failure
PAY-SC4200-PLUS,secondary_sensitivity,obstructed_adverse,baseline_h80_x40,80.0,0.4,12.0,20,10,240.0,False,True,True,-12.065,-10.047,-0.045,False,False,0.36,24.0,True,False,True,True,,4.1402,0.4641,RELAY_CONNECTIVITY_INFEASIBLE,relay_visibility_restored_but_relay_link_margin_failure
PAY-SC4200-PLUS,secondary_sensitivity,obstructed_adverse,baseline_h80_x40,80.0,0.4,12.0,20,20,240.0,False,True,True,-12.065,-10.047,-0.045,False,False,0.36,24.0,True,False,True,True,,4.1402,0.4641,RELAY_CONNECTIVITY_INFEASIBLE,relay_visibility_restored_but_relay_link_margin_failure
PAY-SC4200-PLUS,secondary_sensitivity,obstructed_adverse,baseline_h80_x40,80.0,0.4,12.0,20,30,240.0,False,True,True,-12.065,-10.047,-0.045,False,False,0.36,24.0,True,False,True,True,,5.5528,0.5375,RELAY_CONNECTIVITY_INFEASIBLE,relay_visibility_restored_but_relay_link_margin_failure
PAY-SC4200-PLUS,secondary_sensitivity,obstructed_adverse,baseline_h80_x40,80.0,0.4,12.0,20,45,240.0,False,True,True,-12.065,-10.047,-0.045,False,False,0.36,24.0,False,False,True,False,gross_mass|rotor_diameter|vehicle_span,17.694,0.9595,RELAY_CONNECTIVITY_INFEASIBLE,relay_visibility_restored_but_relay_link_margin_failure
PAY-SC4200-PLUS,secondary_sensitivity,obstructed_adverse,baseline_h80_x40,80.0,0.4,12.0,20,60,240.0,False,True,True,-12.065,-10.047,-0.045,False,False,0.36,24.0,False,True,False,False,,,,RELAY_CONNECTIVITY_INFEASIBLE,relay_visibility_restored_but_relay_link_margin_failure
PAY-SC4200-PLUS,secondary_sensitivity,obstructed_adverse,baseline_h80_x40,80.0,0.4,12.0,30,10,240.0,False,True,True,-15.587,-13.567,-3.566,False,False,0.36,24.0,True,False,True,True,,4.1402,0.4641,RELAY_CONNECTIVITY_INFEASIBLE,relay_visibility_restored_but_relay_link_margin_failure
PAY-SC4200-PLUS,secondary_sensitivity,obstructed_adverse,baseline_h80_x40,80.0,0.4,12.0,30,20,240.0,False,True,True,-15.587,-13.567,-3.566,False,False,0.36,24.0,True,False,True,True,,4.1402,0.4641,RELAY_CONNECTIVITY_INFEASIBLE,relay_visibility_restored_but_relay_link_margin_failure
PAY-SC4200-PLUS,secondary_sensitivity,obstructed_adverse,baseline_h80_x40,80.0,0.4,12.0,30,30,240.0,False,True,True,-15.587,-13.567,-3.566,False,False,0.36,24.0,True,False,True,True,,5.5528,0.5375,RELAY_CONNECTIVITY_INFEASIBLE,relay_visibility_restored_but_relay_link_margin_failure
PAY-SC4200-PLUS,secondary_sensitivity,obstructed_adverse,baseline_h80_x40,80.0,0.4,12.0,30,45,240.0,False,True,True,-15.587,-13.567,-3.566,False,False,0.36,24.0,False,False,True,False,gross_mass|rotor_diameter|vehicle_span,17.694,0.9595,RELAY_CONNECTIVITY_INFEASIBLE,relay_visibility_restored_but_relay_link_margin_failure
PAY-SC4200-PLUS,secondary_sensitivity,obstructed_adverse,baseline_h80_x40,80.0,0.4,12.0,30,60,240.0,False,True,True,-15.587,-13.567,-3.566,False,False,0.36,24.0,False,True,False,False,,,,RELAY_CONNECTIVITY_INFEASIBLE,relay_visibility_restored_but_relay_link_margin_failure
PAY-SC4200-PLUS,secondary_sensitivity,obstructed_adverse,baseline_h80_x40,80.0,0.4,12.0,40,10,240.0,False,True,True,-18.085,-16.065,-6.065,False,False,0.36,24.0,True,False,True,True,,4.1402,0.4641,RELAY_CONNECTIVITY_INFEASIBLE,relay_visibility_restored_but_relay_link_margin_failure
PAY-SC4200-PLUS,secondary_sensitivity,obstructed_adverse,baseline_h80_x40,80.0,0.4,12.0,40,20,240.0,False,True,True,-18.085,-16.065,-6.065,False,False,0.36,24.0,True,False,True,True,,4.1402,0.4641,RELAY_CONNECTIVITY_INFEASIBLE,relay_visibility_restored_but_relay_link_margin_failure
PAY-SC4200-PLUS,secondary_sensitivity,obstructed_adverse,baseline_h80_x40,80.0,0.4,12.0,40,30,240.0,False,True,True,-18.085,-16.065,-6.065,False,False,0.36,24.0,True,False,True,True,,5.5528,0.5375,RELAY_CONNECTIVITY_INFEASIBLE,relay_visibility_restored_but_relay_link_margin_failure
PAY-SC4200-PLUS,secondary_sensitivity,obstructed_adverse,baseline_h80_x40,80.0,0.4,12.0,40,45,240.0,False,True,True,-18.085,-16.065,-6.065,False,False,0.36,24.0,False,False,True,False,gross_mass|rotor_diameter|vehicle_span,17.694,0.9595,RELAY_CONNECTIVITY_INFEASIBLE,relay_visibility_restored_but_relay_link_margin_failure
PAY-SC4200-PLUS,secondary_sensitivity,obstructed_adverse,baseline_h80_x40,80.0,0.4,12.0,40,60,240.0,False,True,True,-18.085,-16.065,-6.065,False,False,0.36,24.0,False,True,False,False,,,,RELAY_CONNECTIVITY_INFEASIBLE,relay_visibility_restored_but_relay_link_margin_failure
PAY-SC4200-PLUS,secondary_sensitivity,obstructed_adverse,baseline_h80_x40,80.0,0.4,12.0,60,10,240.0,False,True,True,-21.607,-19.587,-9.587,False,False,0.36,24.0,True,False,True,True,,4.1402,0.4641,RELAY_CONNECTIVITY_INFEASIBLE,relay_visibility_restored_but_relay_link_margin_failure
PAY-SC4200-PLUS,secondary_sensitivity,obstructed_adverse,baseline_h80_x40,80.0,0.4,12.0,60,20,240.0,False,True,True,-21.607,-19.587,-9.587,False,False,0.36,24.0,True,False,True,True,,4.1402,0.4641,RELAY_CONNECTIVITY_INFEASIBLE,relay_visibility_restored_but_relay_link_margin_failure
PAY-SC4200-PLUS,secondary_sensitivity,obstructed_adverse,baseline_h80_x40,80.0,0.4,12.0,60,30,240.0,False,True,True,-21.607,-19.587,-9.587,False,False,0.36,24.0,True,False,True,True,,5.5528,0.5375,RELAY_CONNECTIVITY_INFEASIBLE,relay_visibility_restored_but_relay_link_margin_failure
PAY-SC4200-PLUS,secondary_sensitivity,obstructed_adverse,baseline_h80_x40,80.0,0.4,12.0,60,45,240.0,False,True,True,-21.607,-19.587,-9.587,False,False,0.36,24.0,False,False,True,False,gross_mass|rotor_diameter|vehicle_span,17.694,0.9595,RELAY_CONNECTIVITY_INFEASIBLE,relay_visibility_restored_but_relay_link_margin_failure
PAY-SC4200-PLUS,secondary_sensitivity,obstructed_adverse,baseline_h80_x40,80.0,0.4,12.0,60,60,240.0,False,True,True,-21.607,-19.587,-9.587,False,False,0.36,24.0,False,True,False,False,,,,RELAY_CONNECTIVITY_INFEASIBLE,relay_visibility_restored_but_relay_link_margin_failure
PAY-SC4200-PLUS,secondary_sensitivity,obstruction_sensitivity_h60_x40,h60_x40,60.0,0.4,0.0,5,10,60.0,False,False,True,11.975,13.994,23.996,False,False,0.36,24.0,True,False,True,True,,4.1402,0.4641,RELAY_CONNECTIVITY_INFEASIBLE,relay_visibility_failure
PAY-SC4200-PLUS,secondary_sensitivity,obstruction_sensitivity_h60_x40,h60_x40,60.0,0.4,0.0,5,20,60.0,False,False,True,11.975,13.994,23.996,False,False,0.36,24.0,True,False,True,True,,4.1402,0.4641,RELAY_CONNECTIVITY_INFEASIBLE,relay_visibility_failure
PAY-SC4200-PLUS,secondary_sensitivity,obstruction_sensitivity_h60_x40,h60_x40,60.0,0.4,0.0,5,30,60.0,False,False,True,11.975,13.994,23.996,False,False,0.36,24.0,True,False,True,True,,5.5528,0.5375,RELAY_CONNECTIVITY_INFEASIBLE,relay_visibility_failure
PAY-SC4200-PLUS,secondary_sensitivity,obstruction_sensitivity_h60_x40,h60_x40,60.0,0.4,0.0,5,45,60.0,False,False,True,11.975,13.994,23.996,False,False,0.36,24.0,False,False,True,False,gross_mass|rotor_diameter|vehicle_span,17.694,0.9595,RELAY_CONNECTIVITY_INFEASIBLE,relay_visibility_failure
PAY-SC4200-PLUS,secondary_sensitivity,obstruction_sensitivity_h60_x40,h60_x40,60.0,0.4,0.0,5,60,60.0,False,False,True,11.975,13.994,23.996,False,False,0.36,24.0,False,True,False,False,,,,RELAY_CONNECTIVITY_INFEASIBLE,relay_visibility_failure
PAY-SC4200-PLUS,secondary_sensitivity,obstruction_sensitivity_h60_x40,h60_x40,60.0,0.4,0.0,10,10,60.0,False,False,True,5.955,7.976,17.976,False,False,0.36,24.0,True,False,True,True,,4.1402,0.4641,RELAY_CONNECTIVITY_INFEASIBLE,relay_visibility_failure
PAY-SC4200-PLUS,secondary_sensitivity,obstruction_sensitivity_h60_x40,h60_x40,60.0,0.4,0.0,10,20,60.0,False,False,True,5.955,7.976,17.976,False,False,0.36,24.0,True,False,True,True,,4.1402,0.4641,RELAY_CONNECTIVITY_INFEASIBLE,relay_visibility_failure
PAY-SC4200-PLUS,secondary_sensitivity,obstruction_sensitivity_h60_x40,h60_x40,60.0,0.4,0.0,10,30,60.0,False,False,True,5.955,7.976,17.976,False,False,0.36,24.0,True,False,True,True,,5.5528,0.5375,RELAY_CONNECTIVITY_INFEASIBLE,relay_visibility_failure
PAY-SC4200-PLUS,secondary_sensitivity,obstruction_sensitivity_h60_x40,h60_x40,60.0,0.4,0.0,10,45,60.0,False,False,True,5.955,7.976,17.976,False,False,0.36,24.0,False,False,True,False,gross_mass|rotor_diameter|vehicle_span,17.694,0.9595,RELAY_CONNECTIVITY_INFEASIBLE,relay_visibility_failure
PAY-SC4200-PLUS,secondary_sensitivity,obstruction_sensitivity_h60_x40,h60_x40,60.0,0.4,0.0,10,60,60.0,False,False,True,5.955,7.976,17.976,False,False,0.36,24.0,False,True,False,False,,,,RELAY_CONNECTIVITY_INFEASIBLE,relay_visibility_failure
PAY-SC4200-PLUS,secondary_sensitivity,obstruction_sensitivity_h60_x40,h60_x40,60.0,0.4,0.0,20,10,60.0,False,False,True,-0.065,1.956,11.956,False,False,0.36,24.0,True,False,True,True,,4.1402,0.4641,RELAY_CONNECTIVITY_INFEASIBLE,relay_visibility_failure
PAY-SC4200-PLUS,secondary_sensitivity,obstruction_sensitivity_h60_x40,h60_x40,60.0,0.4,0.0,20,20,60.0,False,False,True,-0.065,1.956,11.956,False,False,0.36,24.0,True,False,True,True,,4.1402,0.4641,RELAY_CONNECTIVITY_INFEASIBLE,relay_visibility_failure
PAY-SC4200-PLUS,secondary_sensitivity,obstruction_sensitivity_h60_x40,h60_x40,60.0,0.4,0.0,20,30,60.0,False,False,True,-0.065,1.956,11.956,False,False,0.36,24.0,True,False,True,True,,5.5528,0.5375,RELAY_CONNECTIVITY_INFEASIBLE,relay_visibility_failure
PAY-SC4200-PLUS,secondary_sensitivity,obstruction_sensitivity_h60_x40,h60_x40,60.0,0.4,0.0,20,45,60.0,False,False,True,-0.065,1.956,11.956,False,False,0.36,24.0,False,False,True,False,gross_mass|rotor_diameter|vehicle_span,17.694,0.9595,RELAY_CONNECTIVITY_INFEASIBLE,relay_visibility_failure
PAY-SC4200-PLUS,secondary_sensitivity,obstruction_sensitivity_h60_x40,h60_x40,60.0,0.4,0.0,20,60,60.0,False,False,True,-0.065,1.956,11.956,False,False,0.36,24.0,False,True,False,False,,,,RELAY_CONNECTIVITY_INFEASIBLE,relay_visibility_failure
PAY-SC4200-PLUS,secondary_sensitivity,obstruction_sensitivity_h60_x40,h60_x40,60.0,0.4,0.0,30,10,60.0,False,False,True,-3.587,-1.566,8.434,False,False,0.36,24.0,True,False,True,True,,4.1402,0.4641,RELAY_CONNECTIVITY_INFEASIBLE,relay_visibility_failure
PAY-SC4200-PLUS,secondary_sensitivity,obstruction_sensitivity_h60_x40,h60_x40,60.0,0.4,0.0,30,20,60.0,False,False,True,-3.587,-1.566,8.434,False,False,0.36,24.0,True,False,True,True,,4.1402,0.4641,RELAY_CONNECTIVITY_INFEASIBLE,relay_visibility_failure
PAY-SC4200-PLUS,secondary_sensitivity,obstruction_sensitivity_h60_x40,h60_x40,60.0,0.4,0.0,30,30,60.0,False,False,True,-3.587,-1.566,8.434,False,False,0.36,24.0,True,False,True,True,,5.5528,0.5375,RELAY_CONNECTIVITY_INFEASIBLE,relay_visibility_failure
PAY-SC4200-PLUS,secondary_sensitivity,obstruction_sensitivity_h60_x40,h60_x40,60.0,0.4,0.0,30,45,60.0,False,False,True,-3.587,-1.566,8.434,False,False,0.36,24.0,False,False,True,False,gross_mass|rotor_diameter|vehicle_span,17.694,0.9595,RELAY_CONNECTIVITY_INFEASIBLE,relay_visibility_failure
PAY-SC4200-PLUS,secondary_sensitivity,obstruction_sensitivity_h60_x40,h60_x40,60.0,0.4,0.0,30,60,60.0,False,False,True,-3.587,-1.566,8.434,False,False,0.36,24.0,False,True,False,False,,,,RELAY_CONNECTIVITY_INFEASIBLE,relay_visibility_failure
PAY-SC4200-PLUS,secondary_sensitivity,obstruction_sensitivity_h60_x40,h60_x40,60.0,0.4,0.0,40,10,60.0,False,False,True,-6.085,-4.065,5.935,False,False,0.36,24.0,True,False,True,True,,4.1402,0.4641,RELAY_CONNECTIVITY_INFEASIBLE,relay_visibility_failure
PAY-SC4200-PLUS,secondary_sensitivity,obstruction_sensitivity_h60_x40,h60_x40,60.0,0.4,0.0,40,20,60.0,False,False,True,-6.085,-4.065,5.935,False,False,0.36,24.0,True,False,True,True,,4.1402,0.4641,RELAY_CONNECTIVITY_INFEASIBLE,relay_visibility_failure
PAY-SC4200-PLUS,secondary_sensitivity,obstruction_sensitivity_h60_x40,h60_x40,60.0,0.4,0.0,40,30,60.0,False,False,True,-6.085,-4.065,5.935,False,False,0.36,24.0,True,False,True,True,,5.5528,0.5375,RELAY_CONNECTIVITY_INFEASIBLE,relay_visibility_failure
PAY-SC4200-PLUS,secondary_sensitivity,obstruction_sensitivity_h60_x40,h60_x40,60.0,0.4,0.0,40,45,60.0,False,False,True,-6.085,-4.065,5.935,False,False,0.36,24.0,False,False,True,False,gross_mass|rotor_diameter|vehicle_span,17.694,0.9595,RELAY_CONNECTIVITY_INFEASIBLE,relay_visibility_failure
PAY-SC4200-PLUS,secondary_sensitivity,obstruction_sensitivity_h60_x40,h60_x40,60.0,0.4,0.0,40,60,60.0,False,False,True,-6.085,-4.065,5.935,False,False,0.36,24.0,False,True,False,False,,,,RELAY_CONNECTIVITY_INFEASIBLE,relay_visibility_failure
PAY-SC4200-PLUS,secondary_sensitivity,obstruction_sensitivity_h60_x40,h60_x40,60.0,0.4,0.0,60,10,60.0,False,False,True,-9.607,-7.587,2.413,False,False,0.36,24.0,True,False,True,True,,4.1402,0.4641,RELAY_CONNECTIVITY_INFEASIBLE,relay_visibility_failure
PAY-SC4200-PLUS,secondary_sensitivity,obstruction_sensitivity_h60_x40,h60_x40,60.0,0.4,0.0,60,20,60.0,False,False,True,-9.607,-7.587,2.413,False,False,0.36,24.0,True,False,True,True,,4.1402,0.4641,RELAY_CONNECTIVITY_INFEASIBLE,relay_visibility_failure
PAY-SC4200-PLUS,secondary_sensitivity,obstruction_sensitivity_h60_x40,h60_x40,60.0,0.4,0.0,60,30,60.0,False,False,True,-9.607,-7.587,2.413,False,False,0.36,24.0,True,False,True,True,,5.5528,0.5375,RELAY_CONNECTIVITY_INFEASIBLE,relay_visibility_failure
PAY-SC4200-PLUS,secondary_sensitivity,obstruction_sensitivity_h60_x40,h60_x40,60.0,0.4,0.0,60,45,60.0,False,False,True,-9.607,-7.587,2.413,False,False,0.36,24.0,False,False,True,False,gross_mass|rotor_diameter|vehicle_span,17.694,0.9595,RELAY_CONNECTIVITY_INFEASIBLE,relay_visibility_failure
PAY-SC4200-PLUS,secondary_sensitivity,obstruction_sensitivity_h60_x40,h60_x40,60.0,0.4,0.0,60,60,60.0,False,False,True,-9.607,-7.587,2.413,False,False,0.36,24.0,False,True,False,False,,,,RELAY_CONNECTIVITY_INFEASIBLE,relay_visibility_failure
PAY-SC4200-PLUS,secondary_sensitivity,obstruction_sensitivity_h60_x40,h60_x40,60.0,0.4,0.0,5,10,120.0,False,True,True,11.975,13.987,23.997,False,True,0.36,24.0,True,False,True,True,,4.1402,0.4641,RELAY_BENEFICIAL_AND_FEASIBLE,direct_visibility_loss_relay_visibility_restoration
PAY-SC4200-PLUS,secondary_sensitivity,obstruction_sensitivity_h60_x40,h60_x40,60.0,0.4,0.0,5,20,120.0,False,True,True,11.975,13.987,23.997,False,True,0.36,24.0,True,False,True,True,,4.1402,0.4641,RELAY_BENEFICIAL_AND_FEASIBLE,direct_visibility_loss_relay_visibility_restoration
PAY-SC4200-PLUS,secondary_sensitivity,obstruction_sensitivity_h60_x40,h60_x40,60.0,0.4,0.0,5,30,120.0,False,True,True,11.975,13.987,23.997,False,True,0.36,24.0,True,False,True,True,,5.5528,0.5375,RELAY_BENEFICIAL_AND_FEASIBLE,direct_visibility_loss_relay_visibility_restoration
PAY-SC4200-PLUS,secondary_sensitivity,obstruction_sensitivity_h60_x40,h60_x40,60.0,0.4,0.0,5,45,120.0,False,True,True,11.975,13.987,23.997,False,True,0.36,24.0,False,False,True,False,gross_mass|rotor_diameter|vehicle_span,17.694,0.9595,MASS_CLOSED_PRACTICAL_CONSTRAINT_FAILURE,finite_closure_exceeds_practical_analysis_boundary
PAY-SC4200-PLUS,secondary_sensitivity,obstruction_sensitivity_h60_x40,h60_x40,60.0,0.4,0.0,5,60,120.0,False,True,True,11.975,13.987,23.997,False,True,0.36,24.0,False,True,False,False,,,,RELAY_FUNCTIONAL_VEHICLE_RESOURCE_FAILURE,endurance_driven_mathematical_nonclosure
PAY-SC4200-PLUS,secondary_sensitivity,obstruction_sensitivity_h60_x40,h60_x40,60.0,0.4,0.0,10,10,120.0,False,True,True,5.955,7.974,17.976,False,True,0.36,24.0,True,False,True,True,,4.1402,0.4641,RELAY_BENEFICIAL_AND_FEASIBLE,direct_visibility_loss_relay_visibility_restoration
PAY-SC4200-PLUS,secondary_sensitivity,obstruction_sensitivity_h60_x40,h60_x40,60.0,0.4,0.0,10,20,120.0,False,True,True,5.955,7.974,17.976,False,True,0.36,24.0,True,False,True,True,,4.1402,0.4641,RELAY_BENEFICIAL_AND_FEASIBLE,direct_visibility_loss_relay_visibility_restoration
PAY-SC4200-PLUS,secondary_sensitivity,obstruction_sensitivity_h60_x40,h60_x40,60.0,0.4,0.0,10,30,120.0,False,True,True,5.955,7.974,17.976,False,True,0.36,24.0,True,False,True,True,,5.5528,0.5375,RELAY_BENEFICIAL_AND_FEASIBLE,direct_visibility_loss_relay_visibility_restoration
PAY-SC4200-PLUS,secondary_sensitivity,obstruction_sensitivity_h60_x40,h60_x40,60.0,0.4,0.0,10,45,120.0,False,True,True,5.955,7.974,17.976,False,True,0.36,24.0,False,False,True,False,gross_mass|rotor_diameter|vehicle_span,17.694,0.9595,MASS_CLOSED_PRACTICAL_CONSTRAINT_FAILURE,finite_closure_exceeds_practical_analysis_boundary
PAY-SC4200-PLUS,secondary_sensitivity,obstruction_sensitivity_h60_x40,h60_x40,60.0,0.4,0.0,10,60,120.0,False,True,True,5.955,7.974,17.976,False,True,0.36,24.0,False,True,False,False,,,,RELAY_FUNCTIONAL_VEHICLE_RESOURCE_FAILURE,endurance_driven_mathematical_nonclosure
PAY-SC4200-PLUS,secondary_sensitivity,obstruction_sensitivity_h60_x40,h60_x40,60.0,0.4,0.0,20,10,120.0,False,True,True,-0.065,1.955,11.956,False,True,0.36,24.0,True,False,True,True,,4.1402,0.4641,RELAY_BENEFICIAL_AND_FEASIBLE,direct_visibility_loss_relay_visibility_restoration
PAY-SC4200-PLUS,secondary_sensitivity,obstruction_sensitivity_h60_x40,h60_x40,60.0,0.4,0.0,20,20,120.0,False,True,True,-0.065,1.955,11.956,False,True,0.36,24.0,True,False,True,True,,4.1402,0.4641,RELAY_BENEFICIAL_AND_FEASIBLE,direct_visibility_loss_relay_visibility_restoration
PAY-SC4200-PLUS,secondary_sensitivity,obstruction_sensitivity_h60_x40,h60_x40,60.0,0.4,0.0,20,30,120.0,False,True,True,-0.065,1.955,11.956,False,True,0.36,24.0,True,False,True,True,,5.5528,0.5375,RELAY_BENEFICIAL_AND_FEASIBLE,direct_visibility_loss_relay_visibility_restoration
PAY-SC4200-PLUS,secondary_sensitivity,obstruction_sensitivity_h60_x40,h60_x40,60.0,0.4,0.0,20,45,120.0,False,True,True,-0.065,1.955,11.956,False,True,0.36,24.0,False,False,True,False,gross_mass|rotor_diameter|vehicle_span,17.694,0.9595,MASS_CLOSED_PRACTICAL_CONSTRAINT_FAILURE,finite_closure_exceeds_practical_analysis_boundary
PAY-SC4200-PLUS,secondary_sensitivity,obstruction_sensitivity_h60_x40,h60_x40,60.0,0.4,0.0,20,60,120.0,False,True,True,-0.065,1.955,11.956,False,True,0.36,24.0,False,True,False,False,,,,RELAY_FUNCTIONAL_VEHICLE_RESOURCE_FAILURE,endurance_driven_mathematical_nonclosure
PAY-SC4200-PLUS,secondary_sensitivity,obstruction_sensitivity_h60_x40,h60_x40,60.0,0.4,0.0,30,10,120.0,False,True,True,-3.587,-1.566,8.434,False,False,0.36,24.0,True,False,True,True,,4.1402,0.4641,RELAY_CONNECTIVITY_INFEASIBLE,relay_visibility_restored_but_relay_link_margin_failure
PAY-SC4200-PLUS,secondary_sensitivity,obstruction_sensitivity_h60_x40,h60_x40,60.0,0.4,0.0,30,20,120.0,False,True,True,-3.587,-1.566,8.434,False,False,0.36,24.0,True,False,True,True,,4.1402,0.4641,RELAY_CONNECTIVITY_INFEASIBLE,relay_visibility_restored_but_relay_link_margin_failure
PAY-SC4200-PLUS,secondary_sensitivity,obstruction_sensitivity_h60_x40,h60_x40,60.0,0.4,0.0,30,30,120.0,False,True,True,-3.587,-1.566,8.434,False,False,0.36,24.0,True,False,True,True,,5.5528,0.5375,RELAY_CONNECTIVITY_INFEASIBLE,relay_visibility_restored_but_relay_link_margin_failure
PAY-SC4200-PLUS,secondary_sensitivity,obstruction_sensitivity_h60_x40,h60_x40,60.0,0.4,0.0,30,45,120.0,False,True,True,-3.587,-1.566,8.434,False,False,0.36,24.0,False,False,True,False,gross_mass|rotor_diameter|vehicle_span,17.694,0.9595,RELAY_CONNECTIVITY_INFEASIBLE,relay_visibility_restored_but_relay_link_margin_failure
PAY-SC4200-PLUS,secondary_sensitivity,obstruction_sensitivity_h60_x40,h60_x40,60.0,0.4,0.0,30,60,120.0,False,True,True,-3.587,-1.566,8.434,False,False,0.36,24.0,False,True,False,False,,,,RELAY_CONNECTIVITY_INFEASIBLE,relay_visibility_restored_but_relay_link_margin_failure
PAY-SC4200-PLUS,secondary_sensitivity,obstruction_sensitivity_h60_x40,h60_x40,60.0,0.4,0.0,40,10,120.0,False,True,True,-6.085,-4.065,5.935,False,False,0.36,24.0,True,False,True,True,,4.1402,0.4641,RELAY_CONNECTIVITY_INFEASIBLE,relay_visibility_restored_but_relay_link_margin_failure
PAY-SC4200-PLUS,secondary_sensitivity,obstruction_sensitivity_h60_x40,h60_x40,60.0,0.4,0.0,40,20,120.0,False,True,True,-6.085,-4.065,5.935,False,False,0.36,24.0,True,False,True,True,,4.1402,0.4641,RELAY_CONNECTIVITY_INFEASIBLE,relay_visibility_restored_but_relay_link_margin_failure
PAY-SC4200-PLUS,secondary_sensitivity,obstruction_sensitivity_h60_x40,h60_x40,60.0,0.4,0.0,40,30,120.0,False,True,True,-6.085,-4.065,5.935,False,False,0.36,24.0,True,False,True,True,,5.5528,0.5375,RELAY_CONNECTIVITY_INFEASIBLE,relay_visibility_restored_but_relay_link_margin_failure
PAY-SC4200-PLUS,secondary_sensitivity,obstruction_sensitivity_h60_x40,h60_x40,60.0,0.4,0.0,40,45,120.0,False,True,True,-6.085,-4.065,5.935,False,False,0.36,24.0,False,False,True,False,gross_mass|rotor_diameter|vehicle_span,17.694,0.9595,RELAY_CONNECTIVITY_INFEASIBLE,relay_visibility_restored_but_relay_link_margin_failure
PAY-SC4200-PLUS,secondary_sensitivity,obstruction_sensitivity_h60_x40,h60_x40,60.0,0.4,0.0,40,60,120.0,False,True,True,-6.085,-4.065,5.935,False,False,0.36,24.0,False,True,False,False,,,,RELAY_CONNECTIVITY_INFEASIBLE,relay_visibility_restored_but_relay_link_margin_failure
PAY-SC4200-PLUS,secondary_sensitivity,obstruction_sensitivity_h60_x40,h60_x40,60.0,0.4,0.0,60,10,120.0,False,True,True,-9.607,-7.587,2.413,False,False,0.36,24.0,True,False,True,True,,4.1402,0.4641,RELAY_CONNECTIVITY_INFEASIBLE,relay_visibility_restored_but_relay_link_margin_failure
PAY-SC4200-PLUS,secondary_sensitivity,obstruction_sensitivity_h60_x40,h60_x40,60.0,0.4,0.0,60,20,120.0,False,True,True,-9.607,-7.587,2.413,False,False,0.36,24.0,True,False,True,True,,4.1402,0.4641,RELAY_CONNECTIVITY_INFEASIBLE,relay_visibility_restored_but_relay_link_margin_failure
PAY-SC4200-PLUS,secondary_sensitivity,obstruction_sensitivity_h60_x40,h60_x40,60.0,0.4,0.0,60,30,120.0,False,True,True,-9.607,-7.587,2.413,False,False,0.36,24.0,True,False,True,True,,5.5528,0.5375,RELAY_CONNECTIVITY_INFEASIBLE,relay_visibility_restored_but_relay_link_margin_failure
PAY-SC4200-PLUS,secondary_sensitivity,obstruction_sensitivity_h60_x40,h60_x40,60.0,0.4,0.0,60,45,120.0,False,True,True,-9.607,-7.587,2.413,False,False,0.36,24.0,False,False,True,False,gross_mass|rotor_diameter|vehicle_span,17.694,0.9595,RELAY_CONNECTIVITY_INFEASIBLE,relay_visibility_restored_but_relay_link_margin_failure
PAY-SC4200-PLUS,secondary_sensitivity,obstruction_sensitivity_h60_x40,h60_x40,60.0,0.4,0.0,60,60,120.0,False,True,True,-9.607,-7.587,2.413,False,False,0.36,24.0,False,True,False,False,,,,RELAY_CONNECTIVITY_INFEASIBLE,relay_visibility_restored_but_relay_link_margin_failure
PAY-SC4200-PLUS,secondary_sensitivity,obstruction_sensitivity_h60_x40,h60_x40,60.0,0.4,0.0,5,10,240.0,False,True,True,11.975,13.957,23.983,False,True,0.36,24.0,True,False,True,True,,4.1402,0.4641,RELAY_BENEFICIAL_AND_FEASIBLE,direct_visibility_loss_relay_visibility_restoration
PAY-SC4200-PLUS,secondary_sensitivity,obstruction_sensitivity_h60_x40,h60_x40,60.0,0.4,0.0,5,20,240.0,False,True,True,11.975,13.957,23.983,False,True,0.36,24.0,True,False,True,True,,4.1402,0.4641,RELAY_BENEFICIAL_AND_FEASIBLE,direct_visibility_loss_relay_visibility_restoration
PAY-SC4200-PLUS,secondary_sensitivity,obstruction_sensitivity_h60_x40,h60_x40,60.0,0.4,0.0,5,30,240.0,False,True,True,11.975,13.957,23.983,False,True,0.36,24.0,True,False,True,True,,5.5528,0.5375,RELAY_BENEFICIAL_AND_FEASIBLE,direct_visibility_loss_relay_visibility_restoration
PAY-SC4200-PLUS,secondary_sensitivity,obstruction_sensitivity_h60_x40,h60_x40,60.0,0.4,0.0,5,45,240.0,False,True,True,11.975,13.957,23.983,False,True,0.36,24.0,False,False,True,False,gross_mass|rotor_diameter|vehicle_span,17.694,0.9595,MASS_CLOSED_PRACTICAL_CONSTRAINT_FAILURE,finite_closure_exceeds_practical_analysis_boundary
PAY-SC4200-PLUS,secondary_sensitivity,obstruction_sensitivity_h60_x40,h60_x40,60.0,0.4,0.0,5,60,240.0,False,True,True,11.975,13.957,23.983,False,True,0.36,24.0,False,True,False,False,,,,RELAY_FUNCTIONAL_VEHICLE_RESOURCE_FAILURE,endurance_driven_mathematical_nonclosure
PAY-SC4200-PLUS,secondary_sensitivity,obstruction_sensitivity_h60_x40,h60_x40,60.0,0.4,0.0,10,10,240.0,False,True,True,5.955,7.966,17.973,False,True,0.36,24.0,True,False,True,True,,4.1402,0.4641,RELAY_BENEFICIAL_AND_FEASIBLE,direct_visibility_loss_relay_visibility_restoration
PAY-SC4200-PLUS,secondary_sensitivity,obstruction_sensitivity_h60_x40,h60_x40,60.0,0.4,0.0,10,20,240.0,False,True,True,5.955,7.966,17.973,False,True,0.36,24.0,True,False,True,True,,4.1402,0.4641,RELAY_BENEFICIAL_AND_FEASIBLE,direct_visibility_loss_relay_visibility_restoration
PAY-SC4200-PLUS,secondary_sensitivity,obstruction_sensitivity_h60_x40,h60_x40,60.0,0.4,0.0,10,30,240.0,False,True,True,5.955,7.966,17.973,False,True,0.36,24.0,True,False,True,True,,5.5528,0.5375,RELAY_BENEFICIAL_AND_FEASIBLE,direct_visibility_loss_relay_visibility_restoration
PAY-SC4200-PLUS,secondary_sensitivity,obstruction_sensitivity_h60_x40,h60_x40,60.0,0.4,0.0,10,45,240.0,False,True,True,5.955,7.966,17.973,False,True,0.36,24.0,False,False,True,False,gross_mass|rotor_diameter|vehicle_span,17.694,0.9595,MASS_CLOSED_PRACTICAL_CONSTRAINT_FAILURE,finite_closure_exceeds_practical_analysis_boundary
PAY-SC4200-PLUS,secondary_sensitivity,obstruction_sensitivity_h60_x40,h60_x40,60.0,0.4,0.0,10,60,240.0,False,True,True,5.955,7.966,17.973,False,True,0.36,24.0,False,True,False,False,,,,RELAY_FUNCTIONAL_VEHICLE_RESOURCE_FAILURE,endurance_driven_mathematical_nonclosure
PAY-SC4200-PLUS,secondary_sensitivity,obstruction_sensitivity_h60_x40,h60_x40,60.0,0.4,0.0,20,10,240.0,False,True,True,-0.065,1.953,11.955,False,True,0.36,24.0,True,False,True,True,,4.1402,0.4641,RELAY_BENEFICIAL_AND_FEASIBLE,direct_visibility_loss_relay_visibility_restoration
PAY-SC4200-PLUS,secondary_sensitivity,obstruction_sensitivity_h60_x40,h60_x40,60.0,0.4,0.0,20,20,240.0,False,True,True,-0.065,1.953,11.955,False,True,0.36,24.0,True,False,True,True,,4.1402,0.4641,RELAY_BENEFICIAL_AND_FEASIBLE,direct_visibility_loss_relay_visibility_restoration
PAY-SC4200-PLUS,secondary_sensitivity,obstruction_sensitivity_h60_x40,h60_x40,60.0,0.4,0.0,20,30,240.0,False,True,True,-0.065,1.953,11.955,False,True,0.36,24.0,True,False,True,True,,5.5528,0.5375,RELAY_BENEFICIAL_AND_FEASIBLE,direct_visibility_loss_relay_visibility_restoration
PAY-SC4200-PLUS,secondary_sensitivity,obstruction_sensitivity_h60_x40,h60_x40,60.0,0.4,0.0,20,45,240.0,False,True,True,-0.065,1.953,11.955,False,True,0.36,24.0,False,False,True,False,gross_mass|rotor_diameter|vehicle_span,17.694,0.9595,MASS_CLOSED_PRACTICAL_CONSTRAINT_FAILURE,finite_closure_exceeds_practical_analysis_boundary
PAY-SC4200-PLUS,secondary_sensitivity,obstruction_sensitivity_h60_x40,h60_x40,60.0,0.4,0.0,20,60,240.0,False,True,True,-0.065,1.953,11.955,False,True,0.36,24.0,False,True,False,False,,,,RELAY_FUNCTIONAL_VEHICLE_RESOURCE_FAILURE,endurance_driven_mathematical_nonclosure
PAY-SC4200-PLUS,secondary_sensitivity,obstruction_sensitivity_h60_x40,h60_x40,60.0,0.4,0.0,30,10,240.0,False,True,True,-3.587,-1.567,8.434,False,False,0.36,24.0,True,False,True,True,,4.1402,0.4641,RELAY_CONNECTIVITY_INFEASIBLE,relay_visibility_restored_but_relay_link_margin_failure
PAY-SC4200-PLUS,secondary_sensitivity,obstruction_sensitivity_h60_x40,h60_x40,60.0,0.4,0.0,30,20,240.0,False,True,True,-3.587,-1.567,8.434,False,False,0.36,24.0,True,False,True,True,,4.1402,0.4641,RELAY_CONNECTIVITY_INFEASIBLE,relay_visibility_restored_but_relay_link_margin_failure
PAY-SC4200-PLUS,secondary_sensitivity,obstruction_sensitivity_h60_x40,h60_x40,60.0,0.4,0.0,30,30,240.0,False,True,True,-3.587,-1.567,8.434,False,False,0.36,24.0,True,False,True,True,,5.5528,0.5375,RELAY_CONNECTIVITY_INFEASIBLE,relay_visibility_restored_but_relay_link_margin_failure
PAY-SC4200-PLUS,secondary_sensitivity,obstruction_sensitivity_h60_x40,h60_x40,60.0,0.4,0.0,30,45,240.0,False,True,True,-3.587,-1.567,8.434,False,False,0.36,24.0,False,False,True,False,gross_mass|rotor_diameter|vehicle_span,17.694,0.9595,RELAY_CONNECTIVITY_INFEASIBLE,relay_visibility_restored_but_relay_link_margin_failure
PAY-SC4200-PLUS,secondary_sensitivity,obstruction_sensitivity_h60_x40,h60_x40,60.0,0.4,0.0,30,60,240.0,False,True,True,-3.587,-1.567,8.434,False,False,0.36,24.0,False,True,False,False,,,,RELAY_CONNECTIVITY_INFEASIBLE,relay_visibility_restored_but_relay_link_margin_failure
PAY-SC4200-PLUS,secondary_sensitivity,obstruction_sensitivity_h60_x40,h60_x40,60.0,0.4,0.0,40,10,240.0,False,True,True,-6.085,-4.065,5.935,False,False,0.36,24.0,True,False,True,True,,4.1402,0.4641,RELAY_CONNECTIVITY_INFEASIBLE,relay_visibility_restored_but_relay_link_margin_failure
PAY-SC4200-PLUS,secondary_sensitivity,obstruction_sensitivity_h60_x40,h60_x40,60.0,0.4,0.0,40,20,240.0,False,True,True,-6.085,-4.065,5.935,False,False,0.36,24.0,True,False,True,True,,4.1402,0.4641,RELAY_CONNECTIVITY_INFEASIBLE,relay_visibility_restored_but_relay_link_margin_failure
PAY-SC4200-PLUS,secondary_sensitivity,obstruction_sensitivity_h60_x40,h60_x40,60.0,0.4,0.0,40,30,240.0,False,True,True,-6.085,-4.065,5.935,False,False,0.36,24.0,True,False,True,True,,5.5528,0.5375,RELAY_CONNECTIVITY_INFEASIBLE,relay_visibility_restored_but_relay_link_margin_failure
PAY-SC4200-PLUS,secondary_sensitivity,obstruction_sensitivity_h60_x40,h60_x40,60.0,0.4,0.0,40,45,240.0,False,True,True,-6.085,-4.065,5.935,False,False,0.36,24.0,False,False,True,False,gross_mass|rotor_diameter|vehicle_span,17.694,0.9595,RELAY_CONNECTIVITY_INFEASIBLE,relay_visibility_restored_but_relay_link_margin_failure
PAY-SC4200-PLUS,secondary_sensitivity,obstruction_sensitivity_h60_x40,h60_x40,60.0,0.4,0.0,40,60,240.0,False,True,True,-6.085,-4.065,5.935,False,False,0.36,24.0,False,True,False,False,,,,RELAY_CONNECTIVITY_INFEASIBLE,relay_visibility_restored_but_relay_link_margin_failure
PAY-SC4200-PLUS,secondary_sensitivity,obstruction_sensitivity_h60_x40,h60_x40,60.0,0.4,0.0,60,10,240.0,False,True,True,-9.607,-7.587,2.413,False,False,0.36,24.0,True,False,True,True,,4.1402,0.4641,RELAY_CONNECTIVITY_INFEASIBLE,relay_visibility_restored_but_relay_link_margin_failure
PAY-SC4200-PLUS,secondary_sensitivity,obstruction_sensitivity_h60_x40,h60_x40,60.0,0.4,0.0,60,20,240.0,False,True,True,-9.607,-7.587,2.413,False,False,0.36,24.0,True,False,True,True,,4.1402,0.4641,RELAY_CONNECTIVITY_INFEASIBLE,relay_visibility_restored_but_relay_link_margin_failure
PAY-SC4200-PLUS,secondary_sensitivity,obstruction_sensitivity_h60_x40,h60_x40,60.0,0.4,0.0,60,30,240.0,False,True,True,-9.607,-7.587,2.413,False,False,0.36,24.0,True,False,True,True,,5.5528,0.5375,RELAY_CONNECTIVITY_INFEASIBLE,relay_visibility_restored_but_relay_link_margin_failure
PAY-SC4200-PLUS,secondary_sensitivity,obstruction_sensitivity_h60_x40,h60_x40,60.0,0.4,0.0,60,45,240.0,False,True,True,-9.607,-7.587,2.413,False,False,0.36,24.0,False,False,True,False,gross_mass|rotor_diameter|vehicle_span,17.694,0.9595,RELAY_CONNECTIVITY_INFEASIBLE,relay_visibility_restored_but_relay_link_margin_failure
PAY-SC4200-PLUS,secondary_sensitivity,obstruction_sensitivity_h60_x40,h60_x40,60.0,0.4,0.0,60,60,240.0,False,True,True,-9.607,-7.587,2.413,False,False,0.36,24.0,False,True,False,False,,,,RELAY_CONNECTIVITY_INFEASIBLE,relay_visibility_restored_but_relay_link_margin_failure
PAY-SC4200-PLUS,secondary_sensitivity,obstruction_sensitivity_h100_x40,h100_x40,100.0,0.4,0.0,5,10,60.0,False,False,True,11.975,13.994,23.996,False,False,0.36,24.0,True,False,True,True,,4.1402,0.4641,RELAY_CONNECTIVITY_INFEASIBLE,relay_visibility_failure
PAY-SC4200-PLUS,secondary_sensitivity,obstruction_sensitivity_h100_x40,h100_x40,100.0,0.4,0.0,5,20,60.0,False,False,True,11.975,13.994,23.996,False,False,0.36,24.0,True,False,True,True,,4.1402,0.4641,RELAY_CONNECTIVITY_INFEASIBLE,relay_visibility_failure
PAY-SC4200-PLUS,secondary_sensitivity,obstruction_sensitivity_h100_x40,h100_x40,100.0,0.4,0.0,5,30,60.0,False,False,True,11.975,13.994,23.996,False,False,0.36,24.0,True,False,True,True,,5.5528,0.5375,RELAY_CONNECTIVITY_INFEASIBLE,relay_visibility_failure
PAY-SC4200-PLUS,secondary_sensitivity,obstruction_sensitivity_h100_x40,h100_x40,100.0,0.4,0.0,5,45,60.0,False,False,True,11.975,13.994,23.996,False,False,0.36,24.0,False,False,True,False,gross_mass|rotor_diameter|vehicle_span,17.694,0.9595,RELAY_CONNECTIVITY_INFEASIBLE,relay_visibility_failure
PAY-SC4200-PLUS,secondary_sensitivity,obstruction_sensitivity_h100_x40,h100_x40,100.0,0.4,0.0,5,60,60.0,False,False,True,11.975,13.994,23.996,False,False,0.36,24.0,False,True,False,False,,,,RELAY_CONNECTIVITY_INFEASIBLE,relay_visibility_failure
PAY-SC4200-PLUS,secondary_sensitivity,obstruction_sensitivity_h100_x40,h100_x40,100.0,0.4,0.0,10,10,60.0,False,False,True,5.955,7.976,17.976,False,False,0.36,24.0,True,False,True,True,,4.1402,0.4641,RELAY_CONNECTIVITY_INFEASIBLE,relay_visibility_failure
PAY-SC4200-PLUS,secondary_sensitivity,obstruction_sensitivity_h100_x40,h100_x40,100.0,0.4,0.0,10,20,60.0,False,False,True,5.955,7.976,17.976,False,False,0.36,24.0,True,False,True,True,,4.1402,0.4641,RELAY_CONNECTIVITY_INFEASIBLE,relay_visibility_failure
PAY-SC4200-PLUS,secondary_sensitivity,obstruction_sensitivity_h100_x40,h100_x40,100.0,0.4,0.0,10,30,60.0,False,False,True,5.955,7.976,17.976,False,False,0.36,24.0,True,False,True,True,,5.5528,0.5375,RELAY_CONNECTIVITY_INFEASIBLE,relay_visibility_failure
PAY-SC4200-PLUS,secondary_sensitivity,obstruction_sensitivity_h100_x40,h100_x40,100.0,0.4,0.0,10,45,60.0,False,False,True,5.955,7.976,17.976,False,False,0.36,24.0,False,False,True,False,gross_mass|rotor_diameter|vehicle_span,17.694,0.9595,RELAY_CONNECTIVITY_INFEASIBLE,relay_visibility_failure
PAY-SC4200-PLUS,secondary_sensitivity,obstruction_sensitivity_h100_x40,h100_x40,100.0,0.4,0.0,10,60,60.0,False,False,True,5.955,7.976,17.976,False,False,0.36,24.0,False,True,False,False,,,,RELAY_CONNECTIVITY_INFEASIBLE,relay_visibility_failure
PAY-SC4200-PLUS,secondary_sensitivity,obstruction_sensitivity_h100_x40,h100_x40,100.0,0.4,0.0,20,10,60.0,False,False,True,-0.065,1.956,11.956,False,False,0.36,24.0,True,False,True,True,,4.1402,0.4641,RELAY_CONNECTIVITY_INFEASIBLE,relay_visibility_failure
PAY-SC4200-PLUS,secondary_sensitivity,obstruction_sensitivity_h100_x40,h100_x40,100.0,0.4,0.0,20,20,60.0,False,False,True,-0.065,1.956,11.956,False,False,0.36,24.0,True,False,True,True,,4.1402,0.4641,RELAY_CONNECTIVITY_INFEASIBLE,relay_visibility_failure
PAY-SC4200-PLUS,secondary_sensitivity,obstruction_sensitivity_h100_x40,h100_x40,100.0,0.4,0.0,20,30,60.0,False,False,True,-0.065,1.956,11.956,False,False,0.36,24.0,True,False,True,True,,5.5528,0.5375,RELAY_CONNECTIVITY_INFEASIBLE,relay_visibility_failure
PAY-SC4200-PLUS,secondary_sensitivity,obstruction_sensitivity_h100_x40,h100_x40,100.0,0.4,0.0,20,45,60.0,False,False,True,-0.065,1.956,11.956,False,False,0.36,24.0,False,False,True,False,gross_mass|rotor_diameter|vehicle_span,17.694,0.9595,RELAY_CONNECTIVITY_INFEASIBLE,relay_visibility_failure
PAY-SC4200-PLUS,secondary_sensitivity,obstruction_sensitivity_h100_x40,h100_x40,100.0,0.4,0.0,20,60,60.0,False,False,True,-0.065,1.956,11.956,False,False,0.36,24.0,False,True,False,False,,,,RELAY_CONNECTIVITY_INFEASIBLE,relay_visibility_failure
PAY-SC4200-PLUS,secondary_sensitivity,obstruction_sensitivity_h100_x40,h100_x40,100.0,0.4,0.0,30,10,60.0,False,False,True,-3.587,-1.566,8.434,False,False,0.36,24.0,True,False,True,True,,4.1402,0.4641,RELAY_CONNECTIVITY_INFEASIBLE,relay_visibility_failure
PAY-SC4200-PLUS,secondary_sensitivity,obstruction_sensitivity_h100_x40,h100_x40,100.0,0.4,0.0,30,20,60.0,False,False,True,-3.587,-1.566,8.434,False,False,0.36,24.0,True,False,True,True,,4.1402,0.4641,RELAY_CONNECTIVITY_INFEASIBLE,relay_visibility_failure
PAY-SC4200-PLUS,secondary_sensitivity,obstruction_sensitivity_h100_x40,h100_x40,100.0,0.4,0.0,30,30,60.0,False,False,True,-3.587,-1.566,8.434,False,False,0.36,24.0,True,False,True,True,,5.5528,0.5375,RELAY_CONNECTIVITY_INFEASIBLE,relay_visibility_failure
PAY-SC4200-PLUS,secondary_sensitivity,obstruction_sensitivity_h100_x40,h100_x40,100.0,0.4,0.0,30,45,60.0,False,False,True,-3.587,-1.566,8.434,False,False,0.36,24.0,False,False,True,False,gross_mass|rotor_diameter|vehicle_span,17.694,0.9595,RELAY_CONNECTIVITY_INFEASIBLE,relay_visibility_failure
PAY-SC4200-PLUS,secondary_sensitivity,obstruction_sensitivity_h100_x40,h100_x40,100.0,0.4,0.0,30,60,60.0,False,False,True,-3.587,-1.566,8.434,False,False,0.36,24.0,False,True,False,False,,,,RELAY_CONNECTIVITY_INFEASIBLE,relay_visibility_failure
PAY-SC4200-PLUS,secondary_sensitivity,obstruction_sensitivity_h100_x40,h100_x40,100.0,0.4,0.0,40,10,60.0,False,False,True,-6.085,-4.065,5.935,False,False,0.36,24.0,True,False,True,True,,4.1402,0.4641,RELAY_CONNECTIVITY_INFEASIBLE,relay_visibility_failure
PAY-SC4200-PLUS,secondary_sensitivity,obstruction_sensitivity_h100_x40,h100_x40,100.0,0.4,0.0,40,20,60.0,False,False,True,-6.085,-4.065,5.935,False,False,0.36,24.0,True,False,True,True,,4.1402,0.4641,RELAY_CONNECTIVITY_INFEASIBLE,relay_visibility_failure
PAY-SC4200-PLUS,secondary_sensitivity,obstruction_sensitivity_h100_x40,h100_x40,100.0,0.4,0.0,40,30,60.0,False,False,True,-6.085,-4.065,5.935,False,False,0.36,24.0,True,False,True,True,,5.5528,0.5375,RELAY_CONNECTIVITY_INFEASIBLE,relay_visibility_failure
PAY-SC4200-PLUS,secondary_sensitivity,obstruction_sensitivity_h100_x40,h100_x40,100.0,0.4,0.0,40,45,60.0,False,False,True,-6.085,-4.065,5.935,False,False,0.36,24.0,False,False,True,False,gross_mass|rotor_diameter|vehicle_span,17.694,0.9595,RELAY_CONNECTIVITY_INFEASIBLE,relay_visibility_failure
PAY-SC4200-PLUS,secondary_sensitivity,obstruction_sensitivity_h100_x40,h100_x40,100.0,0.4,0.0,40,60,60.0,False,False,True,-6.085,-4.065,5.935,False,False,0.36,24.0,False,True,False,False,,,,RELAY_CONNECTIVITY_INFEASIBLE,relay_visibility_failure
PAY-SC4200-PLUS,secondary_sensitivity,obstruction_sensitivity_h100_x40,h100_x40,100.0,0.4,0.0,60,10,60.0,False,False,True,-9.607,-7.587,2.413,False,False,0.36,24.0,True,False,True,True,,4.1402,0.4641,RELAY_CONNECTIVITY_INFEASIBLE,relay_visibility_failure
PAY-SC4200-PLUS,secondary_sensitivity,obstruction_sensitivity_h100_x40,h100_x40,100.0,0.4,0.0,60,20,60.0,False,False,True,-9.607,-7.587,2.413,False,False,0.36,24.0,True,False,True,True,,4.1402,0.4641,RELAY_CONNECTIVITY_INFEASIBLE,relay_visibility_failure
PAY-SC4200-PLUS,secondary_sensitivity,obstruction_sensitivity_h100_x40,h100_x40,100.0,0.4,0.0,60,30,60.0,False,False,True,-9.607,-7.587,2.413,False,False,0.36,24.0,True,False,True,True,,5.5528,0.5375,RELAY_CONNECTIVITY_INFEASIBLE,relay_visibility_failure
PAY-SC4200-PLUS,secondary_sensitivity,obstruction_sensitivity_h100_x40,h100_x40,100.0,0.4,0.0,60,45,60.0,False,False,True,-9.607,-7.587,2.413,False,False,0.36,24.0,False,False,True,False,gross_mass|rotor_diameter|vehicle_span,17.694,0.9595,RELAY_CONNECTIVITY_INFEASIBLE,relay_visibility_failure
PAY-SC4200-PLUS,secondary_sensitivity,obstruction_sensitivity_h100_x40,h100_x40,100.0,0.4,0.0,60,60,60.0,False,False,True,-9.607,-7.587,2.413,False,False,0.36,24.0,False,True,False,False,,,,RELAY_CONNECTIVITY_INFEASIBLE,relay_visibility_failure
PAY-SC4200-PLUS,secondary_sensitivity,obstruction_sensitivity_h100_x40,h100_x40,100.0,0.4,0.0,5,10,120.0,False,False,True,11.975,13.987,23.997,False,False,0.36,24.0,True,False,True,True,,4.1402,0.4641,RELAY_CONNECTIVITY_INFEASIBLE,relay_visibility_failure
PAY-SC4200-PLUS,secondary_sensitivity,obstruction_sensitivity_h100_x40,h100_x40,100.0,0.4,0.0,5,20,120.0,False,False,True,11.975,13.987,23.997,False,False,0.36,24.0,True,False,True,True,,4.1402,0.4641,RELAY_CONNECTIVITY_INFEASIBLE,relay_visibility_failure
PAY-SC4200-PLUS,secondary_sensitivity,obstruction_sensitivity_h100_x40,h100_x40,100.0,0.4,0.0,5,30,120.0,False,False,True,11.975,13.987,23.997,False,False,0.36,24.0,True,False,True,True,,5.5528,0.5375,RELAY_CONNECTIVITY_INFEASIBLE,relay_visibility_failure
PAY-SC4200-PLUS,secondary_sensitivity,obstruction_sensitivity_h100_x40,h100_x40,100.0,0.4,0.0,5,45,120.0,False,False,True,11.975,13.987,23.997,False,False,0.36,24.0,False,False,True,False,gross_mass|rotor_diameter|vehicle_span,17.694,0.9595,RELAY_CONNECTIVITY_INFEASIBLE,relay_visibility_failure
PAY-SC4200-PLUS,secondary_sensitivity,obstruction_sensitivity_h100_x40,h100_x40,100.0,0.4,0.0,5,60,120.0,False,False,True,11.975,13.987,23.997,False,False,0.36,24.0,False,True,False,False,,,,RELAY_CONNECTIVITY_INFEASIBLE,relay_visibility_failure
PAY-SC4200-PLUS,secondary_sensitivity,obstruction_sensitivity_h100_x40,h100_x40,100.0,0.4,0.0,10,10,120.0,False,False,True,5.955,7.974,17.976,False,False,0.36,24.0,True,False,True,True,,4.1402,0.4641,RELAY_CONNECTIVITY_INFEASIBLE,relay_visibility_failure
PAY-SC4200-PLUS,secondary_sensitivity,obstruction_sensitivity_h100_x40,h100_x40,100.0,0.4,0.0,10,20,120.0,False,False,True,5.955,7.974,17.976,False,False,0.36,24.0,True,False,True,True,,4.1402,0.4641,RELAY_CONNECTIVITY_INFEASIBLE,relay_visibility_failure
PAY-SC4200-PLUS,secondary_sensitivity,obstruction_sensitivity_h100_x40,h100_x40,100.0,0.4,0.0,10,30,120.0,False,False,True,5.955,7.974,17.976,False,False,0.36,24.0,True,False,True,True,,5.5528,0.5375,RELAY_CONNECTIVITY_INFEASIBLE,relay_visibility_failure
PAY-SC4200-PLUS,secondary_sensitivity,obstruction_sensitivity_h100_x40,h100_x40,100.0,0.4,0.0,10,45,120.0,False,False,True,5.955,7.974,17.976,False,False,0.36,24.0,False,False,True,False,gross_mass|rotor_diameter|vehicle_span,17.694,0.9595,RELAY_CONNECTIVITY_INFEASIBLE,relay_visibility_failure
PAY-SC4200-PLUS,secondary_sensitivity,obstruction_sensitivity_h100_x40,h100_x40,100.0,0.4,0.0,10,60,120.0,False,False,True,5.955,7.974,17.976,False,False,0.36,24.0,False,True,False,False,,,,RELAY_CONNECTIVITY_INFEASIBLE,relay_visibility_failure
PAY-SC4200-PLUS,secondary_sensitivity,obstruction_sensitivity_h100_x40,h100_x40,100.0,0.4,0.0,20,10,120.0,False,False,True,-0.065,1.955,11.956,False,False,0.36,24.0,True,False,True,True,,4.1402,0.4641,RELAY_CONNECTIVITY_INFEASIBLE,relay_visibility_failure
PAY-SC4200-PLUS,secondary_sensitivity,obstruction_sensitivity_h100_x40,h100_x40,100.0,0.4,0.0,20,20,120.0,False,False,True,-0.065,1.955,11.956,False,False,0.36,24.0,True,False,True,True,,4.1402,0.4641,RELAY_CONNECTIVITY_INFEASIBLE,relay_visibility_failure
PAY-SC4200-PLUS,secondary_sensitivity,obstruction_sensitivity_h100_x40,h100_x40,100.0,0.4,0.0,20,30,120.0,False,False,True,-0.065,1.955,11.956,False,False,0.36,24.0,True,False,True,True,,5.5528,0.5375,RELAY_CONNECTIVITY_INFEASIBLE,relay_visibility_failure
PAY-SC4200-PLUS,secondary_sensitivity,obstruction_sensitivity_h100_x40,h100_x40,100.0,0.4,0.0,20,45,120.0,False,False,True,-0.065,1.955,11.956,False,False,0.36,24.0,False,False,True,False,gross_mass|rotor_diameter|vehicle_span,17.694,0.9595,RELAY_CONNECTIVITY_INFEASIBLE,relay_visibility_failure
PAY-SC4200-PLUS,secondary_sensitivity,obstruction_sensitivity_h100_x40,h100_x40,100.0,0.4,0.0,20,60,120.0,False,False,True,-0.065,1.955,11.956,False,False,0.36,24.0,False,True,False,False,,,,RELAY_CONNECTIVITY_INFEASIBLE,relay_visibility_failure
PAY-SC4200-PLUS,secondary_sensitivity,obstruction_sensitivity_h100_x40,h100_x40,100.0,0.4,0.0,30,10,120.0,False,False,True,-3.587,-1.566,8.434,False,False,0.36,24.0,True,False,True,True,,4.1402,0.4641,RELAY_CONNECTIVITY_INFEASIBLE,relay_visibility_failure
PAY-SC4200-PLUS,secondary_sensitivity,obstruction_sensitivity_h100_x40,h100_x40,100.0,0.4,0.0,30,20,120.0,False,False,True,-3.587,-1.566,8.434,False,False,0.36,24.0,True,False,True,True,,4.1402,0.4641,RELAY_CONNECTIVITY_INFEASIBLE,relay_visibility_failure
PAY-SC4200-PLUS,secondary_sensitivity,obstruction_sensitivity_h100_x40,h100_x40,100.0,0.4,0.0,30,30,120.0,False,False,True,-3.587,-1.566,8.434,False,False,0.36,24.0,True,False,True,True,,5.5528,0.5375,RELAY_CONNECTIVITY_INFEASIBLE,relay_visibility_failure
PAY-SC4200-PLUS,secondary_sensitivity,obstruction_sensitivity_h100_x40,h100_x40,100.0,0.4,0.0,30,45,120.0,False,False,True,-3.587,-1.566,8.434,False,False,0.36,24.0,False,False,True,False,gross_mass|rotor_diameter|vehicle_span,17.694,0.9595,RELAY_CONNECTIVITY_INFEASIBLE,relay_visibility_failure
PAY-SC4200-PLUS,secondary_sensitivity,obstruction_sensitivity_h100_x40,h100_x40,100.0,0.4,0.0,30,60,120.0,False,False,True,-3.587,-1.566,8.434,False,False,0.36,24.0,False,True,False,False,,,,RELAY_CONNECTIVITY_INFEASIBLE,relay_visibility_failure
PAY-SC4200-PLUS,secondary_sensitivity,obstruction_sensitivity_h100_x40,h100_x40,100.0,0.4,0.0,40,10,120.0,False,False,True,-6.085,-4.065,5.935,False,False,0.36,24.0,True,False,True,True,,4.1402,0.4641,RELAY_CONNECTIVITY_INFEASIBLE,relay_visibility_failure
PAY-SC4200-PLUS,secondary_sensitivity,obstruction_sensitivity_h100_x40,h100_x40,100.0,0.4,0.0,40,20,120.0,False,False,True,-6.085,-4.065,5.935,False,False,0.36,24.0,True,False,True,True,,4.1402,0.4641,RELAY_CONNECTIVITY_INFEASIBLE,relay_visibility_failure
PAY-SC4200-PLUS,secondary_sensitivity,obstruction_sensitivity_h100_x40,h100_x40,100.0,0.4,0.0,40,30,120.0,False,False,True,-6.085,-4.065,5.935,False,False,0.36,24.0,True,False,True,True,,5.5528,0.5375,RELAY_CONNECTIVITY_INFEASIBLE,relay_visibility_failure
PAY-SC4200-PLUS,secondary_sensitivity,obstruction_sensitivity_h100_x40,h100_x40,100.0,0.4,0.0,40,45,120.0,False,False,True,-6.085,-4.065,5.935,False,False,0.36,24.0,False,False,True,False,gross_mass|rotor_diameter|vehicle_span,17.694,0.9595,RELAY_CONNECTIVITY_INFEASIBLE,relay_visibility_failure
PAY-SC4200-PLUS,secondary_sensitivity,obstruction_sensitivity_h100_x40,h100_x40,100.0,0.4,0.0,40,60,120.0,False,False,True,-6.085,-4.065,5.935,False,False,0.36,24.0,False,True,False,False,,,,RELAY_CONNECTIVITY_INFEASIBLE,relay_visibility_failure
PAY-SC4200-PLUS,secondary_sensitivity,obstruction_sensitivity_h100_x40,h100_x40,100.0,0.4,0.0,60,10,120.0,False,False,True,-9.607,-7.587,2.413,False,False,0.36,24.0,True,False,True,True,,4.1402,0.4641,RELAY_CONNECTIVITY_INFEASIBLE,relay_visibility_failure
PAY-SC4200-PLUS,secondary_sensitivity,obstruction_sensitivity_h100_x40,h100_x40,100.0,0.4,0.0,60,20,120.0,False,False,True,-9.607,-7.587,2.413,False,False,0.36,24.0,True,False,True,True,,4.1402,0.4641,RELAY_CONNECTIVITY_INFEASIBLE,relay_visibility_failure
PAY-SC4200-PLUS,secondary_sensitivity,obstruction_sensitivity_h100_x40,h100_x40,100.0,0.4,0.0,60,30,120.0,False,False,True,-9.607,-7.587,2.413,False,False,0.36,24.0,True,False,True,True,,5.5528,0.5375,RELAY_CONNECTIVITY_INFEASIBLE,relay_visibility_failure
PAY-SC4200-PLUS,secondary_sensitivity,obstruction_sensitivity_h100_x40,h100_x40,100.0,0.4,0.0,60,45,120.0,False,False,True,-9.607,-7.587,2.413,False,False,0.36,24.0,False,False,True,False,gross_mass|rotor_diameter|vehicle_span,17.694,0.9595,RELAY_CONNECTIVITY_INFEASIBLE,relay_visibility_failure
PAY-SC4200-PLUS,secondary_sensitivity,obstruction_sensitivity_h100_x40,h100_x40,100.0,0.4,0.0,60,60,120.0,False,False,True,-9.607,-7.587,2.413,False,False,0.36,24.0,False,True,False,False,,,,RELAY_CONNECTIVITY_INFEASIBLE,relay_visibility_failure
PAY-SC4200-PLUS,secondary_sensitivity,obstruction_sensitivity_h100_x40,h100_x40,100.0,0.4,0.0,5,10,240.0,False,True,True,11.975,13.957,23.983,False,True,0.36,24.0,True,False,True,True,,4.1402,0.4641,RELAY_BENEFICIAL_AND_FEASIBLE,direct_visibility_loss_relay_visibility_restoration
PAY-SC4200-PLUS,secondary_sensitivity,obstruction_sensitivity_h100_x40,h100_x40,100.0,0.4,0.0,5,20,240.0,False,True,True,11.975,13.957,23.983,False,True,0.36,24.0,True,False,True,True,,4.1402,0.4641,RELAY_BENEFICIAL_AND_FEASIBLE,direct_visibility_loss_relay_visibility_restoration
PAY-SC4200-PLUS,secondary_sensitivity,obstruction_sensitivity_h100_x40,h100_x40,100.0,0.4,0.0,5,30,240.0,False,True,True,11.975,13.957,23.983,False,True,0.36,24.0,True,False,True,True,,5.5528,0.5375,RELAY_BENEFICIAL_AND_FEASIBLE,direct_visibility_loss_relay_visibility_restoration
PAY-SC4200-PLUS,secondary_sensitivity,obstruction_sensitivity_h100_x40,h100_x40,100.0,0.4,0.0,5,45,240.0,False,True,True,11.975,13.957,23.983,False,True,0.36,24.0,False,False,True,False,gross_mass|rotor_diameter|vehicle_span,17.694,0.9595,MASS_CLOSED_PRACTICAL_CONSTRAINT_FAILURE,finite_closure_exceeds_practical_analysis_boundary
PAY-SC4200-PLUS,secondary_sensitivity,obstruction_sensitivity_h100_x40,h100_x40,100.0,0.4,0.0,5,60,240.0,False,True,True,11.975,13.957,23.983,False,True,0.36,24.0,False,True,False,False,,,,RELAY_FUNCTIONAL_VEHICLE_RESOURCE_FAILURE,endurance_driven_mathematical_nonclosure
PAY-SC4200-PLUS,secondary_sensitivity,obstruction_sensitivity_h100_x40,h100_x40,100.0,0.4,0.0,10,10,240.0,False,True,True,5.955,7.966,17.973,False,True,0.36,24.0,True,False,True,True,,4.1402,0.4641,RELAY_BENEFICIAL_AND_FEASIBLE,direct_visibility_loss_relay_visibility_restoration
PAY-SC4200-PLUS,secondary_sensitivity,obstruction_sensitivity_h100_x40,h100_x40,100.0,0.4,0.0,10,20,240.0,False,True,True,5.955,7.966,17.973,False,True,0.36,24.0,True,False,True,True,,4.1402,0.4641,RELAY_BENEFICIAL_AND_FEASIBLE,direct_visibility_loss_relay_visibility_restoration
PAY-SC4200-PLUS,secondary_sensitivity,obstruction_sensitivity_h100_x40,h100_x40,100.0,0.4,0.0,10,30,240.0,False,True,True,5.955,7.966,17.973,False,True,0.36,24.0,True,False,True,True,,5.5528,0.5375,RELAY_BENEFICIAL_AND_FEASIBLE,direct_visibility_loss_relay_visibility_restoration
PAY-SC4200-PLUS,secondary_sensitivity,obstruction_sensitivity_h100_x40,h100_x40,100.0,0.4,0.0,10,45,240.0,False,True,True,5.955,7.966,17.973,False,True,0.36,24.0,False,False,True,False,gross_mass|rotor_diameter|vehicle_span,17.694,0.9595,MASS_CLOSED_PRACTICAL_CONSTRAINT_FAILURE,finite_closure_exceeds_practical_analysis_boundary
PAY-SC4200-PLUS,secondary_sensitivity,obstruction_sensitivity_h100_x40,h100_x40,100.0,0.4,0.0,10,60,240.0,False,True,True,5.955,7.966,17.973,False,True,0.36,24.0,False,True,False,False,,,,RELAY_FUNCTIONAL_VEHICLE_RESOURCE_FAILURE,endurance_driven_mathematical_nonclosure
PAY-SC4200-PLUS,secondary_sensitivity,obstruction_sensitivity_h100_x40,h100_x40,100.0,0.4,0.0,20,10,240.0,False,True,True,-0.065,1.953,11.955,False,True,0.36,24.0,True,False,True,True,,4.1402,0.4641,RELAY_BENEFICIAL_AND_FEASIBLE,direct_visibility_loss_relay_visibility_restoration
PAY-SC4200-PLUS,secondary_sensitivity,obstruction_sensitivity_h100_x40,h100_x40,100.0,0.4,0.0,20,20,240.0,False,True,True,-0.065,1.953,11.955,False,True,0.36,24.0,True,False,True,True,,4.1402,0.4641,RELAY_BENEFICIAL_AND_FEASIBLE,direct_visibility_loss_relay_visibility_restoration
PAY-SC4200-PLUS,secondary_sensitivity,obstruction_sensitivity_h100_x40,h100_x40,100.0,0.4,0.0,20,30,240.0,False,True,True,-0.065,1.953,11.955,False,True,0.36,24.0,True,False,True,True,,5.5528,0.5375,RELAY_BENEFICIAL_AND_FEASIBLE,direct_visibility_loss_relay_visibility_restoration
PAY-SC4200-PLUS,secondary_sensitivity,obstruction_sensitivity_h100_x40,h100_x40,100.0,0.4,0.0,20,45,240.0,False,True,True,-0.065,1.953,11.955,False,True,0.36,24.0,False,False,True,False,gross_mass|rotor_diameter|vehicle_span,17.694,0.9595,MASS_CLOSED_PRACTICAL_CONSTRAINT_FAILURE,finite_closure_exceeds_practical_analysis_boundary
PAY-SC4200-PLUS,secondary_sensitivity,obstruction_sensitivity_h100_x40,h100_x40,100.0,0.4,0.0,20,60,240.0,False,True,True,-0.065,1.953,11.955,False,True,0.36,24.0,False,True,False,False,,,,RELAY_FUNCTIONAL_VEHICLE_RESOURCE_FAILURE,endurance_driven_mathematical_nonclosure
PAY-SC4200-PLUS,secondary_sensitivity,obstruction_sensitivity_h100_x40,h100_x40,100.0,0.4,0.0,30,10,240.0,False,True,True,-3.587,-1.567,8.434,False,False,0.36,24.0,True,False,True,True,,4.1402,0.4641,RELAY_CONNECTIVITY_INFEASIBLE,relay_visibility_restored_but_relay_link_margin_failure
PAY-SC4200-PLUS,secondary_sensitivity,obstruction_sensitivity_h100_x40,h100_x40,100.0,0.4,0.0,30,20,240.0,False,True,True,-3.587,-1.567,8.434,False,False,0.36,24.0,True,False,True,True,,4.1402,0.4641,RELAY_CONNECTIVITY_INFEASIBLE,relay_visibility_restored_but_relay_link_margin_failure
PAY-SC4200-PLUS,secondary_sensitivity,obstruction_sensitivity_h100_x40,h100_x40,100.0,0.4,0.0,30,30,240.0,False,True,True,-3.587,-1.567,8.434,False,False,0.36,24.0,True,False,True,True,,5.5528,0.5375,RELAY_CONNECTIVITY_INFEASIBLE,relay_visibility_restored_but_relay_link_margin_failure
PAY-SC4200-PLUS,secondary_sensitivity,obstruction_sensitivity_h100_x40,h100_x40,100.0,0.4,0.0,30,45,240.0,False,True,True,-3.587,-1.567,8.434,False,False,0.36,24.0,False,False,True,False,gross_mass|rotor_diameter|vehicle_span,17.694,0.9595,RELAY_CONNECTIVITY_INFEASIBLE,relay_visibility_restored_but_relay_link_margin_failure
PAY-SC4200-PLUS,secondary_sensitivity,obstruction_sensitivity_h100_x40,h100_x40,100.0,0.4,0.0,30,60,240.0,False,True,True,-3.587,-1.567,8.434,False,False,0.36,24.0,False,True,False,False,,,,RELAY_CONNECTIVITY_INFEASIBLE,relay_visibility_restored_but_relay_link_margin_failure
PAY-SC4200-PLUS,secondary_sensitivity,obstruction_sensitivity_h100_x40,h100_x40,100.0,0.4,0.0,40,10,240.0,False,True,True,-6.085,-4.065,5.935,False,False,0.36,24.0,True,False,True,True,,4.1402,0.4641,RELAY_CONNECTIVITY_INFEASIBLE,relay_visibility_restored_but_relay_link_margin_failure
PAY-SC4200-PLUS,secondary_sensitivity,obstruction_sensitivity_h100_x40,h100_x40,100.0,0.4,0.0,40,20,240.0,False,True,True,-6.085,-4.065,5.935,False,False,0.36,24.0,True,False,True,True,,4.1402,0.4641,RELAY_CONNECTIVITY_INFEASIBLE,relay_visibility_restored_but_relay_link_margin_failure
PAY-SC4200-PLUS,secondary_sensitivity,obstruction_sensitivity_h100_x40,h100_x40,100.0,0.4,0.0,40,30,240.0,False,True,True,-6.085,-4.065,5.935,False,False,0.36,24.0,True,False,True,True,,5.5528,0.5375,RELAY_CONNECTIVITY_INFEASIBLE,relay_visibility_restored_but_relay_link_margin_failure
PAY-SC4200-PLUS,secondary_sensitivity,obstruction_sensitivity_h100_x40,h100_x40,100.0,0.4,0.0,40,45,240.0,False,True,True,-6.085,-4.065,5.935,False,False,0.36,24.0,False,False,True,False,gross_mass|rotor_diameter|vehicle_span,17.694,0.9595,RELAY_CONNECTIVITY_INFEASIBLE,relay_visibility_restored_but_relay_link_margin_failure
PAY-SC4200-PLUS,secondary_sensitivity,obstruction_sensitivity_h100_x40,h100_x40,100.0,0.4,0.0,40,60,240.0,False,True,True,-6.085,-4.065,5.935,False,False,0.36,24.0,False,True,False,False,,,,RELAY_CONNECTIVITY_INFEASIBLE,relay_visibility_restored_but_relay_link_margin_failure
PAY-SC4200-PLUS,secondary_sensitivity,obstruction_sensitivity_h100_x40,h100_x40,100.0,0.4,0.0,60,10,240.0,False,True,True,-9.607,-7.587,2.413,False,False,0.36,24.0,True,False,True,True,,4.1402,0.4641,RELAY_CONNECTIVITY_INFEASIBLE,relay_visibility_restored_but_relay_link_margin_failure
PAY-SC4200-PLUS,secondary_sensitivity,obstruction_sensitivity_h100_x40,h100_x40,100.0,0.4,0.0,60,20,240.0,False,True,True,-9.607,-7.587,2.413,False,False,0.36,24.0,True,False,True,True,,4.1402,0.4641,RELAY_CONNECTIVITY_INFEASIBLE,relay_visibility_restored_but_relay_link_margin_failure
PAY-SC4200-PLUS,secondary_sensitivity,obstruction_sensitivity_h100_x40,h100_x40,100.0,0.4,0.0,60,30,240.0,False,True,True,-9.607,-7.587,2.413,False,False,0.36,24.0,True,False,True,True,,5.5528,0.5375,RELAY_CONNECTIVITY_INFEASIBLE,relay_visibility_restored_but_relay_link_margin_failure
PAY-SC4200-PLUS,secondary_sensitivity,obstruction_sensitivity_h100_x40,h100_x40,100.0,0.4,0.0,60,45,240.0,False,True,True,-9.607,-7.587,2.413,False,False,0.36,24.0,False,False,True,False,gross_mass|rotor_diameter|vehicle_span,17.694,0.9595,RELAY_CONNECTIVITY_INFEASIBLE,relay_visibility_restored_but_relay_link_margin_failure
PAY-SC4200-PLUS,secondary_sensitivity,obstruction_sensitivity_h100_x40,h100_x40,100.0,0.4,0.0,60,60,240.0,False,True,True,-9.607,-7.587,2.413,False,False,0.36,24.0,False,True,False,False,,,,RELAY_CONNECTIVITY_INFEASIBLE,relay_visibility_restored_but_relay_link_margin_failure
PAY-SC4200-PLUS,secondary_sensitivity,obstruction_sensitivity_h80_x30,h80_x30,80.0,0.3,0.0,5,10,60.0,False,False,True,11.975,13.994,23.996,False,False,0.36,24.0,True,False,True,True,,4.1402,0.4641,RELAY_CONNECTIVITY_INFEASIBLE,relay_visibility_failure
PAY-SC4200-PLUS,secondary_sensitivity,obstruction_sensitivity_h80_x30,h80_x30,80.0,0.3,0.0,5,20,60.0,False,False,True,11.975,13.994,23.996,False,False,0.36,24.0,True,False,True,True,,4.1402,0.4641,RELAY_CONNECTIVITY_INFEASIBLE,relay_visibility_failure
PAY-SC4200-PLUS,secondary_sensitivity,obstruction_sensitivity_h80_x30,h80_x30,80.0,0.3,0.0,5,30,60.0,False,False,True,11.975,13.994,23.996,False,False,0.36,24.0,True,False,True,True,,5.5528,0.5375,RELAY_CONNECTIVITY_INFEASIBLE,relay_visibility_failure
PAY-SC4200-PLUS,secondary_sensitivity,obstruction_sensitivity_h80_x30,h80_x30,80.0,0.3,0.0,5,45,60.0,False,False,True,11.975,13.994,23.996,False,False,0.36,24.0,False,False,True,False,gross_mass|rotor_diameter|vehicle_span,17.694,0.9595,RELAY_CONNECTIVITY_INFEASIBLE,relay_visibility_failure
PAY-SC4200-PLUS,secondary_sensitivity,obstruction_sensitivity_h80_x30,h80_x30,80.0,0.3,0.0,5,60,60.0,False,False,True,11.975,13.994,23.996,False,False,0.36,24.0,False,True,False,False,,,,RELAY_CONNECTIVITY_INFEASIBLE,relay_visibility_failure
PAY-SC4200-PLUS,secondary_sensitivity,obstruction_sensitivity_h80_x30,h80_x30,80.0,0.3,0.0,10,10,60.0,False,False,True,5.955,7.976,17.976,False,False,0.36,24.0,True,False,True,True,,4.1402,0.4641,RELAY_CONNECTIVITY_INFEASIBLE,relay_visibility_failure
PAY-SC4200-PLUS,secondary_sensitivity,obstruction_sensitivity_h80_x30,h80_x30,80.0,0.3,0.0,10,20,60.0,False,False,True,5.955,7.976,17.976,False,False,0.36,24.0,True,False,True,True,,4.1402,0.4641,RELAY_CONNECTIVITY_INFEASIBLE,relay_visibility_failure
PAY-SC4200-PLUS,secondary_sensitivity,obstruction_sensitivity_h80_x30,h80_x30,80.0,0.3,0.0,10,30,60.0,False,False,True,5.955,7.976,17.976,False,False,0.36,24.0,True,False,True,True,,5.5528,0.5375,RELAY_CONNECTIVITY_INFEASIBLE,relay_visibility_failure
PAY-SC4200-PLUS,secondary_sensitivity,obstruction_sensitivity_h80_x30,h80_x30,80.0,0.3,0.0,10,45,60.0,False,False,True,5.955,7.976,17.976,False,False,0.36,24.0,False,False,True,False,gross_mass|rotor_diameter|vehicle_span,17.694,0.9595,RELAY_CONNECTIVITY_INFEASIBLE,relay_visibility_failure
PAY-SC4200-PLUS,secondary_sensitivity,obstruction_sensitivity_h80_x30,h80_x30,80.0,0.3,0.0,10,60,60.0,False,False,True,5.955,7.976,17.976,False,False,0.36,24.0,False,True,False,False,,,,RELAY_CONNECTIVITY_INFEASIBLE,relay_visibility_failure
PAY-SC4200-PLUS,secondary_sensitivity,obstruction_sensitivity_h80_x30,h80_x30,80.0,0.3,0.0,20,10,60.0,False,False,True,-0.065,1.956,11.956,False,False,0.36,24.0,True,False,True,True,,4.1402,0.4641,RELAY_CONNECTIVITY_INFEASIBLE,relay_visibility_failure
PAY-SC4200-PLUS,secondary_sensitivity,obstruction_sensitivity_h80_x30,h80_x30,80.0,0.3,0.0,20,20,60.0,False,False,True,-0.065,1.956,11.956,False,False,0.36,24.0,True,False,True,True,,4.1402,0.4641,RELAY_CONNECTIVITY_INFEASIBLE,relay_visibility_failure
PAY-SC4200-PLUS,secondary_sensitivity,obstruction_sensitivity_h80_x30,h80_x30,80.0,0.3,0.0,20,30,60.0,False,False,True,-0.065,1.956,11.956,False,False,0.36,24.0,True,False,True,True,,5.5528,0.5375,RELAY_CONNECTIVITY_INFEASIBLE,relay_visibility_failure
PAY-SC4200-PLUS,secondary_sensitivity,obstruction_sensitivity_h80_x30,h80_x30,80.0,0.3,0.0,20,45,60.0,False,False,True,-0.065,1.956,11.956,False,False,0.36,24.0,False,False,True,False,gross_mass|rotor_diameter|vehicle_span,17.694,0.9595,RELAY_CONNECTIVITY_INFEASIBLE,relay_visibility_failure
PAY-SC4200-PLUS,secondary_sensitivity,obstruction_sensitivity_h80_x30,h80_x30,80.0,0.3,0.0,20,60,60.0,False,False,True,-0.065,1.956,11.956,False,False,0.36,24.0,False,True,False,False,,,,RELAY_CONNECTIVITY_INFEASIBLE,relay_visibility_failure
PAY-SC4200-PLUS,secondary_sensitivity,obstruction_sensitivity_h80_x30,h80_x30,80.0,0.3,0.0,30,10,60.0,False,False,True,-3.587,-1.566,8.434,False,False,0.36,24.0,True,False,True,True,,4.1402,0.4641,RELAY_CONNECTIVITY_INFEASIBLE,relay_visibility_failure
PAY-SC4200-PLUS,secondary_sensitivity,obstruction_sensitivity_h80_x30,h80_x30,80.0,0.3,0.0,30,20,60.0,False,False,True,-3.587,-1.566,8.434,False,False,0.36,24.0,True,False,True,True,,4.1402,0.4641,RELAY_CONNECTIVITY_INFEASIBLE,relay_visibility_failure
PAY-SC4200-PLUS,secondary_sensitivity,obstruction_sensitivity_h80_x30,h80_x30,80.0,0.3,0.0,30,30,60.0,False,False,True,-3.587,-1.566,8.434,False,False,0.36,24.0,True,False,True,True,,5.5528,0.5375,RELAY_CONNECTIVITY_INFEASIBLE,relay_visibility_failure
PAY-SC4200-PLUS,secondary_sensitivity,obstruction_sensitivity_h80_x30,h80_x30,80.0,0.3,0.0,30,45,60.0,False,False,True,-3.587,-1.566,8.434,False,False,0.36,24.0,False,False,True,False,gross_mass|rotor_diameter|vehicle_span,17.694,0.9595,RELAY_CONNECTIVITY_INFEASIBLE,relay_visibility_failure
PAY-SC4200-PLUS,secondary_sensitivity,obstruction_sensitivity_h80_x30,h80_x30,80.0,0.3,0.0,30,60,60.0,False,False,True,-3.587,-1.566,8.434,False,False,0.36,24.0,False,True,False,False,,,,RELAY_CONNECTIVITY_INFEASIBLE,relay_visibility_failure
PAY-SC4200-PLUS,secondary_sensitivity,obstruction_sensitivity_h80_x30,h80_x30,80.0,0.3,0.0,40,10,60.0,False,False,True,-6.085,-4.065,5.935,False,False,0.36,24.0,True,False,True,True,,4.1402,0.4641,RELAY_CONNECTIVITY_INFEASIBLE,relay_visibility_failure
PAY-SC4200-PLUS,secondary_sensitivity,obstruction_sensitivity_h80_x30,h80_x30,80.0,0.3,0.0,40,20,60.0,False,False,True,-6.085,-4.065,5.935,False,False,0.36,24.0,True,False,True,True,,4.1402,0.4641,RELAY_CONNECTIVITY_INFEASIBLE,relay_visibility_failure
PAY-SC4200-PLUS,secondary_sensitivity,obstruction_sensitivity_h80_x30,h80_x30,80.0,0.3,0.0,40,30,60.0,False,False,True,-6.085,-4.065,5.935,False,False,0.36,24.0,True,False,True,True,,5.5528,0.5375,RELAY_CONNECTIVITY_INFEASIBLE,relay_visibility_failure
PAY-SC4200-PLUS,secondary_sensitivity,obstruction_sensitivity_h80_x30,h80_x30,80.0,0.3,0.0,40,45,60.0,False,False,True,-6.085,-4.065,5.935,False,False,0.36,24.0,False,False,True,False,gross_mass|rotor_diameter|vehicle_span,17.694,0.9595,RELAY_CONNECTIVITY_INFEASIBLE,relay_visibility_failure
PAY-SC4200-PLUS,secondary_sensitivity,obstruction_sensitivity_h80_x30,h80_x30,80.0,0.3,0.0,40,60,60.0,False,False,True,-6.085,-4.065,5.935,False,False,0.36,24.0,False,True,False,False,,,,RELAY_CONNECTIVITY_INFEASIBLE,relay_visibility_failure
PAY-SC4200-PLUS,secondary_sensitivity,obstruction_sensitivity_h80_x30,h80_x30,80.0,0.3,0.0,60,10,60.0,False,False,True,-9.607,-7.587,2.413,False,False,0.36,24.0,True,False,True,True,,4.1402,0.4641,RELAY_CONNECTIVITY_INFEASIBLE,relay_visibility_failure
PAY-SC4200-PLUS,secondary_sensitivity,obstruction_sensitivity_h80_x30,h80_x30,80.0,0.3,0.0,60,20,60.0,False,False,True,-9.607,-7.587,2.413,False,False,0.36,24.0,True,False,True,True,,4.1402,0.4641,RELAY_CONNECTIVITY_INFEASIBLE,relay_visibility_failure
PAY-SC4200-PLUS,secondary_sensitivity,obstruction_sensitivity_h80_x30,h80_x30,80.0,0.3,0.0,60,30,60.0,False,False,True,-9.607,-7.587,2.413,False,False,0.36,24.0,True,False,True,True,,5.5528,0.5375,RELAY_CONNECTIVITY_INFEASIBLE,relay_visibility_failure
PAY-SC4200-PLUS,secondary_sensitivity,obstruction_sensitivity_h80_x30,h80_x30,80.0,0.3,0.0,60,45,60.0,False,False,True,-9.607,-7.587,2.413,False,False,0.36,24.0,False,False,True,False,gross_mass|rotor_diameter|vehicle_span,17.694,0.9595,RELAY_CONNECTIVITY_INFEASIBLE,relay_visibility_failure
PAY-SC4200-PLUS,secondary_sensitivity,obstruction_sensitivity_h80_x30,h80_x30,80.0,0.3,0.0,60,60,60.0,False,False,True,-9.607,-7.587,2.413,False,False,0.36,24.0,False,True,False,False,,,,RELAY_CONNECTIVITY_INFEASIBLE,relay_visibility_failure
PAY-SC4200-PLUS,secondary_sensitivity,obstruction_sensitivity_h80_x30,h80_x30,80.0,0.3,0.0,5,10,120.0,False,False,True,11.975,13.987,23.997,False,False,0.36,24.0,True,False,True,True,,4.1402,0.4641,RELAY_CONNECTIVITY_INFEASIBLE,relay_visibility_failure
PAY-SC4200-PLUS,secondary_sensitivity,obstruction_sensitivity_h80_x30,h80_x30,80.0,0.3,0.0,5,20,120.0,False,False,True,11.975,13.987,23.997,False,False,0.36,24.0,True,False,True,True,,4.1402,0.4641,RELAY_CONNECTIVITY_INFEASIBLE,relay_visibility_failure
PAY-SC4200-PLUS,secondary_sensitivity,obstruction_sensitivity_h80_x30,h80_x30,80.0,0.3,0.0,5,30,120.0,False,False,True,11.975,13.987,23.997,False,False,0.36,24.0,True,False,True,True,,5.5528,0.5375,RELAY_CONNECTIVITY_INFEASIBLE,relay_visibility_failure
PAY-SC4200-PLUS,secondary_sensitivity,obstruction_sensitivity_h80_x30,h80_x30,80.0,0.3,0.0,5,45,120.0,False,False,True,11.975,13.987,23.997,False,False,0.36,24.0,False,False,True,False,gross_mass|rotor_diameter|vehicle_span,17.694,0.9595,RELAY_CONNECTIVITY_INFEASIBLE,relay_visibility_failure
PAY-SC4200-PLUS,secondary_sensitivity,obstruction_sensitivity_h80_x30,h80_x30,80.0,0.3,0.0,5,60,120.0,False,False,True,11.975,13.987,23.997,False,False,0.36,24.0,False,True,False,False,,,,RELAY_CONNECTIVITY_INFEASIBLE,relay_visibility_failure
PAY-SC4200-PLUS,secondary_sensitivity,obstruction_sensitivity_h80_x30,h80_x30,80.0,0.3,0.0,10,10,120.0,False,False,True,5.955,7.974,17.976,False,False,0.36,24.0,True,False,True,True,,4.1402,0.4641,RELAY_CONNECTIVITY_INFEASIBLE,relay_visibility_failure
PAY-SC4200-PLUS,secondary_sensitivity,obstruction_sensitivity_h80_x30,h80_x30,80.0,0.3,0.0,10,20,120.0,False,False,True,5.955,7.974,17.976,False,False,0.36,24.0,True,False,True,True,,4.1402,0.4641,RELAY_CONNECTIVITY_INFEASIBLE,relay_visibility_failure
PAY-SC4200-PLUS,secondary_sensitivity,obstruction_sensitivity_h80_x30,h80_x30,80.0,0.3,0.0,10,30,120.0,False,False,True,5.955,7.974,17.976,False,False,0.36,24.0,True,False,True,True,,5.5528,0.5375,RELAY_CONNECTIVITY_INFEASIBLE,relay_visibility_failure
PAY-SC4200-PLUS,secondary_sensitivity,obstruction_sensitivity_h80_x30,h80_x30,80.0,0.3,0.0,10,45,120.0,False,False,True,5.955,7.974,17.976,False,False,0.36,24.0,False,False,True,False,gross_mass|rotor_diameter|vehicle_span,17.694,0.9595,RELAY_CONNECTIVITY_INFEASIBLE,relay_visibility_failure
PAY-SC4200-PLUS,secondary_sensitivity,obstruction_sensitivity_h80_x30,h80_x30,80.0,0.3,0.0,10,60,120.0,False,False,True,5.955,7.974,17.976,False,False,0.36,24.0,False,True,False,False,,,,RELAY_CONNECTIVITY_INFEASIBLE,relay_visibility_failure
PAY-SC4200-PLUS,secondary_sensitivity,obstruction_sensitivity_h80_x30,h80_x30,80.0,0.3,0.0,20,10,120.0,False,False,True,-0.065,1.955,11.956,False,False,0.36,24.0,True,False,True,True,,4.1402,0.4641,RELAY_CONNECTIVITY_INFEASIBLE,relay_visibility_failure
PAY-SC4200-PLUS,secondary_sensitivity,obstruction_sensitivity_h80_x30,h80_x30,80.0,0.3,0.0,20,20,120.0,False,False,True,-0.065,1.955,11.956,False,False,0.36,24.0,True,False,True,True,,4.1402,0.4641,RELAY_CONNECTIVITY_INFEASIBLE,relay_visibility_failure
PAY-SC4200-PLUS,secondary_sensitivity,obstruction_sensitivity_h80_x30,h80_x30,80.0,0.3,0.0,20,30,120.0,False,False,True,-0.065,1.955,11.956,False,False,0.36,24.0,True,False,True,True,,5.5528,0.5375,RELAY_CONNECTIVITY_INFEASIBLE,relay_visibility_failure
PAY-SC4200-PLUS,secondary_sensitivity,obstruction_sensitivity_h80_x30,h80_x30,80.0,0.3,0.0,20,45,120.0,False,False,True,-0.065,1.955,11.956,False,False,0.36,24.0,False,False,True,False,gross_mass|rotor_diameter|vehicle_span,17.694,0.9595,RELAY_CONNECTIVITY_INFEASIBLE,relay_visibility_failure
PAY-SC4200-PLUS,secondary_sensitivity,obstruction_sensitivity_h80_x30,h80_x30,80.0,0.3,0.0,20,60,120.0,False,False,True,-0.065,1.955,11.956,False,False,0.36,24.0,False,True,False,False,,,,RELAY_CONNECTIVITY_INFEASIBLE,relay_visibility_failure
PAY-SC4200-PLUS,secondary_sensitivity,obstruction_sensitivity_h80_x30,h80_x30,80.0,0.3,0.0,30,10,120.0,False,False,True,-3.587,-1.566,8.434,False,False,0.36,24.0,True,False,True,True,,4.1402,0.4641,RELAY_CONNECTIVITY_INFEASIBLE,relay_visibility_failure
PAY-SC4200-PLUS,secondary_sensitivity,obstruction_sensitivity_h80_x30,h80_x30,80.0,0.3,0.0,30,20,120.0,False,False,True,-3.587,-1.566,8.434,False,False,0.36,24.0,True,False,True,True,,4.1402,0.4641,RELAY_CONNECTIVITY_INFEASIBLE,relay_visibility_failure
PAY-SC4200-PLUS,secondary_sensitivity,obstruction_sensitivity_h80_x30,h80_x30,80.0,0.3,0.0,30,30,120.0,False,False,True,-3.587,-1.566,8.434,False,False,0.36,24.0,True,False,True,True,,5.5528,0.5375,RELAY_CONNECTIVITY_INFEASIBLE,relay_visibility_failure
PAY-SC4200-PLUS,secondary_sensitivity,obstruction_sensitivity_h80_x30,h80_x30,80.0,0.3,0.0,30,45,120.0,False,False,True,-3.587,-1.566,8.434,False,False,0.36,24.0,False,False,True,False,gross_mass|rotor_diameter|vehicle_span,17.694,0.9595,RELAY_CONNECTIVITY_INFEASIBLE,relay_visibility_failure
PAY-SC4200-PLUS,secondary_sensitivity,obstruction_sensitivity_h80_x30,h80_x30,80.0,0.3,0.0,30,60,120.0,False,False,True,-3.587,-1.566,8.434,False,False,0.36,24.0,False,True,False,False,,,,RELAY_CONNECTIVITY_INFEASIBLE,relay_visibility_failure
PAY-SC4200-PLUS,secondary_sensitivity,obstruction_sensitivity_h80_x30,h80_x30,80.0,0.3,0.0,40,10,120.0,False,False,True,-6.085,-4.065,5.935,False,False,0.36,24.0,True,False,True,True,,4.1402,0.4641,RELAY_CONNECTIVITY_INFEASIBLE,relay_visibility_failure
PAY-SC4200-PLUS,secondary_sensitivity,obstruction_sensitivity_h80_x30,h80_x30,80.0,0.3,0.0,40,20,120.0,False,False,True,-6.085,-4.065,5.935,False,False,0.36,24.0,True,False,True,True,,4.1402,0.4641,RELAY_CONNECTIVITY_INFEASIBLE,relay_visibility_failure
PAY-SC4200-PLUS,secondary_sensitivity,obstruction_sensitivity_h80_x30,h80_x30,80.0,0.3,0.0,40,30,120.0,False,False,True,-6.085,-4.065,5.935,False,False,0.36,24.0,True,False,True,True,,5.5528,0.5375,RELAY_CONNECTIVITY_INFEASIBLE,relay_visibility_failure
PAY-SC4200-PLUS,secondary_sensitivity,obstruction_sensitivity_h80_x30,h80_x30,80.0,0.3,0.0,40,45,120.0,False,False,True,-6.085,-4.065,5.935,False,False,0.36,24.0,False,False,True,False,gross_mass|rotor_diameter|vehicle_span,17.694,0.9595,RELAY_CONNECTIVITY_INFEASIBLE,relay_visibility_failure
PAY-SC4200-PLUS,secondary_sensitivity,obstruction_sensitivity_h80_x30,h80_x30,80.0,0.3,0.0,40,60,120.0,False,False,True,-6.085,-4.065,5.935,False,False,0.36,24.0,False,True,False,False,,,,RELAY_CONNECTIVITY_INFEASIBLE,relay_visibility_failure
PAY-SC4200-PLUS,secondary_sensitivity,obstruction_sensitivity_h80_x30,h80_x30,80.0,0.3,0.0,60,10,120.0,False,False,True,-9.607,-7.587,2.413,False,False,0.36,24.0,True,False,True,True,,4.1402,0.4641,RELAY_CONNECTIVITY_INFEASIBLE,relay_visibility_failure
PAY-SC4200-PLUS,secondary_sensitivity,obstruction_sensitivity_h80_x30,h80_x30,80.0,0.3,0.0,60,20,120.0,False,False,True,-9.607,-7.587,2.413,False,False,0.36,24.0,True,False,True,True,,4.1402,0.4641,RELAY_CONNECTIVITY_INFEASIBLE,relay_visibility_failure
PAY-SC4200-PLUS,secondary_sensitivity,obstruction_sensitivity_h80_x30,h80_x30,80.0,0.3,0.0,60,30,120.0,False,False,True,-9.607,-7.587,2.413,False,False,0.36,24.0,True,False,True,True,,5.5528,0.5375,RELAY_CONNECTIVITY_INFEASIBLE,relay_visibility_failure
PAY-SC4200-PLUS,secondary_sensitivity,obstruction_sensitivity_h80_x30,h80_x30,80.0,0.3,0.0,60,45,120.0,False,False,True,-9.607,-7.587,2.413,False,False,0.36,24.0,False,False,True,False,gross_mass|rotor_diameter|vehicle_span,17.694,0.9595,RELAY_CONNECTIVITY_INFEASIBLE,relay_visibility_failure
PAY-SC4200-PLUS,secondary_sensitivity,obstruction_sensitivity_h80_x30,h80_x30,80.0,0.3,0.0,60,60,120.0,False,False,True,-9.607,-7.587,2.413,False,False,0.36,24.0,False,True,False,False,,,,RELAY_CONNECTIVITY_INFEASIBLE,relay_visibility_failure
PAY-SC4200-PLUS,secondary_sensitivity,obstruction_sensitivity_h80_x30,h80_x30,80.0,0.3,0.0,5,10,240.0,False,True,True,11.975,13.957,23.983,False,True,0.36,24.0,True,False,True,True,,4.1402,0.4641,RELAY_BENEFICIAL_AND_FEASIBLE,direct_visibility_loss_relay_visibility_restoration
PAY-SC4200-PLUS,secondary_sensitivity,obstruction_sensitivity_h80_x30,h80_x30,80.0,0.3,0.0,5,20,240.0,False,True,True,11.975,13.957,23.983,False,True,0.36,24.0,True,False,True,True,,4.1402,0.4641,RELAY_BENEFICIAL_AND_FEASIBLE,direct_visibility_loss_relay_visibility_restoration
PAY-SC4200-PLUS,secondary_sensitivity,obstruction_sensitivity_h80_x30,h80_x30,80.0,0.3,0.0,5,30,240.0,False,True,True,11.975,13.957,23.983,False,True,0.36,24.0,True,False,True,True,,5.5528,0.5375,RELAY_BENEFICIAL_AND_FEASIBLE,direct_visibility_loss_relay_visibility_restoration
PAY-SC4200-PLUS,secondary_sensitivity,obstruction_sensitivity_h80_x30,h80_x30,80.0,0.3,0.0,5,45,240.0,False,True,True,11.975,13.957,23.983,False,True,0.36,24.0,False,False,True,False,gross_mass|rotor_diameter|vehicle_span,17.694,0.9595,MASS_CLOSED_PRACTICAL_CONSTRAINT_FAILURE,finite_closure_exceeds_practical_analysis_boundary
PAY-SC4200-PLUS,secondary_sensitivity,obstruction_sensitivity_h80_x30,h80_x30,80.0,0.3,0.0,5,60,240.0,False,True,True,11.975,13.957,23.983,False,True,0.36,24.0,False,True,False,False,,,,RELAY_FUNCTIONAL_VEHICLE_RESOURCE_FAILURE,endurance_driven_mathematical_nonclosure
PAY-SC4200-PLUS,secondary_sensitivity,obstruction_sensitivity_h80_x30,h80_x30,80.0,0.3,0.0,10,10,240.0,False,True,True,5.955,7.966,17.973,False,True,0.36,24.0,True,False,True,True,,4.1402,0.4641,RELAY_BENEFICIAL_AND_FEASIBLE,direct_visibility_loss_relay_visibility_restoration
PAY-SC4200-PLUS,secondary_sensitivity,obstruction_sensitivity_h80_x30,h80_x30,80.0,0.3,0.0,10,20,240.0,False,True,True,5.955,7.966,17.973,False,True,0.36,24.0,True,False,True,True,,4.1402,0.4641,RELAY_BENEFICIAL_AND_FEASIBLE,direct_visibility_loss_relay_visibility_restoration
PAY-SC4200-PLUS,secondary_sensitivity,obstruction_sensitivity_h80_x30,h80_x30,80.0,0.3,0.0,10,30,240.0,False,True,True,5.955,7.966,17.973,False,True,0.36,24.0,True,False,True,True,,5.5528,0.5375,RELAY_BENEFICIAL_AND_FEASIBLE,direct_visibility_loss_relay_visibility_restoration
PAY-SC4200-PLUS,secondary_sensitivity,obstruction_sensitivity_h80_x30,h80_x30,80.0,0.3,0.0,10,45,240.0,False,True,True,5.955,7.966,17.973,False,True,0.36,24.0,False,False,True,False,gross_mass|rotor_diameter|vehicle_span,17.694,0.9595,MASS_CLOSED_PRACTICAL_CONSTRAINT_FAILURE,finite_closure_exceeds_practical_analysis_boundary
PAY-SC4200-PLUS,secondary_sensitivity,obstruction_sensitivity_h80_x30,h80_x30,80.0,0.3,0.0,10,60,240.0,False,True,True,5.955,7.966,17.973,False,True,0.36,24.0,False,True,False,False,,,,RELAY_FUNCTIONAL_VEHICLE_RESOURCE_FAILURE,endurance_driven_mathematical_nonclosure
PAY-SC4200-PLUS,secondary_sensitivity,obstruction_sensitivity_h80_x30,h80_x30,80.0,0.3,0.0,20,10,240.0,False,True,True,-0.065,1.953,11.955,False,True,0.36,24.0,True,False,True,True,,4.1402,0.4641,RELAY_BENEFICIAL_AND_FEASIBLE,direct_visibility_loss_relay_visibility_restoration
PAY-SC4200-PLUS,secondary_sensitivity,obstruction_sensitivity_h80_x30,h80_x30,80.0,0.3,0.0,20,20,240.0,False,True,True,-0.065,1.953,11.955,False,True,0.36,24.0,True,False,True,True,,4.1402,0.4641,RELAY_BENEFICIAL_AND_FEASIBLE,direct_visibility_loss_relay_visibility_restoration
PAY-SC4200-PLUS,secondary_sensitivity,obstruction_sensitivity_h80_x30,h80_x30,80.0,0.3,0.0,20,30,240.0,False,True,True,-0.065,1.953,11.955,False,True,0.36,24.0,True,False,True,True,,5.5528,0.5375,RELAY_BENEFICIAL_AND_FEASIBLE,direct_visibility_loss_relay_visibility_restoration
PAY-SC4200-PLUS,secondary_sensitivity,obstruction_sensitivity_h80_x30,h80_x30,80.0,0.3,0.0,20,45,240.0,False,True,True,-0.065,1.953,11.955,False,True,0.36,24.0,False,False,True,False,gross_mass|rotor_diameter|vehicle_span,17.694,0.9595,MASS_CLOSED_PRACTICAL_CONSTRAINT_FAILURE,finite_closure_exceeds_practical_analysis_boundary
PAY-SC4200-PLUS,secondary_sensitivity,obstruction_sensitivity_h80_x30,h80_x30,80.0,0.3,0.0,20,60,240.0,False,True,True,-0.065,1.953,11.955,False,True,0.36,24.0,False,True,False,False,,,,RELAY_FUNCTIONAL_VEHICLE_RESOURCE_FAILURE,endurance_driven_mathematical_nonclosure
PAY-SC4200-PLUS,secondary_sensitivity,obstruction_sensitivity_h80_x30,h80_x30,80.0,0.3,0.0,30,10,240.0,False,True,True,-3.587,-1.567,8.434,False,False,0.36,24.0,True,False,True,True,,4.1402,0.4641,RELAY_CONNECTIVITY_INFEASIBLE,relay_visibility_restored_but_relay_link_margin_failure
PAY-SC4200-PLUS,secondary_sensitivity,obstruction_sensitivity_h80_x30,h80_x30,80.0,0.3,0.0,30,20,240.0,False,True,True,-3.587,-1.567,8.434,False,False,0.36,24.0,True,False,True,True,,4.1402,0.4641,RELAY_CONNECTIVITY_INFEASIBLE,relay_visibility_restored_but_relay_link_margin_failure
PAY-SC4200-PLUS,secondary_sensitivity,obstruction_sensitivity_h80_x30,h80_x30,80.0,0.3,0.0,30,30,240.0,False,True,True,-3.587,-1.567,8.434,False,False,0.36,24.0,True,False,True,True,,5.5528,0.5375,RELAY_CONNECTIVITY_INFEASIBLE,relay_visibility_restored_but_relay_link_margin_failure
PAY-SC4200-PLUS,secondary_sensitivity,obstruction_sensitivity_h80_x30,h80_x30,80.0,0.3,0.0,30,45,240.0,False,True,True,-3.587,-1.567,8.434,False,False,0.36,24.0,False,False,True,False,gross_mass|rotor_diameter|vehicle_span,17.694,0.9595,RELAY_CONNECTIVITY_INFEASIBLE,relay_visibility_restored_but_relay_link_margin_failure
PAY-SC4200-PLUS,secondary_sensitivity,obstruction_sensitivity_h80_x30,h80_x30,80.0,0.3,0.0,30,60,240.0,False,True,True,-3.587,-1.567,8.434,False,False,0.36,24.0,False,True,False,False,,,,RELAY_CONNECTIVITY_INFEASIBLE,relay_visibility_restored_but_relay_link_margin_failure
PAY-SC4200-PLUS,secondary_sensitivity,obstruction_sensitivity_h80_x30,h80_x30,80.0,0.3,0.0,40,10,240.0,False,True,True,-6.085,-4.065,5.935,False,False,0.36,24.0,True,False,True,True,,4.1402,0.4641,RELAY_CONNECTIVITY_INFEASIBLE,relay_visibility_restored_but_relay_link_margin_failure
PAY-SC4200-PLUS,secondary_sensitivity,obstruction_sensitivity_h80_x30,h80_x30,80.0,0.3,0.0,40,20,240.0,False,True,True,-6.085,-4.065,5.935,False,False,0.36,24.0,True,False,True,True,,4.1402,0.4641,RELAY_CONNECTIVITY_INFEASIBLE,relay_visibility_restored_but_relay_link_margin_failure
PAY-SC4200-PLUS,secondary_sensitivity,obstruction_sensitivity_h80_x30,h80_x30,80.0,0.3,0.0,40,30,240.0,False,True,True,-6.085,-4.065,5.935,False,False,0.36,24.0,True,False,True,True,,5.5528,0.5375,RELAY_CONNECTIVITY_INFEASIBLE,relay_visibility_restored_but_relay_link_margin_failure
PAY-SC4200-PLUS,secondary_sensitivity,obstruction_sensitivity_h80_x30,h80_x30,80.0,0.3,0.0,40,45,240.0,False,True,True,-6.085,-4.065,5.935,False,False,0.36,24.0,False,False,True,False,gross_mass|rotor_diameter|vehicle_span,17.694,0.9595,RELAY_CONNECTIVITY_INFEASIBLE,relay_visibility_restored_but_relay_link_margin_failure
PAY-SC4200-PLUS,secondary_sensitivity,obstruction_sensitivity_h80_x30,h80_x30,80.0,0.3,0.0,40,60,240.0,False,True,True,-6.085,-4.065,5.935,False,False,0.36,24.0,False,True,False,False,,,,RELAY_CONNECTIVITY_INFEASIBLE,relay_visibility_restored_but_relay_link_margin_failure
PAY-SC4200-PLUS,secondary_sensitivity,obstruction_sensitivity_h80_x30,h80_x30,80.0,0.3,0.0,60,10,240.0,False,True,True,-9.607,-7.587,2.413,False,False,0.36,24.0,True,False,True,True,,4.1402,0.4641,RELAY_CONNECTIVITY_INFEASIBLE,relay_visibility_restored_but_relay_link_margin_failure
PAY-SC4200-PLUS,secondary_sensitivity,obstruction_sensitivity_h80_x30,h80_x30,80.0,0.3,0.0,60,20,240.0,False,True,True,-9.607,-7.587,2.413,False,False,0.36,24.0,True,False,True,True,,4.1402,0.4641,RELAY_CONNECTIVITY_INFEASIBLE,relay_visibility_restored_but_relay_link_margin_failure
PAY-SC4200-PLUS,secondary_sensitivity,obstruction_sensitivity_h80_x30,h80_x30,80.0,0.3,0.0,60,30,240.0,False,True,True,-9.607,-7.587,2.413,False,False,0.36,24.0,True,False,True,True,,5.5528,0.5375,RELAY_CONNECTIVITY_INFEASIBLE,relay_visibility_restored_but_relay_link_margin_failure
PAY-SC4200-PLUS,secondary_sensitivity,obstruction_sensitivity_h80_x30,h80_x30,80.0,0.3,0.0,60,45,240.0,False,True,True,-9.607,-7.587,2.413,False,False,0.36,24.0,False,False,True,False,gross_mass|rotor_diameter|vehicle_span,17.694,0.9595,RELAY_CONNECTIVITY_INFEASIBLE,relay_visibility_restored_but_relay_link_margin_failure
PAY-SC4200-PLUS,secondary_sensitivity,obstruction_sensitivity_h80_x30,h80_x30,80.0,0.3,0.0,60,60,240.0,False,True,True,-9.607,-7.587,2.413,False,False,0.36,24.0,False,True,False,False,,,,RELAY_CONNECTIVITY_INFEASIBLE,relay_visibility_restored_but_relay_link_margin_failure
PAY-SC4200-PLUS,secondary_sensitivity,obstruction_sensitivity_h80_x45,h80_x45,80.0,0.45,0.0,5,10,60.0,False,False,True,11.975,13.994,23.996,False,False,0.36,24.0,True,False,True,True,,4.1402,0.4641,RELAY_CONNECTIVITY_INFEASIBLE,relay_visibility_failure
PAY-SC4200-PLUS,secondary_sensitivity,obstruction_sensitivity_h80_x45,h80_x45,80.0,0.45,0.0,5,20,60.0,False,False,True,11.975,13.994,23.996,False,False,0.36,24.0,True,False,True,True,,4.1402,0.4641,RELAY_CONNECTIVITY_INFEASIBLE,relay_visibility_failure
PAY-SC4200-PLUS,secondary_sensitivity,obstruction_sensitivity_h80_x45,h80_x45,80.0,0.45,0.0,5,30,60.0,False,False,True,11.975,13.994,23.996,False,False,0.36,24.0,True,False,True,True,,5.5528,0.5375,RELAY_CONNECTIVITY_INFEASIBLE,relay_visibility_failure
PAY-SC4200-PLUS,secondary_sensitivity,obstruction_sensitivity_h80_x45,h80_x45,80.0,0.45,0.0,5,45,60.0,False,False,True,11.975,13.994,23.996,False,False,0.36,24.0,False,False,True,False,gross_mass|rotor_diameter|vehicle_span,17.694,0.9595,RELAY_CONNECTIVITY_INFEASIBLE,relay_visibility_failure
PAY-SC4200-PLUS,secondary_sensitivity,obstruction_sensitivity_h80_x45,h80_x45,80.0,0.45,0.0,5,60,60.0,False,False,True,11.975,13.994,23.996,False,False,0.36,24.0,False,True,False,False,,,,RELAY_CONNECTIVITY_INFEASIBLE,relay_visibility_failure
PAY-SC4200-PLUS,secondary_sensitivity,obstruction_sensitivity_h80_x45,h80_x45,80.0,0.45,0.0,10,10,60.0,False,False,True,5.955,7.976,17.976,False,False,0.36,24.0,True,False,True,True,,4.1402,0.4641,RELAY_CONNECTIVITY_INFEASIBLE,relay_visibility_failure
PAY-SC4200-PLUS,secondary_sensitivity,obstruction_sensitivity_h80_x45,h80_x45,80.0,0.45,0.0,10,20,60.0,False,False,True,5.955,7.976,17.976,False,False,0.36,24.0,True,False,True,True,,4.1402,0.4641,RELAY_CONNECTIVITY_INFEASIBLE,relay_visibility_failure
PAY-SC4200-PLUS,secondary_sensitivity,obstruction_sensitivity_h80_x45,h80_x45,80.0,0.45,0.0,10,30,60.0,False,False,True,5.955,7.976,17.976,False,False,0.36,24.0,True,False,True,True,,5.5528,0.5375,RELAY_CONNECTIVITY_INFEASIBLE,relay_visibility_failure
PAY-SC4200-PLUS,secondary_sensitivity,obstruction_sensitivity_h80_x45,h80_x45,80.0,0.45,0.0,10,45,60.0,False,False,True,5.955,7.976,17.976,False,False,0.36,24.0,False,False,True,False,gross_mass|rotor_diameter|vehicle_span,17.694,0.9595,RELAY_CONNECTIVITY_INFEASIBLE,relay_visibility_failure
PAY-SC4200-PLUS,secondary_sensitivity,obstruction_sensitivity_h80_x45,h80_x45,80.0,0.45,0.0,10,60,60.0,False,False,True,5.955,7.976,17.976,False,False,0.36,24.0,False,True,False,False,,,,RELAY_CONNECTIVITY_INFEASIBLE,relay_visibility_failure
PAY-SC4200-PLUS,secondary_sensitivity,obstruction_sensitivity_h80_x45,h80_x45,80.0,0.45,0.0,20,10,60.0,False,False,True,-0.065,1.956,11.956,False,False,0.36,24.0,True,False,True,True,,4.1402,0.4641,RELAY_CONNECTIVITY_INFEASIBLE,relay_visibility_failure
PAY-SC4200-PLUS,secondary_sensitivity,obstruction_sensitivity_h80_x45,h80_x45,80.0,0.45,0.0,20,20,60.0,False,False,True,-0.065,1.956,11.956,False,False,0.36,24.0,True,False,True,True,,4.1402,0.4641,RELAY_CONNECTIVITY_INFEASIBLE,relay_visibility_failure
PAY-SC4200-PLUS,secondary_sensitivity,obstruction_sensitivity_h80_x45,h80_x45,80.0,0.45,0.0,20,30,60.0,False,False,True,-0.065,1.956,11.956,False,False,0.36,24.0,True,False,True,True,,5.5528,0.5375,RELAY_CONNECTIVITY_INFEASIBLE,relay_visibility_failure
PAY-SC4200-PLUS,secondary_sensitivity,obstruction_sensitivity_h80_x45,h80_x45,80.0,0.45,0.0,20,45,60.0,False,False,True,-0.065,1.956,11.956,False,False,0.36,24.0,False,False,True,False,gross_mass|rotor_diameter|vehicle_span,17.694,0.9595,RELAY_CONNECTIVITY_INFEASIBLE,relay_visibility_failure
PAY-SC4200-PLUS,secondary_sensitivity,obstruction_sensitivity_h80_x45,h80_x45,80.0,0.45,0.0,20,60,60.0,False,False,True,-0.065,1.956,11.956,False,False,0.36,24.0,False,True,False,False,,,,RELAY_CONNECTIVITY_INFEASIBLE,relay_visibility_failure
PAY-SC4200-PLUS,secondary_sensitivity,obstruction_sensitivity_h80_x45,h80_x45,80.0,0.45,0.0,30,10,60.0,False,False,True,-3.587,-1.566,8.434,False,False,0.36,24.0,True,False,True,True,,4.1402,0.4641,RELAY_CONNECTIVITY_INFEASIBLE,relay_visibility_failure
PAY-SC4200-PLUS,secondary_sensitivity,obstruction_sensitivity_h80_x45,h80_x45,80.0,0.45,0.0,30,20,60.0,False,False,True,-3.587,-1.566,8.434,False,False,0.36,24.0,True,False,True,True,,4.1402,0.4641,RELAY_CONNECTIVITY_INFEASIBLE,relay_visibility_failure
PAY-SC4200-PLUS,secondary_sensitivity,obstruction_sensitivity_h80_x45,h80_x45,80.0,0.45,0.0,30,30,60.0,False,False,True,-3.587,-1.566,8.434,False,False,0.36,24.0,True,False,True,True,,5.5528,0.5375,RELAY_CONNECTIVITY_INFEASIBLE,relay_visibility_failure
PAY-SC4200-PLUS,secondary_sensitivity,obstruction_sensitivity_h80_x45,h80_x45,80.0,0.45,0.0,30,45,60.0,False,False,True,-3.587,-1.566,8.434,False,False,0.36,24.0,False,False,True,False,gross_mass|rotor_diameter|vehicle_span,17.694,0.9595,RELAY_CONNECTIVITY_INFEASIBLE,relay_visibility_failure
PAY-SC4200-PLUS,secondary_sensitivity,obstruction_sensitivity_h80_x45,h80_x45,80.0,0.45,0.0,30,60,60.0,False,False,True,-3.587,-1.566,8.434,False,False,0.36,24.0,False,True,False,False,,,,RELAY_CONNECTIVITY_INFEASIBLE,relay_visibility_failure
PAY-SC4200-PLUS,secondary_sensitivity,obstruction_sensitivity_h80_x45,h80_x45,80.0,0.45,0.0,40,10,60.0,False,False,True,-6.085,-4.065,5.935,False,False,0.36,24.0,True,False,True,True,,4.1402,0.4641,RELAY_CONNECTIVITY_INFEASIBLE,relay_visibility_failure
PAY-SC4200-PLUS,secondary_sensitivity,obstruction_sensitivity_h80_x45,h80_x45,80.0,0.45,0.0,40,20,60.0,False,False,True,-6.085,-4.065,5.935,False,False,0.36,24.0,True,False,True,True,,4.1402,0.4641,RELAY_CONNECTIVITY_INFEASIBLE,relay_visibility_failure
PAY-SC4200-PLUS,secondary_sensitivity,obstruction_sensitivity_h80_x45,h80_x45,80.0,0.45,0.0,40,30,60.0,False,False,True,-6.085,-4.065,5.935,False,False,0.36,24.0,True,False,True,True,,5.5528,0.5375,RELAY_CONNECTIVITY_INFEASIBLE,relay_visibility_failure
PAY-SC4200-PLUS,secondary_sensitivity,obstruction_sensitivity_h80_x45,h80_x45,80.0,0.45,0.0,40,45,60.0,False,False,True,-6.085,-4.065,5.935,False,False,0.36,24.0,False,False,True,False,gross_mass|rotor_diameter|vehicle_span,17.694,0.9595,RELAY_CONNECTIVITY_INFEASIBLE,relay_visibility_failure
PAY-SC4200-PLUS,secondary_sensitivity,obstruction_sensitivity_h80_x45,h80_x45,80.0,0.45,0.0,40,60,60.0,False,False,True,-6.085,-4.065,5.935,False,False,0.36,24.0,False,True,False,False,,,,RELAY_CONNECTIVITY_INFEASIBLE,relay_visibility_failure
PAY-SC4200-PLUS,secondary_sensitivity,obstruction_sensitivity_h80_x45,h80_x45,80.0,0.45,0.0,60,10,60.0,False,False,True,-9.607,-7.587,2.413,False,False,0.36,24.0,True,False,True,True,,4.1402,0.4641,RELAY_CONNECTIVITY_INFEASIBLE,relay_visibility_failure
PAY-SC4200-PLUS,secondary_sensitivity,obstruction_sensitivity_h80_x45,h80_x45,80.0,0.45,0.0,60,20,60.0,False,False,True,-9.607,-7.587,2.413,False,False,0.36,24.0,True,False,True,True,,4.1402,0.4641,RELAY_CONNECTIVITY_INFEASIBLE,relay_visibility_failure
PAY-SC4200-PLUS,secondary_sensitivity,obstruction_sensitivity_h80_x45,h80_x45,80.0,0.45,0.0,60,30,60.0,False,False,True,-9.607,-7.587,2.413,False,False,0.36,24.0,True,False,True,True,,5.5528,0.5375,RELAY_CONNECTIVITY_INFEASIBLE,relay_visibility_failure
PAY-SC4200-PLUS,secondary_sensitivity,obstruction_sensitivity_h80_x45,h80_x45,80.0,0.45,0.0,60,45,60.0,False,False,True,-9.607,-7.587,2.413,False,False,0.36,24.0,False,False,True,False,gross_mass|rotor_diameter|vehicle_span,17.694,0.9595,RELAY_CONNECTIVITY_INFEASIBLE,relay_visibility_failure
PAY-SC4200-PLUS,secondary_sensitivity,obstruction_sensitivity_h80_x45,h80_x45,80.0,0.45,0.0,60,60,60.0,False,False,True,-9.607,-7.587,2.413,False,False,0.36,24.0,False,True,False,False,,,,RELAY_CONNECTIVITY_INFEASIBLE,relay_visibility_failure
PAY-SC4200-PLUS,secondary_sensitivity,obstruction_sensitivity_h80_x45,h80_x45,80.0,0.45,0.0,5,10,120.0,False,True,True,11.975,13.987,23.997,False,True,0.36,24.0,True,False,True,True,,4.1402,0.4641,RELAY_BENEFICIAL_AND_FEASIBLE,direct_visibility_loss_relay_visibility_restoration
PAY-SC4200-PLUS,secondary_sensitivity,obstruction_sensitivity_h80_x45,h80_x45,80.0,0.45,0.0,5,20,120.0,False,True,True,11.975,13.987,23.997,False,True,0.36,24.0,True,False,True,True,,4.1402,0.4641,RELAY_BENEFICIAL_AND_FEASIBLE,direct_visibility_loss_relay_visibility_restoration
PAY-SC4200-PLUS,secondary_sensitivity,obstruction_sensitivity_h80_x45,h80_x45,80.0,0.45,0.0,5,30,120.0,False,True,True,11.975,13.987,23.997,False,True,0.36,24.0,True,False,True,True,,5.5528,0.5375,RELAY_BENEFICIAL_AND_FEASIBLE,direct_visibility_loss_relay_visibility_restoration
PAY-SC4200-PLUS,secondary_sensitivity,obstruction_sensitivity_h80_x45,h80_x45,80.0,0.45,0.0,5,45,120.0,False,True,True,11.975,13.987,23.997,False,True,0.36,24.0,False,False,True,False,gross_mass|rotor_diameter|vehicle_span,17.694,0.9595,MASS_CLOSED_PRACTICAL_CONSTRAINT_FAILURE,finite_closure_exceeds_practical_analysis_boundary
PAY-SC4200-PLUS,secondary_sensitivity,obstruction_sensitivity_h80_x45,h80_x45,80.0,0.45,0.0,5,60,120.0,False,True,True,11.975,13.987,23.997,False,True,0.36,24.0,False,True,False,False,,,,RELAY_FUNCTIONAL_VEHICLE_RESOURCE_FAILURE,endurance_driven_mathematical_nonclosure
PAY-SC4200-PLUS,secondary_sensitivity,obstruction_sensitivity_h80_x45,h80_x45,80.0,0.45,0.0,10,10,120.0,False,True,True,5.955,7.974,17.976,False,True,0.36,24.0,True,False,True,True,,4.1402,0.4641,RELAY_BENEFICIAL_AND_FEASIBLE,direct_visibility_loss_relay_visibility_restoration
PAY-SC4200-PLUS,secondary_sensitivity,obstruction_sensitivity_h80_x45,h80_x45,80.0,0.45,0.0,10,20,120.0,False,True,True,5.955,7.974,17.976,False,True,0.36,24.0,True,False,True,True,,4.1402,0.4641,RELAY_BENEFICIAL_AND_FEASIBLE,direct_visibility_loss_relay_visibility_restoration
PAY-SC4200-PLUS,secondary_sensitivity,obstruction_sensitivity_h80_x45,h80_x45,80.0,0.45,0.0,10,30,120.0,False,True,True,5.955,7.974,17.976,False,True,0.36,24.0,True,False,True,True,,5.5528,0.5375,RELAY_BENEFICIAL_AND_FEASIBLE,direct_visibility_loss_relay_visibility_restoration
PAY-SC4200-PLUS,secondary_sensitivity,obstruction_sensitivity_h80_x45,h80_x45,80.0,0.45,0.0,10,45,120.0,False,True,True,5.955,7.974,17.976,False,True,0.36,24.0,False,False,True,False,gross_mass|rotor_diameter|vehicle_span,17.694,0.9595,MASS_CLOSED_PRACTICAL_CONSTRAINT_FAILURE,finite_closure_exceeds_practical_analysis_boundary
PAY-SC4200-PLUS,secondary_sensitivity,obstruction_sensitivity_h80_x45,h80_x45,80.0,0.45,0.0,10,60,120.0,False,True,True,5.955,7.974,17.976,False,True,0.36,24.0,False,True,False,False,,,,RELAY_FUNCTIONAL_VEHICLE_RESOURCE_FAILURE,endurance_driven_mathematical_nonclosure
PAY-SC4200-PLUS,secondary_sensitivity,obstruction_sensitivity_h80_x45,h80_x45,80.0,0.45,0.0,20,10,120.0,False,True,True,-0.065,1.955,11.956,False,True,0.36,24.0,True,False,True,True,,4.1402,0.4641,RELAY_BENEFICIAL_AND_FEASIBLE,direct_visibility_loss_relay_visibility_restoration
PAY-SC4200-PLUS,secondary_sensitivity,obstruction_sensitivity_h80_x45,h80_x45,80.0,0.45,0.0,20,20,120.0,False,True,True,-0.065,1.955,11.956,False,True,0.36,24.0,True,False,True,True,,4.1402,0.4641,RELAY_BENEFICIAL_AND_FEASIBLE,direct_visibility_loss_relay_visibility_restoration
PAY-SC4200-PLUS,secondary_sensitivity,obstruction_sensitivity_h80_x45,h80_x45,80.0,0.45,0.0,20,30,120.0,False,True,True,-0.065,1.955,11.956,False,True,0.36,24.0,True,False,True,True,,5.5528,0.5375,RELAY_BENEFICIAL_AND_FEASIBLE,direct_visibility_loss_relay_visibility_restoration
PAY-SC4200-PLUS,secondary_sensitivity,obstruction_sensitivity_h80_x45,h80_x45,80.0,0.45,0.0,20,45,120.0,False,True,True,-0.065,1.955,11.956,False,True,0.36,24.0,False,False,True,False,gross_mass|rotor_diameter|vehicle_span,17.694,0.9595,MASS_CLOSED_PRACTICAL_CONSTRAINT_FAILURE,finite_closure_exceeds_practical_analysis_boundary
PAY-SC4200-PLUS,secondary_sensitivity,obstruction_sensitivity_h80_x45,h80_x45,80.0,0.45,0.0,20,60,120.0,False,True,True,-0.065,1.955,11.956,False,True,0.36,24.0,False,True,False,False,,,,RELAY_FUNCTIONAL_VEHICLE_RESOURCE_FAILURE,endurance_driven_mathematical_nonclosure
PAY-SC4200-PLUS,secondary_sensitivity,obstruction_sensitivity_h80_x45,h80_x45,80.0,0.45,0.0,30,10,120.0,False,True,True,-3.587,-1.566,8.434,False,False,0.36,24.0,True,False,True,True,,4.1402,0.4641,RELAY_CONNECTIVITY_INFEASIBLE,relay_visibility_restored_but_relay_link_margin_failure
PAY-SC4200-PLUS,secondary_sensitivity,obstruction_sensitivity_h80_x45,h80_x45,80.0,0.45,0.0,30,20,120.0,False,True,True,-3.587,-1.566,8.434,False,False,0.36,24.0,True,False,True,True,,4.1402,0.4641,RELAY_CONNECTIVITY_INFEASIBLE,relay_visibility_restored_but_relay_link_margin_failure
PAY-SC4200-PLUS,secondary_sensitivity,obstruction_sensitivity_h80_x45,h80_x45,80.0,0.45,0.0,30,30,120.0,False,True,True,-3.587,-1.566,8.434,False,False,0.36,24.0,True,False,True,True,,5.5528,0.5375,RELAY_CONNECTIVITY_INFEASIBLE,relay_visibility_restored_but_relay_link_margin_failure
PAY-SC4200-PLUS,secondary_sensitivity,obstruction_sensitivity_h80_x45,h80_x45,80.0,0.45,0.0,30,45,120.0,False,True,True,-3.587,-1.566,8.434,False,False,0.36,24.0,False,False,True,False,gross_mass|rotor_diameter|vehicle_span,17.694,0.9595,RELAY_CONNECTIVITY_INFEASIBLE,relay_visibility_restored_but_relay_link_margin_failure
PAY-SC4200-PLUS,secondary_sensitivity,obstruction_sensitivity_h80_x45,h80_x45,80.0,0.45,0.0,30,60,120.0,False,True,True,-3.587,-1.566,8.434,False,False,0.36,24.0,False,True,False,False,,,,RELAY_CONNECTIVITY_INFEASIBLE,relay_visibility_restored_but_relay_link_margin_failure
PAY-SC4200-PLUS,secondary_sensitivity,obstruction_sensitivity_h80_x45,h80_x45,80.0,0.45,0.0,40,10,120.0,False,True,True,-6.085,-4.065,5.935,False,False,0.36,24.0,True,False,True,True,,4.1402,0.4641,RELAY_CONNECTIVITY_INFEASIBLE,relay_visibility_restored_but_relay_link_margin_failure
PAY-SC4200-PLUS,secondary_sensitivity,obstruction_sensitivity_h80_x45,h80_x45,80.0,0.45,0.0,40,20,120.0,False,True,True,-6.085,-4.065,5.935,False,False,0.36,24.0,True,False,True,True,,4.1402,0.4641,RELAY_CONNECTIVITY_INFEASIBLE,relay_visibility_restored_but_relay_link_margin_failure
PAY-SC4200-PLUS,secondary_sensitivity,obstruction_sensitivity_h80_x45,h80_x45,80.0,0.45,0.0,40,30,120.0,False,True,True,-6.085,-4.065,5.935,False,False,0.36,24.0,True,False,True,True,,5.5528,0.5375,RELAY_CONNECTIVITY_INFEASIBLE,relay_visibility_restored_but_relay_link_margin_failure
PAY-SC4200-PLUS,secondary_sensitivity,obstruction_sensitivity_h80_x45,h80_x45,80.0,0.45,0.0,40,45,120.0,False,True,True,-6.085,-4.065,5.935,False,False,0.36,24.0,False,False,True,False,gross_mass|rotor_diameter|vehicle_span,17.694,0.9595,RELAY_CONNECTIVITY_INFEASIBLE,relay_visibility_restored_but_relay_link_margin_failure
PAY-SC4200-PLUS,secondary_sensitivity,obstruction_sensitivity_h80_x45,h80_x45,80.0,0.45,0.0,40,60,120.0,False,True,True,-6.085,-4.065,5.935,False,False,0.36,24.0,False,True,False,False,,,,RELAY_CONNECTIVITY_INFEASIBLE,relay_visibility_restored_but_relay_link_margin_failure
PAY-SC4200-PLUS,secondary_sensitivity,obstruction_sensitivity_h80_x45,h80_x45,80.0,0.45,0.0,60,10,120.0,False,True,True,-9.607,-7.587,2.413,False,False,0.36,24.0,True,False,True,True,,4.1402,0.4641,RELAY_CONNECTIVITY_INFEASIBLE,relay_visibility_restored_but_relay_link_margin_failure
PAY-SC4200-PLUS,secondary_sensitivity,obstruction_sensitivity_h80_x45,h80_x45,80.0,0.45,0.0,60,20,120.0,False,True,True,-9.607,-7.587,2.413,False,False,0.36,24.0,True,False,True,True,,4.1402,0.4641,RELAY_CONNECTIVITY_INFEASIBLE,relay_visibility_restored_but_relay_link_margin_failure
PAY-SC4200-PLUS,secondary_sensitivity,obstruction_sensitivity_h80_x45,h80_x45,80.0,0.45,0.0,60,30,120.0,False,True,True,-9.607,-7.587,2.413,False,False,0.36,24.0,True,False,True,True,,5.5528,0.5375,RELAY_CONNECTIVITY_INFEASIBLE,relay_visibility_restored_but_relay_link_margin_failure
PAY-SC4200-PLUS,secondary_sensitivity,obstruction_sensitivity_h80_x45,h80_x45,80.0,0.45,0.0,60,45,120.0,False,True,True,-9.607,-7.587,2.413,False,False,0.36,24.0,False,False,True,False,gross_mass|rotor_diameter|vehicle_span,17.694,0.9595,RELAY_CONNECTIVITY_INFEASIBLE,relay_visibility_restored_but_relay_link_margin_failure
PAY-SC4200-PLUS,secondary_sensitivity,obstruction_sensitivity_h80_x45,h80_x45,80.0,0.45,0.0,60,60,120.0,False,True,True,-9.607,-7.587,2.413,False,False,0.36,24.0,False,True,False,False,,,,RELAY_CONNECTIVITY_INFEASIBLE,relay_visibility_restored_but_relay_link_margin_failure
PAY-SC4200-PLUS,secondary_sensitivity,obstruction_sensitivity_h80_x45,h80_x45,80.0,0.45,0.0,5,10,240.0,False,True,True,11.975,13.957,23.983,False,True,0.36,24.0,True,False,True,True,,4.1402,0.4641,RELAY_BENEFICIAL_AND_FEASIBLE,direct_visibility_loss_relay_visibility_restoration
PAY-SC4200-PLUS,secondary_sensitivity,obstruction_sensitivity_h80_x45,h80_x45,80.0,0.45,0.0,5,20,240.0,False,True,True,11.975,13.957,23.983,False,True,0.36,24.0,True,False,True,True,,4.1402,0.4641,RELAY_BENEFICIAL_AND_FEASIBLE,direct_visibility_loss_relay_visibility_restoration
PAY-SC4200-PLUS,secondary_sensitivity,obstruction_sensitivity_h80_x45,h80_x45,80.0,0.45,0.0,5,30,240.0,False,True,True,11.975,13.957,23.983,False,True,0.36,24.0,True,False,True,True,,5.5528,0.5375,RELAY_BENEFICIAL_AND_FEASIBLE,direct_visibility_loss_relay_visibility_restoration
PAY-SC4200-PLUS,secondary_sensitivity,obstruction_sensitivity_h80_x45,h80_x45,80.0,0.45,0.0,5,45,240.0,False,True,True,11.975,13.957,23.983,False,True,0.36,24.0,False,False,True,False,gross_mass|rotor_diameter|vehicle_span,17.694,0.9595,MASS_CLOSED_PRACTICAL_CONSTRAINT_FAILURE,finite_closure_exceeds_practical_analysis_boundary
PAY-SC4200-PLUS,secondary_sensitivity,obstruction_sensitivity_h80_x45,h80_x45,80.0,0.45,0.0,5,60,240.0,False,True,True,11.975,13.957,23.983,False,True,0.36,24.0,False,True,False,False,,,,RELAY_FUNCTIONAL_VEHICLE_RESOURCE_FAILURE,endurance_driven_mathematical_nonclosure
PAY-SC4200-PLUS,secondary_sensitivity,obstruction_sensitivity_h80_x45,h80_x45,80.0,0.45,0.0,10,10,240.0,False,True,True,5.955,7.966,17.973,False,True,0.36,24.0,True,False,True,True,,4.1402,0.4641,RELAY_BENEFICIAL_AND_FEASIBLE,direct_visibility_loss_relay_visibility_restoration
PAY-SC4200-PLUS,secondary_sensitivity,obstruction_sensitivity_h80_x45,h80_x45,80.0,0.45,0.0,10,20,240.0,False,True,True,5.955,7.966,17.973,False,True,0.36,24.0,True,False,True,True,,4.1402,0.4641,RELAY_BENEFICIAL_AND_FEASIBLE,direct_visibility_loss_relay_visibility_restoration
PAY-SC4200-PLUS,secondary_sensitivity,obstruction_sensitivity_h80_x45,h80_x45,80.0,0.45,0.0,10,30,240.0,False,True,True,5.955,7.966,17.973,False,True,0.36,24.0,True,False,True,True,,5.5528,0.5375,RELAY_BENEFICIAL_AND_FEASIBLE,direct_visibility_loss_relay_visibility_restoration
PAY-SC4200-PLUS,secondary_sensitivity,obstruction_sensitivity_h80_x45,h80_x45,80.0,0.45,0.0,10,45,240.0,False,True,True,5.955,7.966,17.973,False,True,0.36,24.0,False,False,True,False,gross_mass|rotor_diameter|vehicle_span,17.694,0.9595,MASS_CLOSED_PRACTICAL_CONSTRAINT_FAILURE,finite_closure_exceeds_practical_analysis_boundary
PAY-SC4200-PLUS,secondary_sensitivity,obstruction_sensitivity_h80_x45,h80_x45,80.0,0.45,0.0,10,60,240.0,False,True,True,5.955,7.966,17.973,False,True,0.36,24.0,False,True,False,False,,,,RELAY_FUNCTIONAL_VEHICLE_RESOURCE_FAILURE,endurance_driven_mathematical_nonclosure
PAY-SC4200-PLUS,secondary_sensitivity,obstruction_sensitivity_h80_x45,h80_x45,80.0,0.45,0.0,20,10,240.0,False,True,True,-0.065,1.953,11.955,False,True,0.36,24.0,True,False,True,True,,4.1402,0.4641,RELAY_BENEFICIAL_AND_FEASIBLE,direct_visibility_loss_relay_visibility_restoration
PAY-SC4200-PLUS,secondary_sensitivity,obstruction_sensitivity_h80_x45,h80_x45,80.0,0.45,0.0,20,20,240.0,False,True,True,-0.065,1.953,11.955,False,True,0.36,24.0,True,False,True,True,,4.1402,0.4641,RELAY_BENEFICIAL_AND_FEASIBLE,direct_visibility_loss_relay_visibility_restoration
PAY-SC4200-PLUS,secondary_sensitivity,obstruction_sensitivity_h80_x45,h80_x45,80.0,0.45,0.0,20,30,240.0,False,True,True,-0.065,1.953,11.955,False,True,0.36,24.0,True,False,True,True,,5.5528,0.5375,RELAY_BENEFICIAL_AND_FEASIBLE,direct_visibility_loss_relay_visibility_restoration
PAY-SC4200-PLUS,secondary_sensitivity,obstruction_sensitivity_h80_x45,h80_x45,80.0,0.45,0.0,20,45,240.0,False,True,True,-0.065,1.953,11.955,False,True,0.36,24.0,False,False,True,False,gross_mass|rotor_diameter|vehicle_span,17.694,0.9595,MASS_CLOSED_PRACTICAL_CONSTRAINT_FAILURE,finite_closure_exceeds_practical_analysis_boundary
PAY-SC4200-PLUS,secondary_sensitivity,obstruction_sensitivity_h80_x45,h80_x45,80.0,0.45,0.0,20,60,240.0,False,True,True,-0.065,1.953,11.955,False,True,0.36,24.0,False,True,False,False,,,,RELAY_FUNCTIONAL_VEHICLE_RESOURCE_FAILURE,endurance_driven_mathematical_nonclosure
PAY-SC4200-PLUS,secondary_sensitivity,obstruction_sensitivity_h80_x45,h80_x45,80.0,0.45,0.0,30,10,240.0,False,True,True,-3.587,-1.567,8.434,False,False,0.36,24.0,True,False,True,True,,4.1402,0.4641,RELAY_CONNECTIVITY_INFEASIBLE,relay_visibility_restored_but_relay_link_margin_failure
PAY-SC4200-PLUS,secondary_sensitivity,obstruction_sensitivity_h80_x45,h80_x45,80.0,0.45,0.0,30,20,240.0,False,True,True,-3.587,-1.567,8.434,False,False,0.36,24.0,True,False,True,True,,4.1402,0.4641,RELAY_CONNECTIVITY_INFEASIBLE,relay_visibility_restored_but_relay_link_margin_failure
PAY-SC4200-PLUS,secondary_sensitivity,obstruction_sensitivity_h80_x45,h80_x45,80.0,0.45,0.0,30,30,240.0,False,True,True,-3.587,-1.567,8.434,False,False,0.36,24.0,True,False,True,True,,5.5528,0.5375,RELAY_CONNECTIVITY_INFEASIBLE,relay_visibility_restored_but_relay_link_margin_failure
PAY-SC4200-PLUS,secondary_sensitivity,obstruction_sensitivity_h80_x45,h80_x45,80.0,0.45,0.0,30,45,240.0,False,True,True,-3.587,-1.567,8.434,False,False,0.36,24.0,False,False,True,False,gross_mass|rotor_diameter|vehicle_span,17.694,0.9595,RELAY_CONNECTIVITY_INFEASIBLE,relay_visibility_restored_but_relay_link_margin_failure
PAY-SC4200-PLUS,secondary_sensitivity,obstruction_sensitivity_h80_x45,h80_x45,80.0,0.45,0.0,30,60,240.0,False,True,True,-3.587,-1.567,8.434,False,False,0.36,24.0,False,True,False,False,,,,RELAY_CONNECTIVITY_INFEASIBLE,relay_visibility_restored_but_relay_link_margin_failure
PAY-SC4200-PLUS,secondary_sensitivity,obstruction_sensitivity_h80_x45,h80_x45,80.0,0.45,0.0,40,10,240.0,False,True,True,-6.085,-4.065,5.935,False,False,0.36,24.0,True,False,True,True,,4.1402,0.4641,RELAY_CONNECTIVITY_INFEASIBLE,relay_visibility_restored_but_relay_link_margin_failure
PAY-SC4200-PLUS,secondary_sensitivity,obstruction_sensitivity_h80_x45,h80_x45,80.0,0.45,0.0,40,20,240.0,False,True,True,-6.085,-4.065,5.935,False,False,0.36,24.0,True,False,True,True,,4.1402,0.4641,RELAY_CONNECTIVITY_INFEASIBLE,relay_visibility_restored_but_relay_link_margin_failure
PAY-SC4200-PLUS,secondary_sensitivity,obstruction_sensitivity_h80_x45,h80_x45,80.0,0.45,0.0,40,30,240.0,False,True,True,-6.085,-4.065,5.935,False,False,0.36,24.0,True,False,True,True,,5.5528,0.5375,RELAY_CONNECTIVITY_INFEASIBLE,relay_visibility_restored_but_relay_link_margin_failure
PAY-SC4200-PLUS,secondary_sensitivity,obstruction_sensitivity_h80_x45,h80_x45,80.0,0.45,0.0,40,45,240.0,False,True,True,-6.085,-4.065,5.935,False,False,0.36,24.0,False,False,True,False,gross_mass|rotor_diameter|vehicle_span,17.694,0.9595,RELAY_CONNECTIVITY_INFEASIBLE,relay_visibility_restored_but_relay_link_margin_failure
PAY-SC4200-PLUS,secondary_sensitivity,obstruction_sensitivity_h80_x45,h80_x45,80.0,0.45,0.0,40,60,240.0,False,True,True,-6.085,-4.065,5.935,False,False,0.36,24.0,False,True,False,False,,,,RELAY_CONNECTIVITY_INFEASIBLE,relay_visibility_restored_but_relay_link_margin_failure
PAY-SC4200-PLUS,secondary_sensitivity,obstruction_sensitivity_h80_x45,h80_x45,80.0,0.45,0.0,60,10,240.0,False,True,True,-9.607,-7.587,2.413,False,False,0.36,24.0,True,False,True,True,,4.1402,0.4641,RELAY_CONNECTIVITY_INFEASIBLE,relay_visibility_restored_but_relay_link_margin_failure
PAY-SC4200-PLUS,secondary_sensitivity,obstruction_sensitivity_h80_x45,h80_x45,80.0,0.45,0.0,60,20,240.0,False,True,True,-9.607,-7.587,2.413,False,False,0.36,24.0,True,False,True,True,,4.1402,0.4641,RELAY_CONNECTIVITY_INFEASIBLE,relay_visibility_restored_but_relay_link_margin_failure
PAY-SC4200-PLUS,secondary_sensitivity,obstruction_sensitivity_h80_x45,h80_x45,80.0,0.45,0.0,60,30,240.0,False,True,True,-9.607,-7.587,2.413,False,False,0.36,24.0,True,False,True,True,,5.5528,0.5375,RELAY_CONNECTIVITY_INFEASIBLE,relay_visibility_restored_but_relay_link_margin_failure
PAY-SC4200-PLUS,secondary_sensitivity,obstruction_sensitivity_h80_x45,h80_x45,80.0,0.45,0.0,60,45,240.0,False,True,True,-9.607,-7.587,2.413,False,False,0.36,24.0,False,False,True,False,gross_mass|rotor_diameter|vehicle_span,17.694,0.9595,RELAY_CONNECTIVITY_INFEASIBLE,relay_visibility_restored_but_relay_link_margin_failure
PAY-SC4200-PLUS,secondary_sensitivity,obstruction_sensitivity_h80_x45,h80_x45,80.0,0.45,0.0,60,60,240.0,False,True,True,-9.607,-7.587,2.413,False,False,0.36,24.0,False,True,False,False,,,,RELAY_CONNECTIVITY_INFEASIBLE,relay_visibility_restored_but_relay_link_margin_failure
